{"test_questions": [[{"question": "3 pumps, working 8 hours a day, can empty a tank in 2 days. How many hours a day must 4 pumps work to empty the tank in 1 day?", "opta": "9", "optb": "10", "optc": "11", "optd": "12", "ans": "D", "explanation": "Let the required number of working hours per day be x.\nMore pumps, Less working hours per day (Indirect Proportion)\nLess days, More working hours per day (Indirect Proportion)\n\n\n\nPumps\n4\n:\n3\n\n:: 8 : x\n\n\nDays\n1\n:\n2\n\n\n\n 4 x 1 x x = 3 x 2 x 8\n\n\n\n x =\n(3 x 2 x 8)\n\n\n(4)\n\n\n\n x = 12."}, {"question": "If the cost of x metres of wire is d rupees, then what is the cost of y metres of wire at the same rate?", "opta": "Rs.\n\nxy\n\n\n\nd", "optb": "", "ans": "D", "explanation": "Cost of x metres = Rs. d.\n\n\n\nCost of 1 metre = Rs.\n\nd\n\n\n\nx\n\n\n\n\n\n\nCost of y metres = Rs.\n\nd\n. y\n\n= Rs.\n\nyd\n.\n\n\nx\nx"}, {"question": "Running at the same constant rate, 6 identical machines can produce a total of 270 bottles per minute. At this rate, how many bottles could 10 such machines produce in 4 minutes?", "opta": "648", "optb": "1800", "optc": "2700", "optd": "10800", "ans": "B", "explanation": "Let the required number of bottles be x.\nMore machines, More bottles (Direct Proportion)\nMore minutes, More bottles (Direct Proportion)\n\n\n\nMachines\n6\n:\n10\n\n:: 270 : x\n\n\nTime (in minutes)\n1\n:\n4\n\n\n\n 6 x 1 x x = 10 x 4 x 270\n\n\n\n x =\n(10 x 4 x 270)\n\n\n(6)\n\n\n\n x = 1800."}, {"question": "A fort had provision of food for 150 men for 45 days. After 10 days, 25 men left the fort. The number of days for which the remaining food will last, is:", "opta": "29\n1\n\n\n5", "optb": "1", "ans": "C", "explanation": "After 10 days : 150 men had food for 35 days.\nSuppose 125 men had food for x days.\nNow, Less men, More days (Indirect Proportion)\n  125 : 150 :: 35 : x \u00a0\u00a0  \u00a0\u00a0 125 x x = 150 x 35\n\n\n\n x = \n150 x 35\n\n\n125\n\n\n\n x = 42."}, {"question": "39 persons can repair a road in 12 days, working 5 hours a day. In how many days will 30 persons, working 6 hours a day, complete the work?", "opta": "10", "optb": "13", "optc": "14", "optd": "15", "ans": "B", "explanation": "Let the required number of days be x.\nLess persons, More days (Indirect Proportion)\nMore working hours per day, Less days (Indirect Proportion)\n\n\n\nPersons\n30\n:\n39\n\n:: 12 : x\n\n\nWorking hours/day\n6\n:\n5\n\n\n\n 30 x 6 x x = 39 x 5 x 12\n\n\n\n x =\n(39 x 5 x 12)\n\n\n(30 x 6)\n\n\n\n x = 13."}, {"question": "A man completes  of a job in 10 days. At this rate, how many more days will it takes him to finish the job?", "opta": "5", "optb": "6", "ans": "B", "explanation": "Work done =\n5\n\n\n8\n\n\n\n\n\nBalance work =\n\n1 -\n5\n\n=\n3\n\n\n8\n8\n\n\n\nLet the required number of days be x.\n\n\n\nThen,\n5\n:\n3\n= :: 10 : x\n\u00a0  \u00a0\n5\nx x =\n3\nx 10\n\n\n8\n8\n8\n8\n\n\n\n\n\n\n x =\n\n3\nx 10 x\n8\n\n\n\n8\n5\n\n\n\n x = 6."}, {"question": "If a quarter kg of potato costs 60 paise, how many paise will 200 gm cost?", "opta": "48 paise", "optb": "54 paise", "optc": "56 paise", "optd": "72 paise", "ans": "A", "explanation": "Let the required weight be x kg.\nLess weight, Less cost (Direct Proportion)\n 250 : 200 :: 60 : x \u00a0\u00a0 \u00a0\u00a0 250 x x = (200 x 60)\n\n\n\n x=\n(200 x 60)\n\n\n250\n\n\n\n x = 48."}, {"question": "In a dairy farm, 40 cows eat 40 bags of husk in 40 days. In how many days one cow will eat one bag of husk?", "opta": "1", "optb": "1\n\n\n40", "ans": "C", "explanation": "Let the required number of days be x.\nLess cows, More days (Indirect Proportion)\nLess bags, Less days (Direct Proportion)\n\n\n\nCows\n1\n:\n40\n\n:: 40 : x\n\n\nBags\n40\n:\n1\n\n\n\n 1 x 40 x x = 40 x 1 x 40\n x = 40."}, {"question": "A wheel that has 6 cogs is meshed with a larger wheel of 14 cogs. When the smaller wheel has made 21 revolutions, then the number of revolutions mad by the larger wheel is:", "opta": "4", "optb": "9", "optc": "12", "optd": "49", "ans": "B", "explanation": "Let the required number of revolutions made by larger wheel be x.\nThen, More cogs, Less revolutions (Indirect Proportion)\n  14 : 6 :: 21 : x \u00a0\u00a0  \u00a0\u00a0 14 x x = 6 x 21\n\n\n\n x = \n6 x 21\n\n\n14\n\n\n\n x = 9."}, {"question": "If 7 spiders make 7 webs in 7 days, then 1 spider will make 1 web in how many days?", "opta": "1", "optb": "7\n\n\n2", "ans": "C", "explanation": "Let the required number days be x.\nLess spiders, More days (Indirect Proportion)\nLess webs, Less days (Direct Proportion)\n\n\n\nSpiders\n1\n:\n7\n\n:: 7 : x\n\n\nWebs\n7\n:\n1\n\n\n\n 1 x 7 x x = 7 x 1 x 7\n x = 7."}, {"question": "A flagstaff 17.5 m high casts a shadow of length 40.25 m. The height of the building, which casts a shadow of length 28.75 m under similar conditions will be:", "opta": "10 m", "optb": "12.5 m", "optc": "17.5 m", "optd": "21.25 m", "ans": "B", "explanation": "Let the height of the building x metres.\nLess lengthy shadow, Less in the height (Direct Proportion)\n  40.25 : 28.75 :: 17.5 : x \u00a0\u00a0  \u00a0\u00a0 40.25 x x = 28.75 x 17.5\n\n\n\nx = \n28.75 x 17.5\n\n\n40.25\n\n\n\n x = 12.5"}, {"question": "In a camp, there is a meal for 120 men or 200 children. If 150 children have taken the meal, how many men will be catered to with remaining meal?", "opta": "20", "optb": "30", "optc": "40", "optd": "50", "ans": "B", "explanation": "There is a meal for 200 children. 150 children have taken the meal.\nRemaining meal is to be catered to 50 children.\nNow, 200 children  120 men.\n\n\n\n50 children \n\n120\nx 50\n\n= 30 men.\n\n\n200"}, {"question": "An industrial loom weaves 0.128 metres of cloth every second. Approximately, how many seconds will it take for the loom to weave 25 metres of cloth?", "opta": "178", "optb": "195", "optc": "204", "optd": "488", "ans": "B", "explanation": "Le the required time be x seconds.\nMore metres, More time (Direct Proportion)\n  0.128 : 25 :: 1 : x \u00a0\u00a0  \u00a0\u00a0 0.128x = 25 x 1\n\n\n\nx = \n25\n=\n25 x 1000\n\n\n0.128\n128\n\n\n x = 195.31.\n Required time = 195 sec (approximately)."}, {"question": "36 men can complete a piece of work in 18 days. In how many days will 27 men complete the same work?", "opta": "12", "optb": "18", "optc": "22", "optd": "24", "opte": "None of these", "ans": "D", "explanation": "Let the required number of days be x.\nLess men, More days (Indirect Proportion)\n  27 : 36 :: 18 : x \u00a0\u00a0  \u00a0\u00a0 27 x x = 36 x 18\n\n\n\n x = \n36 x 18\n\n\n27\n\n\n\n x = 24."}, {"question": "4 mat-weavers can weave 4 mats in 4 days. At the same rate, how many mats would be woven by 8 mat-weavers in 8 days?", "opta": "4", "optb": "8", "optc": "12", "optd": "16", "ans": "D", "explanation": "Let the required number of bottles be x.\nMore weavers, More mats (Direct Proportion)\nMore days, More mats (Direct Proportion)\n\n\n\nWavers\n4\n:\n8\n\n:: 4 : x\n\n\nDays\n4\n:\n8\n\n\n\n 4 x 4 x x = 8 x 8 x 4\n\n\n\n x =\n(8 x 8 x 4)\n\n\n(4 x 4)\n\n\n\n x = 16."}]]}