{"test_questions": [[{"question": "A can do a work in 15 days and B in 20 days. If they work on it together for 4 days, then the fraction of the work that is left is :", "opta": "1\n\n\n4", "optb": "4", "ans": "D", "explanation": "A's 1 day's work =\n1\n;\n\n\n15\n\n\n\n\n\n\nB's 1 day's work =\n1\n;\n\n\n20\n\n\n\n\n\n\n(A + B)'s 1 day's work =\n\n1\n+\n1\n\n=\n7\n.\n\n\n15\n20\n60\n\n\n\n\n\n\n(A + B)'s 4 day's work =\n\n7\nx 4\n\n=\n7\n.\n\n\n60\n15\n\n\n\n\n\n\nTherefore, Remaining work =\n\n1 -\n7\n\n=\n8\n.\n\n\n15\n15"}, {"question": "A can lay railway track between two given stations in 16 days and B can do the same job in 12 days. With help of C, they did the job in 4 days only. Then, C alone can do the job in:", "opta": "9\n1\ndays\n\n\n5", "optb": "1", "ans": "C", "explanation": "(A + B + C)'s 1 day's work =\n1\n,\n\n\n4\n\n\n\n\n\n\nA's 1 day's work =\n1\n,\n\n\n16\n\n\n\n\n\n\nB's 1 day's work =\n1\n.\n\n\n12\n\n\n\n\n\n\n C's 1 day's work =\n1\n-\n\n1\n+\n1\n\n=\n\n1\n-\n7\n\n=\n5\n.\n\n\n4\n16\n12\n4\n48\n48\n\n\n\n\n\n\nSo, C alone can do the work in\n48\n= 9\n3\ndays.\n\n\n5\n5"}, {"question": "A, B and C can do a piece of work in 20, 30 and 60 days respectively. In how many days can A do the work if he is assisted by B and C on every third day?", "opta": "12 days", "optb": "15 days", "optc": "16 days", "optd": "18 days", "ans": "B", "explanation": "A's 2 day's work =\n\n1\nx 2\n\n=\n1\n.\n\n\n20\n10\n\n\n\n\n\n\n(A + B + C)'s 1 day's work =\n\n1\n+\n1\n+1\n\n=\n6\n=\n1\n.\n\n\n20\n30\n60\n60\n10\n\n\n\n\n\n\nWork done in 3 days =\n\n1\n+\n1\n\n=\n1\n.\n\n\n10\n10\n5\n\n\n\n\n\n\nNow,\n1\nwork is done in 3 days.\n\n\n5\n\n\n\n Whole work will be done in (3 x 5) = 15 days."}, {"question": "A is thrice as good as workman as B and therefore is able to finish a job in 60 days less than B. Working together, they can do it in:", "opta": "20 days", "optb": "22\n1\ndays\n\n\n2", "ans": "B", "explanation": "Ratio of times taken by A and B = 1 : 3.\nThe time difference is (3 - 1) 2 days while B take 3 days and A takes 1 day.\nIf difference of time is 2 days, B takes 3 days.\n\n\n\nIf difference of time is 60 days, B takes\n\n3\nx 60\n\n= 90 days.\n\n\n2\n\n\n\nSo, A takes 30 days to do the work.\n\n\n\nA's 1 day's work =\n1\n\n\n30\n\n\n\n\n\n\nB's 1 day's work =\n1\n\n\n90\n\n\n\n\n\n\n(A + B)'s 1 day's work =\n\n1\n+\n1\n\n=\n4\n=\n2\n\n\n30\n90\n90\n45\n\n\n\n\n\n\n A and B together can do the work in \n45\n= 22\n1\ndays.\n\n\n2\n2"}, {"question": "A alone can do a piece of work in 6 days and B alone in 8 days. A and B undertook to do it for Rs. 3200. With the help of C, they completed the work in 3 days. How much is to be paid to C?", "opta": "Rs. 375", "optb": "Rs. 400", "optc": "Rs. 600", "optd": "Rs. 800", "ans": "B", "explanation": "C's 1 day's work =\n1\n-\n\n1\n+\n1\n\n=\n1\n-\n7\n=\n1\n.\n\n\n3\n6\n8\n3\n24\n24\n\n\n\n\n\n\nA's wages : B's wages : C's wages =\n1\n:\n1\n:\n1\n = 4 : 3 : 1.\n\n\n6\n8\n24\n\n\n\n\n\n\nC's share (for 3 days) = Rs.\n\n3 x\n1\nx 3200\n\n= Rs. 400.\n\n\n24"}, {"question": "If 6 men and 8 boys can do a piece of work in 10 days while 26 men and 48 boys can do the same in 2 days, the time taken by 15 men and 20 boys in doing the same type of work will be:", "opta": "4 days", "optb": "5 days", "optc": "6 days", "optd": "7 days", "ans": "A", "explanation": "Let 1 man's 1 day's work = x and 1 boy's 1 day's work = y.\n\n\n\nThen, 6x + 8y =\n1\nand 26x + 48y =\n1\n.\n\n\n10\n2\n\n\n\n\n\n\nSolving these two equations, we get : x =\n1\nand y =\n1\n.\n\n\n100\n200\n\n\n\n\n\n\n(15 men + 20 boy)'s 1 day's work =\n\n15\n+\n20\n\n=\n1\n.\n\n\n100\n200\n4\n\n\n\n 15 men and 20 boys can do the work in 4 days."}, {"question": "A can do a piece of work in 4 hours; B and C together can do it in 3 hours, while A and C together can do it in 2 hours. How long will B alone take to do it?", "opta": "8 hours", "optb": "10 hours", "optc": "12 hours", "optd": "24 hours", "ans": "C", "explanation": "A's 1 hour's work =\n1\n;\n\n\n4\n\n\n\n\n\n\n(B + C)'s 1 hour's work =\n1\n;\n\n\n3\n\n\n\n\n\n\n(A + C)'s 1 hour's work =\n1\n.\n\n\n2\n\n\n\n\n\n\n(A + B + C)'s 1 hour's work =\n\n1\n+\n1\n\n=\n7\n.\n\n\n4\n3\n12\n\n\n\n\n\n\nB's 1 hour's work =\n\n7\n-\n1\n\n=\n1\n.\n\n\n12\n2\n12\n\n\n\n B alone will take 12 hours to do the work."}, {"question": "A can do a certain work in the same time in which B and C together can do it. If A and B together could do it in 10 days and C alone in 50 days, then B alone could do it in:", "opta": "15 days", "optb": "20 days", "optc": "25 days", "optd": "30 days", "ans": "C", "explanation": "(A + B)'s 1 day's work = \n1\n\n\n10\n\n\n\n\n\n\nC's 1 day's work = \n1\n\n\n50\n\n\n\n\n\n\n(A + B + C)'s 1 day's work =\n\n1\n+\n1\n\n=\n6\n=\n3\n. .... (i)\n\n\n10\n50\n50\n25\n\n\n\nA's 1 day's work = (B + C)'s 1 day's work .... (ii)\n\n\n\nFrom (i) and (ii), we get: 2 x (A's 1 day's work) =\n3\n\n\n25\n\n\n\n\n\n\n A's 1 day's work =\n3\n.\n\n\n50\n\n\n\n\n\n\n B's 1 day's work\n\n1\n-\n3\n\n=\n2\n=\n1\n.\n\n\n10\n50\n50\n25\n\n\n\nSo, B alone could do the work in 25 days."}, {"question": "A does 80% of a work in 20 days. He then calls in B and they together finish the remaining work in 3 days. How long B alone would take to do the whole work?", "opta": "23 days", "optb": "37 days", "optc": "37", "optd": "40 days", "ans": "C", "explanation": "Whole work is done by A in\n\n20 x\n5\n\n= 25 days.\n\n\n4\n\n\n\n\n\n\nNow,\n\n1 -\n4\n\ni.e.,\n1\nwork is done by A and B in 3 days.\n\n\n5\n5\n\n\n\nWhole work will be done by A and B in (3 x 5) = 15 days.\n\n\n\nA's 1 day's work =\n1\n, (A + B)'s 1 day's work =\n1\n.\n\n\n25\n15\n\n\n\n\n\n\n B's 1 day's work =\n\n1\n-\n1\n\n=\n4\n=\n2\n.\n\n\n15\n25\n150\n75\n\n\n\n\n\n\nSo, B alone would do the work in\n75\n= 37\n1\ndays.\n\n\n2\n2"}, {"question": "A machine P can print one lakh books in 8 hours, machine Q can print the same number of books in 10 hours while machine R can print them in 12 hours. All the machines are started at 9 A.M. while machine P is closed at 11 A.M. and the remaining two machines complete work. Approximately at what time will the work (to print one lakh books) be finished ?", "opta": "11:30 A.M.", "optb": "12 noon", "optc": "12:30 P.M.", "optd": "1:00 P.M.", "ans": "D", "explanation": "(P + Q + R)'s 1 hour's work =\n\n1\n+\n1\n+\n1\n\n=\n37\n.\n\n\n8\n10\n12\n120\n\n\n\n\n\n\nWork done by P, Q and R in 2 hours =\n\n37\nx 2\n\n=\n37\n.\n\n\n120\n60\n\n\n\n\n\n\nRemaining work =\n\n1 -\n37\n\n=\n23\n.\n\n\n60\n60\n\n\n\n\n\n\n(Q + R)'s 1 hour's work =\n\n1\n+\n1\n\n=\n11\n.\n\n\n10\n12\n60\n\n\n\n\n\n\nNow,\n11\nwork is done by Q and R in 1 hour.\n\n\n60\n\n\n\n\n\n\nSo,\n23\nwork will be done by Q and R in\n\n60\nx\n23\n\n=\n23\nhours  2 hours. \n\n\n60\n11\n60\n11\n\n\n\nSo, the work will be finished approximately 2 hours after 11 A.M., i.e., around 1 P.M."}, {"question": "A can finish a work in 18 days and B can do the same work in 15 days. B worked for 10 days and left the job. In how many days, A alone can finish the remaining work?", "opta": "5", "optb": "5\n1\n\n\n2", "ans": "C", "explanation": "B's 10 day's work =\n\n1\nx 10\n\n=\n2\n.\n\n\n15\n3\n\n\n\n\n\n\nRemaining work =\n\n1 -\n2\n\n=\n1\n.\n\n\n3\n3\n\n\n\n\n\n\nNow,\n1\nwork is done by A in 1 day.\n\n\n18\n\n\n\n\n\n\n \n1\nwork is done by A in\n\n18 x\n1\n\n= 6 days.\n\n\n3\n3"}, {"question": "4 men and 6 women can complete a work in 8 days, while 3 men and 7 women can complete it in 10 days. In how many days will 10 women complete it?", "opta": "35", "optb": "40", "optc": "45", "optd": "50", "ans": "B", "explanation": "Let 1 man's 1 day's work = x and 1 woman's 1 day's work = y.\n\n\n\nThen, 4x + 6y =\n1\nand 3x + 7y =\n1\n.\n\n\n8\n10\n\n\n\n\n\nSolving the two equations, we get: x =\n11\n, y =\n1\n\n\n400\n400\n\n\n\n\n\n\n 1 woman's 1 day's work =\n1\n.\n\n\n400\n\n\n\n\n\n\n 10 women's 1 day's work =\n\n1\nx 10\n\n=\n1\n.\n\n\n400\n40\n\n\n\nHence, 10 women will complete the work in 40 days."}, {"question": "A and B can together finish a work 30 days. They worked together for 20 days and then B left. After another 20 days, A finished the remaining work. In how many days A alone can finish the work?", "opta": "40", "optb": "50", "optc": "54", "optd": "60", "ans": "D", "explanation": "(A + B)'s 20 day's work =\n\n1\nx 20\n\n=\n2\n.\n\n\n30\n3\n\n\n\n\n\n\nRemaining work =\n\n1 -\n2\n\n=\n1\n.\n\n\n3\n3\n\n\n\n\n\n\nNow,\n1\nwork is done by A in 20 days.\n\n\n3\n\n\n\nTherefore, the whole work will be done by A in (20 x 3) = 60 days."}, {"question": "P can complete a work in 12 days working 8 hours a day. Q can complete the same work in 8 days working 10 hours a day. If both P and Q work together, working 8 hours a day, in how many days can they complete the work?", "opta": "5\n5\n\n\n11", "optb": "5", "ans": "A", "explanation": "P can complete the work in (12 x 8) hrs. = 96 hrs.\nQ can complete the work in (8 x 10) hrs. = 80 hrs.\n\n\n\n P's1 hour's work =\n1\nand Q's 1 hour's work =\n1\n.\n\n\n96\n80\n\n\n\n\n\n\n(P + Q)'s 1 hour's work =\n\n1\n+\n1\n\n=\n11\n.\n\n\n96\n80\n480\n\n\n\n\n\n\nSo, both P and Q will finish the work in\n\n480\n\nhrs.\n\n\n11\n\n\n\n\n\n\n Number of days of 8 hours each =\n\n480\nx\n1\n\n=\n60\ndays = 5\n5\ndays.\n\n\n11\n8\n11\n11"}, {"question": "10 women can complete a work in 7 days and 10 children take 14 days to complete the work. How many days will 5 women and 10 children take to complete the work?", "opta": "3", "optb": "5", "optc": "7", "optd": "Cannot be determined", "opte": "None of these", "ans": "C", "explanation": "1 woman's 1 day's work =\n1\n\n\n70\n\n\n\n\n\n\n1 child's 1 day's work =\n1\n\n\n140\n\n\n\n\n\n\n(5 women + 10 children)'s day's work =\n\n5\n+\n10\n\n=\n\n1\n+\n1\n\n=\n1\n\n\n70\n140\n14\n14\n7\n\n\n\n 5 women and 10 children will complete the work in 7 days."}, {"question": "X and Y can do a piece of work in 20 days and 12 days respectively. X started the work alone and then after 4 days Y joined him till the completion of the work. How long did the work last?", "opta": "6 days", "optb": "10 days", "optc": "15 days", "optd": "20 days", "ans": "B", "explanation": "Work done by X in 4 days =\n\n1\nx 4\n\n=\n1\n.\n\n\n20\n5\n\n\n\n\n\n\nRemaining work =\n\n1 -\n1\n\n=\n4\n.\n\n\n5\n5\n\n\n\n\n\n\n(X + Y)'s 1 day's work =\n\n1\n+\n1\n\n=\n8\n=\n2\n.\n\n\n20\n12\n60\n15\n\n\n\n\n\n\nNow,\n2\nwork is done by X and Y in 1 day.\n\n\n15\n\n\n\n\n\n\nSo,\n4\nwork will be done by X and Y in\n\n15\nx\n4\n\n= 6 days.\n\n\n5\n2\n5\n\n\n\nHence, total time taken = (6 + 4) days = 10 days."}, {"question": "A is 30% more efficient than B. How much time will they, working together, take to complete a job which A alone could have done in 23 days?", "opta": "11 days", "optb": "13 days", "ans": "B", "explanation": "Ratio of times taken by A and B = 100 : 130 = 10 : 13.\nSuppose B takes x days to do the work.\n\n\n\nThen, 10 : 13 :: 23 : x \u00a0 \u00a0  \u00a0 \u00a0 x =\n\n23 x 13\n\n\u00a0 \u00a0  \u00a0 \u00a0 x =\n299\n.\n\n\n10\n10\n\n\n\n\n\n\nA's 1 day's work =\n1\n;\n\n\n23\n\n\n\n\n\n\nB's 1 day's work =\n10\n.\n\n\n299\n\n\n\n\n\n\n(A + B)'s 1 day's work =\n\n1\n+\n10\n\n=\n23\n=\n1\n.\n\n\n23\n299\n299\n13\n\n\n\nTherefore, A and B together can complete the work in 13 days."}, {"question": "Ravi and Kumar are working on an assignment. Ravi takes 6 hours to type 32 pages on a computer, while Kumar takes 5 hours to type 40 pages. How much time will they take, working together on two different computers to type an assignment of 110 pages?", "opta": "7 hours 30 minutes", "optb": "8 hours", "optc": "8 hours 15 minutes", "optd": "8 hours 25 minutes", "ans": "C", "explanation": "Number of pages typed by Ravi in 1 hour =\n32\n=\n16\n.\n\n\n6\n3\n\n\n\n\n\n\nNumber of pages typed by Kumar in 1 hour =\n40\n= 8.\n\n\n5\n\n\n\n\n\n\nNumber of pages typed by both in 1 hour =\n\n16\n+ 8\n\n=\n40\n.\n\n\n3\n3\n\n\n\n\n\n\n Time taken by both to type 110 pages =\n\n110 x\n3\n\nhours\n\n\n40\n\n\n\n\n\n\n= 8\n1\nhours (or) 8 hours 15 minutes.\n\n\n4"}, {"question": "A, B and C can complete a piece of work in 24, 6 and 12 days respectively. Working together, they will complete the same work in:", "opta": "1\nday\n\n\n24", "optb": "day", "ans": "C", "explanation": "Formula: If A can do a piece of work in n days, then A's 1 day's work =\n1\n.\n\n\nn\n\n\n\n\n\n(A + B + C)'s 1 day's work =\n\n1\n+\n1\n+\n1\n\n=\n7\n.\n\n\n24\n6\n12\n24\n\n\n\n\n\nFormula: If A's 1 day's work =\n1\n,\nthen A can finish the work in n days.\n\n\nn\n\n\n\n\n\nSo, all the three together will complete the job in \n\n24\n days\n=\n3\n3\ndays.\n\n7\n7"}, {"question": "Sakshi can do a piece of work in 20 days. Tanya is 25% more efficient than Sakshi. The number of days taken by Tanya to do the same piece of work is:", "opta": "15", "optb": "16", "optc": "18", "optd": "25", "ans": "B", "explanation": "Ratio of times taken by Sakshi and Tanya = 125 : 100 = 5 : 4.\nSuppose Tanya takes x days to do the work.\n\n\n\n5 : 4 :: 20 : x \u00a0\u00a0  x =\n\n4 x 20\n\n\n\n5\n\n\n\n x = 16 days.\nHence, Tanya takes 16 days to complete the work."}, {"question": "A takes twice as much time as B or thrice as much time as C to finish a piece of work. Working together, they can finish the work in 2 days. B can do the work alone in:", "opta": "4 days", "optb": "6 days", "optc": "8 days", "optd": "12 days", "ans": "B", "explanation": "Suppose A, B and C take x, \nx\nand\nx\ndays respectively to finish the work.\n\n\n2\n3\n\n\n\n\n\n\nThen,\n\n1\n+\n2\n+\n3\n\n=\n1\n\n\nx\nx\nx\n2\n\n\n\n\n\n\n \n6\n=\n1\n\n\nx\n2\n\n\n\n x = 12.\nSo, B takes (12/2) = 6 days to finish the work."}, {"question": "A and B can complete a work in 15 days and 10 days respectively. They started doing the work together but after 2 days B had to leave and A alone completed the remaining work. The whole work was completed in :", "opta": "8 days", "optb": "10 days", "optc": "12 days", "optd": "15 days", "ans": "C", "explanation": "(A + B)'s 1 day's work =\n\n1\n+\n1\n\n=\n1\n.\n\n\n15\n10\n6\n\n\n\n\n\n\nWork done by A and B in 2 days =\n\n1\nx 2\n\n=\n1\n.\n\n\n6\n3\n\n\n\n\n\n\nRemaining work =\n\n1 -\n1\n\n=\n2\n.\n\n\n3\n3\n\n\n\n\n\n\nNow,\n1\nwork is done by A in 1 day.\n\n\n15\n\n\n\n\n\n\n \n2\nwork will be done by a in\n\n15 x\n2\n\n= 10 days.\n\n\n3\n3\n\n\n\nHence, the total time taken = (10 + 2) = 12 days."}, {"question": "A and B can do a piece of work in 30 days, while B and C can do the same work in 24 days and C and A in 20 days. They all work together for 10 days when B and C leave. How many days more will A take to finish the work?", "opta": "18 days", "optb": "24 days", "optc": "30 days", "optd": "36 days", "ans": "A", "explanation": "2(A + B + C)'s 1 day's work =\n\n1\n+\n1\n+\n1\n\n=\n15\n=\n1\n.\n\n\n30\n24\n20\n120\n8\n\n\n\n\n\n\nTherefore, (A + B + C)'s 1 day's work =\n1\n=\n1\n.\n\n\n2 x 8\n16\n\n\n\n\n\n\nWork done by A, B, C in 10 days =\n10\n=\n5\n.\n\n\n16\n8\n\n\n\n\n\n\nRemaining work =\n\n1 -\n5\n\n=\n3\n.\n\n\n8\n8\n\n\n\n\n\n\nA's 1 day's work =\n\n1\n-\n1\n\n=\n1\n.\n\n\n16\n24\n48\n\n\n\n\n\n\nNow,\n1\nwork is done by A in 1 day.\n\n\n48\n\n\n\n\n\n\nSo,\n3\nwork will be done by A in\n\n48 x\n3\n\n= 18 days.\n\n\n8\n8"}, {"question": "A works twice as fast as B. If B can complete a work in 12 days independently, the number of days in which A and B can together finish the work in :", "opta": "4 days", "optb": "6 days", "optc": "8 days", "optd": "18 days", "ans": "A", "explanation": "Ratio of rates of working of A and B = 2 : 1.\nSo, ratio of times taken = 1 : 2.\n\n\n\nB's 1 day's work =\n1\n.\n\n\n12\n\n\n\n\n\n\n A's 1 day's work =\n1\n; (2 times of B's work)\n\n\n6\n\n\n\n\n\n\n(A + B)'s 1 day's work =\n\n1\n+\n1\n\n=\n3\n=\n1\n.\n\n\n6\n12\n12\n4\n\n\n\nSo, A and B together can finish the work in 4 days."}, {"question": "Twenty women can do a work in sixteen days. Sixteen men can complete the same work in fifteen days. What is the ratio between the capacity of a man and a woman?", "opta": "3 : 4", "optb": "4 : 3", "optc": "5 : 3", "optd": "Data inadequate", "ans": "B", "explanation": "(20 x 16) women can complete the work in 1 day.\n\n\n\n 1 woman's 1 day's work =\n1\n.\n\n\n320\n\n\n\n(16 x 15) men can complete the work in 1 day.\n\n\n\n 1 man's 1 day's work =\n1\n\n\n240\n\n\n\n\n\n\nSo, required ratio\n\n\n\n=\n1\n:\n1\n\n\n240\n320\n\n\n\n\n\n\n\n\n\n=\n1\n:\n1\n\n\n3\n4\n\n\n\n\n\n\n= 4 : 3 (cross multiplied)"}, {"question": "A and B can do a work in 8 days, B and C can do the same work in 12 days. A, B and C together can finish it in 6 days. A and C together will do it in :", "opta": "4 days", "optb": "6 days", "optc": "8 days", "optd": "12 days", "ans": "C", "explanation": "(A + B + C)'s 1 day's work =\n1\n;\n\n\n6\n\n\n\n\n\n\n(A + B)'s 1 day's work =\n1\n;\n\n\n8\n\n\n\n\n\n\n(B + C)'s 1 day's work =\n1\n.\n\n\n12\n\n\n\n\n\n\n (A + C)'s 1 day's work\n\n\n\n=\n\n2 x\n1\n\n-\n\n1\n+\n1\n\n\n\n6\n8\n12\n\n\n\n\n\n\n\n\n\n=\n\n1\n-\n5\n\n\n\n3\n24\n\n\n\n\n\n\n\n\n\n=\n3\n\n\n24\n\n\n\n\n\n\n\n\n=\n1\n.\n\n\n8\n\n\n\n\n\nSo, A and C together will do the work in 8 days."}, {"question": "A can finish a work in 24 days, B in 9 days and C in 12 days. B and C start the work but are forced to leave after 3 days. The remaining work was done by A in:", "opta": "5 days", "optb": "6 days", "ans": "C", "explanation": "(B + C)'s 1 day's work =\n\n1\n+\n1\n\n=\n7\n.\n\n\n9\n12\n36\n\n\n\n\n\n\nWork done by B and C in 3 days =\n\n7\nx 3\n\n=\n7\n.\n\n\n36\n12\n\n\n\n\n\n\nRemaining work =\n\n1 -\n7\n\n=\n5\n.\n\n\n12\n12\n\n\n\n\n\n\nNow,\n1\nwork is done by A in 1 day.\n\n\n24\n\n\n\n\n\n\nSo,\n5\nwork is done by A in\n\n24 x\n5\n\n= 10 days.\n\n\n12\n12"}, {"question": "X can do a piece of work in 40 days. He works at it for 8 days and then Y finished it in 16 days. How long will they together take to complete the work?", "opta": "13\n1\ndays\n\n\n3", "optb": "1", "ans": "A", "explanation": "Work done by X in 8 days =\n\n1\nx 8\n\n=\n1\n.\n\n\n40\n5\n\n\n\n\n\n\nRemaining work =\n\n1 -\n1\n\n=\n4\n.\n\n\n5\n5\n\n\n\n\n\n\nNow,\n4\nwork is done by Y in 16 days.\n\n\n5\n\n\n\n\n\n\nWhole work will be done by Y in\n\n16 x\n5\n\n= 20 days.\n\n\n4\n\n\n\n\n\n\n X's 1 day's work =\n1\n, Y's 1 day's work =\n1\n.\n\n\n40\n20\n\n\n\n\n\n\n(X + Y)'s 1 day's work =\n\n1\n+\n1\n\n=\n3\n.\n\n\n40\n20\n40\n\n\n\n\n\n\nHence, X and Y will together complete the work in \n\n40\n\n= 13\n1\ndays.\n\n\n3\n3"}, {"question": "A and B can do a job together in 7 days. A is 1 times as efficient as B. The same job can be done by A alone in :", "opta": "9\n1\ndays\n\n\n3", "optb": "1", "ans": "B", "explanation": "(A's 1 day's work) : (B's 1 day's work) =\n7\n: 1 \u00a0 = \u00a0 7 : 4.\n\n\n4\n\n\n\nLet A's and B's 1 day's work be 7x and 4x respectively.\n\n\n\nThen, 7x + 4x =\n1\n\u00a0 \u00a0  \u00a0 \u00a0 11x =\n1\n\u00a0 \u00a0  \u00a0 \u00a0 x = \n1\n.\n\n\n7\n7\n77\n\n\n\n\n\n\n A's 1 day's work =\n\n1\nx 7\n\n=\n1\n.\n\n\n77\n11"}, {"question": "A and B together can do a piece of work in 30 days. A having worked for 16 days, B finishes the remaining work alone in 44 days. In how many days shall B finish the whole work alone?", "opta": "30 days", "optb": "40 days", "optc": "60 days", "optd": "70 days", "ans": "C", "explanation": "Let A's 1 day's work = x and B's 1 day's work = y.\n\n\n\nThen, x + y =\n1\nand 16x + 44y = 1.\n\n\n30\n\n\n\n\n\n\nSolving these two equations, we get: x =\n1\nand y =\n1\n\n\n60\n60\n\n\n\n\n\n\n B's 1 day's work =\n1\n.\n\n\n60\n\n\n\nHence, B alone shall finish the whole work in 60 days."}]]}