{"test_questions": [[{"question": "Father is aged three times more than his son Ronit. After 8 years, he would be two and a half times of Ronit's age. After further 8 years,  how many times would he be of Ronit's age?", "opta": "2 times", "optb": "2\u00a0\n1\ntimes\n\n\n2", "ans": "A", "explanation": "Let Ronit's present age be x years. Then, father's present age =(x + 3x) years = 4x years.\n\n\n\n\n(4x + 8) =\n5\n(x + 8)\n\n\n2\n\n\n\n 8x + 16 = 5x + 40\n 3x = 24\n x = 8.\n\n\nHence, required ratio =\n(4x + 16)\n=\n48\n= 2.\n\n\n(x + 16)\n24"}, {"question": "The sum of ages of 5 children born at the intervals of 3 years each is 50 years. What is the age of the youngest child?", "opta": "4 years", "optb": "8 years", "optc": "10 years", "optd": "None of these", "ans": "A", "explanation": "Let the ages of children be x, (x + 3), (x + 6), (x + 9) and (x + 12) years.\nThen, x + (x + 3) + (x + 6) + (x + 9) + (x + 12) = 50\n 5x = 20\n x = 4.\n Age of the youngest child = x = 4 years."}, {"question": "A father said to his son, \"I was as old as you are at the present at the time of your birth\". If the father's age is 38 years now, the son's age five years back was:", "opta": "14 years", "optb": "19 years", "optc": "33 years", "optd": "38 years", "ans": "A", "explanation": "Let the son's present age be x years. Then, (38 - x) = x\n 2x = 38.\n x = 19.\n Son's age 5 years back (19 - 5) = 14 years."}, {"question": "A is two years older than B who is twice as old as C. If the total of the ages of A, B and C be 27, the how old is B?", "opta": "7", "optb": "8", "optc": "9", "optd": "10", "opte": "11", "ans": "D", "explanation": "Let C's age be x years. Then, B's age = 2x years. A's age = (2x + 2) years.\n (2x + 2) + 2x + x = 27\n 5x = 25\n x = 5.\nHence, B's age = 2x = 10 years."}, {"question": "Present ages of Sameer and Anand are in the ratio of 5 : 4 respectively. Three years hence, the ratio of their ages will become 11 : 9 respectively. What is Anand's present age in years?", "opta": "24", "optb": "27", "optc": "40", "optd": "Cannot be determined", "opte": "None of these", "ans": "A", "explanation": "Let the present ages of Sameer and Anand be 5x years and 4x years respectively.\n\n\n\nThen,\n5x + 3\n=\n11\n\n\n4x + 3\n9\n\n\n\n 9(5x + 3) = 11(4x + 3)\n 45x + 27 = 44x + 33\n 45x - 44x = 33 - 27\n x = 6.\n Anand's present age = 4x = 24 years."}, {"question": "A man is 24 years older than his son. In two years, his age will be twice the age of his son. The present age of his son is:", "opta": "14 years", "optb": "18 years", "optc": "20 years", "optd": "22 years", "ans": "D", "explanation": "Let the son's present age be x years. Then, man's present age = (x + 24) years.\n (x + 24) + 2 = 2(x + 2)\n x + 26 = 2x + 4\n x = 22."}, {"question": "Six years ago, the ratio of the ages of Kunal and Sagar was 6 : 5. Four years hence, the ratio of their ages will be 11 : 10. What is Sagar's age at present?", "opta": "16 years", "optb": "18 years", "optc": "20 years", "optd": "Cannot be determined", "opte": "None of these", "ans": "A", "explanation": "Let the ages of Kunal and Sagar 6 years ago be 6x and 5x years respectively.\n\n\n\nThen,\n(6x + 6) + 4\n=\n11\n\n\n(5x + 6) + 4\n10\n\n\n\n 10(6x + 10) = 11(5x + 10)\n 5x = 10\n x = 2.\n Sagar's present age = (5x + 6) = 16 years."}, {"question": "The sum of the present ages of a father and his son is 60 years. Six years ago, father's age was five times the age of the son. After 6 years, son's age will be:", "opta": "12 years", "optb": "14 years", "optc": "18 years", "optd": "20 years", "ans": "D", "explanation": "Let the present ages of son and father be x and (60 -x) years respectively.\nThen, (60 - x) - 6 = 5(x - 6)\n 54 - x = 5x - 30\n 6x = 84 x = 14.\n Son's age after 6 years = (x+ 6) = 20 years.."}, {"question": "At present, the ratio between the ages of Arun and Deepak is 4 : 3. After 6 years, Arun's age will be 26 years. What is the age of Deepak at present ?", "opta": "12 years", "optb": "15 years", "optc": "19 and half", "optd": "21 years", "ans": "B", "explanation": "Let the present ages of Arun and Deepak be 4x years and 3x years respectively. Then,\n4x + 6 = 26 \u00a0\u00a0  \u00a0\u00a0 4x = 20\nx = 5.\n Deepak's age = 3x = 15 years."}, {"question": "Sachin is younger than Rahul by 7 years. If their ages are in the respective ratio of  7 : 9, how old is Sachin?", "opta": "16 years", "optb": "18 years", "optc": "28 years", "optd": "24.5 years", "opte": "None of these", "ans": "D", "explanation": "Let Rahul's age be x years.\nThen, Sachin's age = (x - 7) years.\n\n\n\n \nx - 7\n=\n7\n\n\nx\n9\n\n\n\n 9x - 63 = 7x\n 2x = 63\n x = 31.5\nHence, Sachin's age =(x - 7) = 24.5 years."}, {"question": "The present ages of three persons in proportions 4 : 7 : 9. Eight years ago, the sum of their ages was 56. Find their present ages (in years).", "opta": "8, 20, 28", "optb": "16, 28, 36", "optc": "20, 35, 45", "optd": "None of these", "ans": "B", "explanation": "Let their present ages be 4x, 7x and 9x years respectively.\nThen, (4x - 8) + (7x - 8) + (9x - 8) = 56\n 20x = 80\n x = 4.\n Their present ages are 4x = 16 years, 7x = 28 years and 9x = 36 years respectively."}, {"question": "Ayesha's father was 38 years of age when she was born while her mother was 36 years old when her brother four years younger to her was born. What is the difference between the ages of her parents?", "opta": "2 years", "optb": "4 years", "optc": "6 years", "optd": "8 years", "ans": "C", "explanation": "Mother's age when Ayesha's brother was born = 36 years.\nFather's age when Ayesha's brother was born = (38 + 4) years = 42 years.\n Required difference = (42 - 36) years = 6 years."}, {"question": "A person's present age is two-fifth of the age of his mother. After 8 years, he will be one-half of the age of his mother. How old is the mother at present?", "opta": "32 years", "optb": "36 years", "optc": "40 years", "optd": "48 years", "ans": "C", "explanation": "Let the mother's present age be x years.\n\n\n\nThen, the person's present age =\n\n2\nx\n\nyears.\n\n\n5\n\n\n\n\n\n\n\n\n2\nx + 8\n\n=\n1\n(x + 8)\n\n\n5\n2\n\n\n\n 2(2x + 40) = 5(x + 8)\n x = 40."}, {"question": "Q is as much younger than R as he is older than T. If the sum of the ages of R and T is 50 years, what is definitely the difference between R and Q's age?", "opta": "1 year", "optb": "2 years", "optc": "25 years", "optd": "Data inadequate", "opte": "None of these", "ans": "D", "explanation": "Given that:\n\n1. The difference of age b/w R and Q = The difference of age b/w Q and T.\n\n2. Sum of age of R and T is 50 i.e. (R + T) = 50.\n\nQuestion: R - Q = ?.\n\nExplanation:\n\nR - Q = Q - T\n\n(R + T) = 2Q\n\nNow given that, (R + T) = 50\n\nSo, 50 = 2Q and therefore Q = 25.\n\nQuestion is (R - Q) = ?\n\nHere we know the value(age) of Q (25), but we don't know the age of R.\n\nTherefore, (R-Q) cannot be determined."}, {"question": "The age of father 10 years ago was thrice the age of his son. Ten years hence, father's age will be twice that of his son. The ratio of their present ages is:", "opta": "5 : 2", "optb": "7 : 3", "optc": "9 : 2", "optd": "13 : 4", "ans": "B", "explanation": "Let the ages of father and son 10 years ago be 3x and x years respectively.\nThen, (3x + 10) + 10 = 2[(x + 10) + 10]\n 3x + 20 = 2x + 40\n x = 20.\n Required ratio = (3x + 10) : (x + 10) = 70 : 30 = 7 : 3."}]]}