{"test_questions": [[{"question": "It was Sunday on Jan 1, 2006. What was the day of the week Jan 1, 2010?", "opta": "Sunday", "optb": "Saturday", "optc": "Friday", "optd": "Wednesday", "ans": "C", "explanation": "On 31st December, 2005 it was Saturday.\nNumber of odd days from the year 2006 to the year 2009 = (1 + 1 + 2 + 1) = 5 days.\n On 31st December 2009, it was Thursday.\nThus, on 1st Jan, 2010 it is Friday."}, {"question": "What was the day of the week on 28th May, 2006?", "opta": "Thursday", "optb": "Friday", "optc": "Saturday", "optd": "Sunday", "ans": "D", "explanation": "28 May, 2006 = (2005 years + Period from 1.1.2006 to 28.5.2006)\nOdd days in 1600 years = 0\nOdd days in 400 years = 0\n5 years = (4 ordinary years + 1 leap year) = (4 x 1 + 1 x 2)  6 odd days\n\nJan.  Feb.   March    April    May \n(31 +  28  +  31   +   30   +   28 ) = 148 days\n\n\n 148 days = (21 weeks + 1 day)  1 odd day.\nTotal number of odd days = (0 + 0 + 6 + 1) = 7  0 odd day.\nGiven day is Sunday."}, {"question": "What was the day of the week on 17th June, 1998?", "opta": "Monday", "optb": "Tuesday", "optc": "Wednesday", "optd": "Thursday", "ans": "C", "explanation": "17th June, 1998 = (1997 years + Period from 1.1.1998 to 17.6.1998)\nOdd days in 1600 years = 0\nOdd days in 300 years = (5 x 3)  1\n97 years has 24 leap years + 73 ordinary years.\nNumber of odd days in 97 years ( 24 x 2 + 73) = 121 = 2 odd days.\n\nJan.  Feb.   March    April    May      June \r\n(31 +  28  +  31   +   30   +   31   +   17) = 168 days\r\n\n\n 168 days = 24 weeks = 0 odd day.\nTotal number of odd days = (0 + 1 + 2 + 0) = 3.\nGiven day is Wednesday."}, {"question": "What will be the day of the week 15th August, 2010?", "opta": "Sunday", "optb": "Monday", "optc": "Tuesday", "optd": "Friday", "ans": "A", "explanation": "15th August, 2010 = (2009 years + Period 1.1.2010 to 15.8.2010)\nOdd days in 1600 years = 0\nOdd days in 400 years = 0\n9 years = (2 leap years + 7 ordinary years) = (2 x 2 + 7 x 1) = 11 odd days  4 odd days.\n\nJan.  Feb.   March    April    May  June  July  Aug. \n(31 +  28  +  31   +   30   +  31  + 30  + 31  + 15) = 227 days\n\n\n 227 days = (32 weeks + 3 days)  3 odd days.\nTotal number of odd days = (0 + 0 + 4 + 3) = 7  0 odd days.\nGiven day is Sunday."}, {"question": "Today is Monday. After 61 days, it will be:", "opta": "Wednesday", "optb": "Saturday", "optc": "Tuesday", "optd": "Thursday", "ans": "B", "explanation": "Each day of the week is repeated after 7 days.\nSo, after 63 days, it will be Monday.\n After 61 days, it will be Saturday."}, {"question": "If 6th March, 2005 is Monday, what was the day of the week on 6th March, 2004?", "opta": "Sunday", "optb": "Saturday", "optc": "Tuesday", "optd": "Wednesday", "ans": "A", "explanation": "The year 2004 is a leap year. So, it has 2 odd days.\nBut, Feb 2004 not included because we are calculating from March 2004 to March 2005. So it has 1 odd day only.\n The day on 6th March, 2005 will be 1 day beyond the day on 6th March, 2004.\nGiven that, 6th March, 2005 is Monday.\n 6th March, 2004 is Sunday (1 day before to 6th March, 2005)."}, {"question": "On what dates of April, 2001 did Wednesday fall?", "opta": "1st, 8th, 15th, 22nd, 29th", "optb": "2nd, 9th, 16th, 23rd, 30th", "optc": "3rd, 10th, 17th, 24th", "optd": "4th, 11th, 18th, 25th", "ans": "D", "explanation": "We shall find the day on 1st April, 2001.\n1st April, 2001 = (2000 years + Period from 1.1.2001 to 1.4.2001)\nOdd days in 1600 years = 0\nOdd days in 400 years = 0\n\nJan. Feb. March April\n(31 + 28 + 31  +  1) \u00a0 \u00a0 = 91 days  0 odd days.\n\nTotal number of odd days = (0 + 0 + 0) = 0\nOn 1st April, 2001 it was Sunday.\nIn April, 2001 Wednesday falls on 4th, 11th, 18th and 25th."}, {"question": "How many days are there in x weeks x days?", "opta": "7x2", "optb": "8x", "optc": "14x", "optd": "7", "ans": "B", "explanation": "x weeks x days = (7x + x) days = 8x days."}, {"question": "The last day of a century cannot be", "opta": "Monday", "optb": "Wednesday", "optc": "Tuesday", "optd": "Friday", "ans": "C", "explanation": "100 years contain 5 odd days.\n Last day of 1st century is Friday.\n200 years contain (5 x 2)  3 odd days.\n Last day of 2nd century is Wednesday.\n300 years contain (5 x 3) = 15  1 odd day.\n Last day of 3rd century is Monday.\n400 years contain 0 odd day.\n Last day of 4th century is Sunday.\nThis cycle is repeated.\n Last day of a century cannot be Tuesday or Thursday or Saturday."}, {"question": "On 8th Feb, 2005 it was Tuesday. What was the day of the week on 8th Feb, 2004?", "opta": "Tuesday", "optb": "Monday", "optc": "Sunday", "optd": "Wednesday", "ans": "C", "explanation": "The year 2004 is a leap year. It has 2 odd days.\n The day on 8th Feb, 2004 is 2 days before the day on 8th Feb, 2005.\nHence, this day is Sunday."}, {"question": "The calendar for the year 2007 will be the same for the year:", "opta": "2014", "optb": "2016", "optc": "2017", "optd": "2018", "ans": "D", "explanation": "Count the number of odd days from the year 2007 onwards to get the sum equal to 0 odd day.\n\nYear    : 2007 2008 2009 2010 2011 2012 2013 2014 2015 2016 2017\nOdd day : 1    2    1    1    1    2    1    1    1    2    1    \n\n\nSum = 14 odd days  0 odd days.\n Calendar for the year 2018 will be the same as for the year 2007."}, {"question": "Which of the following is not a leap year?", "opta": "700", "optb": "800", "optc": "1200", "optd": "2000", "ans": "A", "explanation": "The century divisible by 400 is a leap year.\n The year 700 is not a leap year."}, {"question": "On 8th Dec, 2007 Saturday falls. What day of the week was it on 8th Dec, 2006?", "opta": "Sunday", "optb": "Thursday", "optc": "Tuesday", "optd": "Friday", "ans": "D", "explanation": "The year 2006 is an ordinary year. So, it has 1 odd day.\nSo, the day on 8th Dec, 2007 will be 1 day beyond the day on 8th Dec, 2006.\nBut, 8th Dec, 2007 is Saturday.\n 8th Dec, 2006 is Friday."}, {"question": "January 1, 2008 is Tuesday. What day of the week lies on Jan 1, 2009?", "opta": "Monday", "optb": "Wednesday", "optc": "Thursday", "optd": "Sunday", "ans": "C", "explanation": "The year 2008 is a leap year. So, it has 2 odd days.\n1st day of the year 2008 is Tuesday (Given)\nSo, 1st day of the year 2009 is 2 days beyond Tuesday.\nHence, it will be Thursday."}, {"question": "January 1, 2007 was Monday. What day of the week lies on Jan. 1, 2008?", "opta": "Monday", "optb": "Tuesday", "optc": "Wednesday", "optd": "Sunday", "ans": "B", "explanation": "The year 2007 is an ordinary year. So, it has 1 odd day. \n1st day of the year 2007 was Monday.   \n1st day of the year 2008 will be 1 day beyond Monday.\nHence, it will be Tuesday."}]]}