{"test_questions": [[{"question": "The banker's discount on a bill due 4 months hence at 15% is Rs. 420. The true discount is:", "opta": "Rs. 400", "optb": "Rs. 360", "optc": "Rs. 480", "optd": "Rs. 320", "ans": "A", "explanation": "T.D.\n\n\n\n=\nB.D. x 100\n\n\n100 + (R x T)\n\n\n\n\n\n\n\n\n\n= Rs.\n\n420 x 100\n\n\n\n\n\n\n100 +\n\n15 x\n1\n\n\n\n3\n\n\n\n\n\n\n\n\n\n\n\n\n= Rs.\n\n420 x 100\n\n\n\n105\n\n\n\n\n\n\n= Rs. 400."}, {"question": "The banker's discount on Rs. 1600 at 15% per annum is the same as true discount on Rs. 1680 for the same time and at the same rate. The time is:", "opta": "3 months", "optb": "4 months", "optc": "6 months", "optd": "8 months", "ans": "B", "explanation": "S.I. on Rs. 1600 = T.D. on Rs. 1680.\n Rs. 1600 is the P.W. of Rs. 1680, i.e., Rs. 80 is on Rs. 1600 at 15%.\n\n\n\n Time =\n\n100 x 80\nyear\n=\n1\nyear = 4 months.\n\n\n1600 x 15\n3"}, {"question": "The banker's gain of a certain sum due 2 years hence at 10% per annum is Rs. 24. The present worth is:", "opta": "Rs. 480", "optb": "Rs. 520", "optc": "Rs. 600", "optd": "Rs. 960", "ans": "C", "explanation": "T.D. =\n\nB.G. x 100\n\n= Rs.\n\n24 x 100\n\n= Rs. 120.\n\n\nRate x Time\n10 x 2\n\n\n\n\n\n\n P.W. =\n100 x T.D.\n= Rs.\n\n100 x 120\n\n= Rs. 600.\n\n\nRate x Time\n10 x 2"}, {"question": "The banker's discount on a sum of money for 1 years is Rs. 558 and the true discount on the same sum for 2 years is Rs. 600. The rate percent is:", "opta": "10%", "optb": "13%", "optc": "12%", "optd": "15%", "ans": "C", "explanation": "B.D. for  years\n= Rs. 558.\n\n\nB.D. for 2 years\n\n\n\n= Rs.\n\n558 x\n2\nx 2\n\n\n\n3\n\n\n\n\n\n\n= Rs. 744\n\n\n\nT.D. for 2 years = Rs. 600.\n\n\n\n Sum =\nB.D. x T.D.\n= Rs.\n\n744 x 600\n\n= Rs. 3100.\n\n\nB.D. - T.D\n144\n\n\n\nThus, Rs. 744 is S.I. on Rs. 3100 for 2 years.\n\n\n\n Rate =\n\n100 x 744\n%\n= 12%\n\n\n3100 x 2"}, {"question": "The banker's gain on a sum due 3 years hence at 12% per annum is Rs. 270. The banker's discount is:", "opta": "Rs. 960", "optb": "Rs. 840", "optc": "Rs. 1020", "optd": "Rs. 760", "ans": "C", "explanation": "T.D. =\n\nB.G. x 100\n\n= Rs.\n\n270 x 100\n\n= Rs. 750.\n\n\nR x T\n12 x 3\n\n\n\n B.D. = Rs.(750 + 270) = Rs. 1020."}, {"question": "The banker's discount of a certain sum of money is Rs. 72 and the true discount on the same sum for the same time is Rs. 60. The sum due is:", "opta": "Rs. 360", "optb": "Rs. 432", "optc": "Rs. 540", "optd": "Rs. 1080", "ans": "A", "explanation": "Sum =\nB.D. x T.D.\n= Rs.\n\n72 x 60\n\n= Rs.\n\n72 x 60\n\n= Rs. 360.\n\n\nB.D. - T.D.\n72 - 60\n12"}, {"question": "The certain worth of a certain sum due sometime hence is Rs. 1600 and the true discount is Rs. 160. The banker's gain is:", "opta": "Rs. 20", "optb": "Rs. 24", "optc": "Rs. 16", "optd": "Rs. 12", "ans": "C", "explanation": "B.G. =\n(T.D.)2\n= Rs.\n\n160 x 160\n\n= Rs. 16.\n\n\nP.W.\n1600"}, {"question": "The present worth of a certain bill due sometime hence is Rs. 800 and the true discount is Rs. 36. The banker's discount is:", "opta": "Rs. 37", "optb": "Rs. 37.62", "optc": "Rs. 34.38", "optd": "Rs. 38.98", "ans": "B", "explanation": "B.G. =\n(T.D.)2\n= Rs.\n\n36 x 36\n\n= Rs. 1.62\n\n\nP.W.\n800\n\n\n\n B.D. = (T.D. + B.G.) = Rs. (36 + 1.62) = Rs. 37.62"}, {"question": "The banker's gain on a bill due 1 year hence at 12% per annum is Rs. 6. The true discount is:", "opta": "Rs. 72", "optb": "Rs. 36", "optc": "Rs. 54", "optd": "Rs. 50", "ans": "D", "explanation": "T.D. =\nB.G. x 100\n= Rs.\n\n6 x 100\n\n= Rs. 50.\n\n\nR x T\n12 x 1"}, {"question": "The banker's gain on a certain sum due 1\n1\nyears hence is\n3\nof the banker's\n\n\n2\n25\n\n\n\ndiscount. The rate percent is:", "opta": "5\n1\n%\n\n\n5", "optb": "1", "ans": "B", "explanation": "Let, B.D = Re. 1.\n\n\n\nThen, B.G. = Re.\n3\n.\n\n\n25\n\n\n\n\n\n\n T.D. = (B.D. - B.G.) = Re.\n\n1 -\n3\n\n= Re.\n22\n.\n\n\n25\n25\n\n\n\n\n\n\nSum =\n\n1 x (22/25)\n\n= Rs.\n22\n.\n\n\n1-(22/25)\n3\n\n\n\n\n\n\nS.I. on Rs.\n22\nfor 1\n1\nyears is Re. 1.\n\n\n3\n2\n\n\n\n\n\n\n Rate =\n\n100 x 1\n%\n\n\n\n=\n100\n= 9\n1\n%.\n\n\n11\n11\n\n\n\n\n\n\n\n\n22\nx\n3\n\n\n3\n2"}, {"question": "The present worth of a sum due sometime hence is Rs. 576 and the banker's gain is Rs. 16. The true discount is:", "opta": "Rs. 36", "optb": "Rs. 72", "optc": "Rs. 48", "optd": "Rs. 96", "ans": "D", "explanation": "T.D. = P.W. x B.G. = 576 x 16 = 96."}, {"question": "The true discount on a bill of Rs. 540 is Rs. 90. The banker's discount is:", "opta": "Rs. 60", "optb": "Rs. 108", "optc": "Rs. 110", "optd": "Rs. 112", "ans": "B", "explanation": "P.W. = Rs. (540 - 90) = Rs. 450.\n S.I. on Rs. 450 = Rs. 90.\n\n\n\nS.I. on Rs. 540 = Rs.\n\n90\nx 540\n\n= Rs. 108.\n\n\n450\n\n\n\n B.D. = Rs. 108."}, {"question": "The banker's discount on a certain sum due 2 years hence is\n11\nof the true discount.\n\n\n10\n\n\n\nThe rate percent is:", "opta": "11%", "optb": "10%", "optc": "5%", "optd": "5.5%", "ans": "C", "explanation": "Let T.D. be Re. 1.\n\n\n\nThen, B.D. = Rs.\n11\n= Rs. 1.10.\n\n\n10\n\n\n\n\n\n\n Sum = Rs.\n\n1.10 x 1\n\n= Rs.\n\n110\n\n= Rs. 11.\n\n\n1.10 - 1\n10\n\n\n\n S.I. on Rs. 11 for 2 years is Rs. 1.10\n\n\n\n Rate =\n\n100 x 1.10\n%\n= 5%.\n\n\n11 x 2"}]]}