{"test_questions": [[{"question": "A boat can travel with a speed of 13 km/hr in still water. If the speed of the stream is 4 km/hr, find the time taken by the boat to go 68 km downstream.", "opta": "2 hours", "optb": "3 hours", "optc": "4 hours", "optd": "5 hours", "ans": "C", "explanation": "Speed downstream = (13 + 4) km/hr = 17 km/hr.\n\n\n\nTime taken to travel 68 km downstream =\n\n68\nhrs = 4 hrs.\n\n\n17"}, {"question": "A man's speed with the current is 15 km/hr and the speed of the current is 2.5 km/hr. The man's speed against the current is:", "opta": "8.5 km/hr", "optb": "9 km/hr", "optc": "10 km/hr", "optd": "12.5 km/hr", "ans": "C", "explanation": "Man's rate in still water = (15 - 2.5) km/hr = 12.5 km/hr.\nMan's rate against the current = (12.5 - 2.5) km/hr = 10 km/hr."}, {"question": "A boat running upstream takes 8 hours 48 minutes to cover a certain distance, while it takes 4 hours to cover the same distance running downstream. What is the ratio between the speed of the boat and speed of the water current respectively?", "opta": "2 : 1", "optb": "3 : 2", "optc": "8 : 3", "optd": "Cannot be determined", "opte": "None of these", "ans": "C", "explanation": "Let the man's rate upstream be x kmph and that downstream be y kmph.\nThen, distance covered upstream in 8 hrs 48 min = Distance covered downstream in 4 hrs.\n\n\n\n \n\nx x 8\n4\n\n= (y x 4)\n\n\n5\n\n\n\n\n\n\n \n44\nx =4y\n\n\n5\n\n\n\n\n\n\n y =\n11\nx.\n\n\n5\n\n\n\n\n\n\n Required ratio =\n\ny + x\n\n:\n\ny - x\n\n\n\n2\n2\n\n\n\n\n\n\n\u00a0\u00a0 =\n\n16x\nx\n1\n\n:\n\n6x\nx\n1\n\n\n\n5\n2\n5\n2\n\n\n\n\n\n\n\u00a0\u00a0 =\n8\n:\n3\n\n\n5\n5\n\n\n\n\u00a0\u00a0 = 8 : 3."}, {"question": "A motorboat, whose speed in 15 km/hr in still water goes 30 km downstream and comes back in a total of 4 hours 30 minutes. The speed of the stream (in km/hr) is:", "opta": "4", "optb": "5", "optc": "6", "optd": "10", "ans": "B", "explanation": "Let the speed of the stream be x km/hr. Then,\nSpeed downstream = (15 + x) km/hr,\nSpeed upstream = (15 - x) km/hr.\n\n\n\n \n30\n+\n30\n= 4\n1\n\n\n(15 + x)\n(15 - x)\n2\n\n\n\n\n\n\n \n900\n=\n9\n\n\n225 - x2 \n2\n\n\n\n 9x2  = 225\n x2  = 25\n x = 5 km/hr."}, {"question": "In one hour, a boat goes 11 km/hr along the stream and 5 km/hr against the stream. The speed of the boat in still water (in km/hr) is:", "opta": "3 km/hr", "optb": "5 km/hr", "optc": "8 km/hr", "optd": "9 km/hr", "ans": "C", "explanation": "Speed in still water =\n1\n(11 + 5) kmph = 8 kmph.\n\n\n2"}, {"question": "A boat running downstream covers a distance of 16 km in 2 hours while for covering the same distance upstream, it takes 4 hours. What is the speed of the boat in still water?", "opta": "4 km/hr", "optb": "6 km/hr", "optc": "8 km/hr", "optd": "Data inadequate", "ans": "B", "explanation": "Rate downstream =\n\n16\nkmph = 8 kmph.\n\n\n2\n\n\n\n\n\n\nRate upstream =\n\n16\nkmph = 4 kmph.\n\n\n4\n\n\n\n\n\n\n Speed in still water =\n1\n(8 + 4) kmph = 6 kmph.\n\n\n2"}, {"question": "The speed of a boat in still water in 15 km/hr and the rate of current is 3 km/hr. The distance travelled downstream in 12 minutes is:", "opta": "1.2 km", "optb": "1.8 km", "optc": "2.4 km", "optd": "3.6 km", "ans": "D", "explanation": "Speed downstream = (15 + 3) kmph = 18 kmph.\n\n\n\nDistance travelled =\n\n18 x\n12\nkm = 3.6 km.\n\n\n60"}, {"question": "A boat takes 90 minutes less to travel 36 miles downstream than to travel the same distance upstream. If the speed of the boat in still water is 10 mph, the speed of the stream is:", "opta": "2 mph", "optb": "2.5 mph", "optc": "3 mph", "optd": "4 mph", "ans": "A", "explanation": "Let the speed of the stream x mph. Then,\nSpeed downstream = (10 + x) mph,\nSpeed upstream = (10 - x) mph.\n\n\n\n \n36\n-\n36\n=\n90\n\n\n(10 - x)\n(10 + x)\n60\n\n\n\n 72x x 60 = 90 (100 - x2)\n x2  + 48x - 100 = 0\n (x+ 50)(x - 2) = 0\n x = 2 mph."}, {"question": "A man can row at 5 kmph in still water. If the velocity of current is 1 kmph and it takes him 1 hour to row to a place and come back, how far is the place?", "opta": "2.4 km", "optb": "2.5 km", "optc": "3 km", "optd": "3.6 km", "ans": "A", "explanation": "Speed downstream = (5 + 1) kmph = 6 kmph.\nSpeed upstream = (5 - 1) kmph = 4 kmph.\nLet the required distance be x km.\n\n\n\nThen,\nx\n+\nx\n= 1\n\n\n6\n4\n\n\n\n 2x + 3x = 12\n 5x = 12\n x = 2.4 km."}, {"question": "A boat covers a certain distance downstream in 1 hour, while it comes back in 1 hours. If the speed of the stream be 3 kmph, what is the speed of the boat in still water?", "opta": "12 kmph", "optb": "13 kmph", "optc": "14 kmph", "optd": "15 kmph", "opte": "None of these", "ans": "D", "explanation": "Let the speed of the boat in still water be x kmph. Then,\nSpeed downstream = (x + 3) kmph,\nSpeed upstream = (x - 3) kmph.\n\n\n\n (x + 3) x 1 = (x - 3) x\n3\n\n\n2\n\n\n\n 2x + 6 = 3x - 9\n x = 15 kmph."}, {"question": "A boatman goes 2 km against the current of the stream in 1 hour and goes 1 km along the current in 10 minutes. How long will it take to go 5 km in stationary water?", "opta": "40 minutes", "optb": "1 hour", "optc": "1 hr 15 min", "optd": "1 hr 30 min", "ans": "C", "explanation": "Rate downstream =\n\n1\nx 60\nkm/hr = 6 km/hr.\n\n\n10\n\n\n\nRate upstream = 2 km/hr.\n\n\n\nSpeed in still water =\n1\n(6 + 2) km/hr = 4 km/hr.\n\n\n2\n\n\n\n\n\n\n Required time =\n\n5\nhrs = 1\n1\nhrs = 1 hr 15 min.\n\n\n4\n4"}, {"question": "A man can row three-quarters of a kilometre against the stream in 11 minutes and down the stream in 7 minutes. The speed (in km/hr) of the man in still water is:", "opta": "2", "optb": "3", "optc": "4", "optd": "5", "ans": "D", "explanation": "We can write three-quarters of a kilometre as 750 metres,\nand 11 minutes as 675 seconds.\n\n\n\nRate upstream =\n\n750\nm/sec\n=\n10\nm/sec.\n\n\n675\n9\n\n\n\n\n\n\nRate downstream =\n\n750\nm/sec\n=\n5\nm/sec.\n\n\n450\n3\n\n\n\n\n\n\n Rate in still water =\n1\n\n10\n+\n5\nm/sec\n\n\n2\n9\n3\n\n\n\n\n\n\n\u00a0\u00a0 =\n25\nm/sec\n\n\n18\n\n\n\n\n\n\n\u00a0\u00a0 =\n\n25\nx\n18\nkm/hr\n\n\n18\n5\n\n\n\n\u00a0\u00a0 = 5 km/hr."}, {"question": "Speed of a boat in standing water is 9 kmph and the speed of the stream is 1.5 kmph. A man rows to a place at a distance of 105 km and comes back to the starting point. The total time taken by him is:", "opta": "16 hours", "optb": "18 hours", "optc": "20 hours", "optd": "24 hours", "ans": "D", "explanation": "Speed upstream = 7.5 kmph.\nSpeed downstream = 10.5 kmph.\n\n\n\n Total time taken =\n\n105\n+\n105\nhours = 24 hours.\n\n\n7.5\n10.5"}, {"question": "A man takes twice as long to row a distance against the stream as to row the same distance in favour of the stream. The ratio of the speed of the boat (in still water) and the stream is:", "opta": "2 : 1", "optb": "3 : 1", "optc": "3 : 2", "optd": "4 : 3", "ans": "B", "explanation": "Let man's rate upstream be x kmph.\nThen, his rate downstream = 2x kmph.\n\n\n\n (Speed in still water) : (Speed of stream) =\n\n2x + x\n\n:\n\n2x - x\n\n\n\n2\n2\n\n\n\n\n\n\n\u00a0\u00a0 =\n3x\n:\nx\n\n\n2\n2\n\n\n\n\u00a0\u00a0 = 3 : 1."}, {"question": "A man rows to a place 48 km distant and come back in 14 hours. He finds that he can row 4 km with the stream in the same time as 3 km against the stream. The rate of the stream is:", "opta": "1 km/hr", "optb": "1.5 km/hr", "optc": "2 km/hr", "optd": "2.5 km/hr", "ans": "A", "explanation": "Suppose he move 4 km downstream in x hours. Then,\n\n\n\nSpeed downstream =\n\n4\n\nkm/hr.\n\n\nx\n\n\n\n\n\n\nSpeed upstream =\n\n3\n\nkm/hr.\n\n\nx\n\n\n\n\n\n\n\n48\n+\n48\n= 14 or x =\n1\n.\n\n\n(4/x)\n(3/x)\n2\n\n\n\nSo, Speed downstream = 8 km/hr, Speed upstream = 6 km/hr.\n\n\n\nRate of the stream =\n1\n(8 - 6) km/hr = 1 km/hr.\n\n\n2"}]]}