{"test_questions": [[{"question": "From a group of 7 men and 6 women, five persons are to be selected to form a committee so that at least 3 men are there on the committee. In how many ways can it be done?", "opta": "564", "optb": "645", "optc": "735", "optd": "756", "opte": "None of these", "ans": "D", "explanation": "We may have (3 men and 2 women) or (4 men and 1 woman) or (5 men only).\n\n\n\n Required number of ways\n= (7C3 x 6C2) + (7C4 x 6C1) + (7C5)\n\n\n\n\n\n\n=\n\n7 x 6 x 5\nx\n6 x 5\n\n+ (7C3 x 6C1) + (7C2)\n\n\n3 x 2 x 1\n2 x 1\n\n\n\n\n\n\n\n\n\n= 525 +\n\n7 x 6 x 5\nx 6\n\n+\n\n7 x 6\n\n\n\n3 x 2 x 1\n2 x 1\n\n\n\n\n\n\n= (525 + 210 + 21)\n\n\n\n= 756."}, {"question": "In how many different ways can the letters of the word 'LEADING' be arranged in such a way that the vowels always come together?", "opta": "360", "optb": "480", "optc": "720", "optd": "5040", "opte": "None of these", "ans": "C", "explanation": "The word 'LEADING' has 7 different letters.\nWhen the vowels EAI are always together, they can be supposed to form one letter.\nThen, we have to arrange the letters LNDG (EAI).\nNow, 5 (4 + 1 = 5) letters can be arranged in 5! = 120 ways.\nThe vowels (EAI) can be arranged among themselves in 3! = 6 ways.\n Required number of ways = (120 x 6) = 720."}, {"question": "In how many different ways can the letters of the word 'CORPORATION' be arranged so that the vowels always come together?", "opta": "810", "optb": "1440", "optc": "2880", "optd": "50400", "opte": "5760", "ans": "D", "explanation": "In the word 'CORPORATION', we treat the vowels OOAIO as one letter.\nThus, we have CRPRTN (OOAIO).\nThis has 7 (6 + 1) letters of which R occurs 2 times and the rest are different.\n\n\n\nNumber of ways arranging these letters =\n7!\n= 2520.\n\n\n2!\n\n\n\nNow, 5 vowels in which O occurs 3 times and the rest are different, can be arranged\n\n\nin\n5!\n= 20 ways.\n\n\n3!\n\n\n\n Required number of ways = (2520 x 20) = 50400."}, {"question": "Out of 7 consonants and 4 vowels, how many words of 3 consonants and 2 vowels can be formed?", "opta": "210", "optb": "1050", "optc": "25200", "optd": "21400", "opte": "None of these", "ans": "C", "explanation": "Number of ways of selecting (3 consonants out of 7) and (2 vowels out of 4)\n\n\n\n\u00a0 \u00a0 \u00a0\n= (7C3 x 4C2)\n\n\n\n\n\n\n=\n\n7 x 6 x 5\nx\n4 x 3\n\n\n\n3 x 2 x 1\n2 x 1\n\n\n\n\n\n\n= 210.\n\n\n\nNumber of groups, each having 3 consonants and 2 vowels = 210.\nEach group contains 5 letters.\n\n\n\nNumber of ways of arranging 5 letters among themselves\n= 5!\n\n\n\n= 5 x 4 x 3 x 2 x 1\n\n\n\n= 120.\n\n\n\n Required number of ways = (210 x 120) = 25200."}, {"question": "In how many ways can the letters of the word 'LEADER' be arranged?", "opta": "72", "optb": "144", "optc": "360", "optd": "720", "opte": "None of these", "ans": "C", "explanation": "The word 'LEADER' contains 6 letters, namely 1L, 2E, 1A, 1D and 1R.\n\n\n\n Required number of ways =\n6!\n= 360.\n\n\n(1!)(2!)(1!)(1!)(1!)"}, {"question": "In a group of 6 boys and 4 girls, four children are to be selected. In how many different ways can they be selected such that at least one boy should be there?", "opta": "159", "optb": "194", "optc": "205", "optd": "209", "opte": "None of these", "ans": "D", "explanation": "We may have (1 boy and 3 girls) or (2 boys and 2 girls) or (3 boys and 1 girl) or (4 boys).\n\n\n\n Required number of ways\n= (6C1 x 4C3) + (6C2 x 4C2) + (6C3 x 4C1) + (6C4)\n\n\n\n= (6C1 x 4C1) + (6C2 x 4C2) + (6C3 x 4C1) + (6C2)\n\n\n\n\n\n\n= (6 x 4) +\n\n6 x 5\nx\n4 x 3\n\n+\n\n6 x 5 x 4\nx 4\n\n+\n\n6 x 5\n\n\n\n2 x 1\n2 x 1\n3 x 2 x 1\n2 x 1\n\n\n\n\n\n\n= (24 + 90 + 80 + 15)\n\n\n\n= 209."}, {"question": "How many 3-digit numbers can be formed from the digits 2, 3, 5, 6, 7 and 9, which are divisible by 5 and none of the digits is repeated?", "opta": "5", "optb": "10", "optc": "15", "optd": "20", "ans": "D", "explanation": "Since each desired number is divisible by 5, so we must have 5 at the unit place. So, there is 1 way of doing it.\nThe tens place can now be filled by any of the remaining 5 digits (2, 3, 6, 7, 9). So, there are 5 ways of filling the tens place.\nThe hundreds place can now be filled by any of the remaining 4 digits. So, there are 4 ways of filling it.\n Required number of numbers = (1 x 5 x 4) = 20."}, {"question": "In how many ways a committee, consisting of 5 men and 6 women can be formed from 8 men and 10 women?", "opta": "266", "optb": "5040", "optc": "11760", "optd": "86400", "opte": "None of these", "ans": "C", "explanation": "Required number of ways\n= (8C5 x 10C6)\n\n\n\n= (8C3 x 10C4)\n\n\n\n\n\n\n= \n8 x 7 x 6\nx\n10 x 9 x 8 x 7\n\n\n\n3 x 2 x 1\n4 x 3 x 2 x 1\n\n\n\n\n\n\n= 11760."}, {"question": "A box contains 2 white balls, 3 black balls and 4 red balls. In how many ways can 3 balls be drawn from the box, if at least one black ball is to be included in the draw?", "opta": "32", "optb": "48", "optc": "64", "optd": "96", "opte": "None of these", "ans": "C", "explanation": "We may have(1 black and 2 non-black) or (2 black and 1 non-black) or (3 black).\n\n\n\n Required number of ways\n= (3C1 x 6C2) + (3C2 x 6C1) + (3C3)\n\n\n\n\n\n\n=\n\n3 x\n6 x 5\n\n+\n\n3 x 2\nx 6\n\n+ 1\n\n\n2 x 1\n2 x 1\n\n\n\n\n\n\n= (45 + 18 + 1)\n\n\n\n= 64."}, {"question": "In how many different ways can the letters of the word 'DETAIL' be arranged in such a way that the vowels occupy only the odd positions?", "opta": "32", "optb": "48", "optc": "36", "optd": "60", "opte": "120", "ans": "C", "explanation": "There are 6 letters in the given word, out of which there are 3 vowels and 3 consonants.\nLet us mark these positions as under:\n(1) (2) (3) (4) (5) (6)\nNow, 3 vowels can be placed at any of the three places out 4, marked 1, 3, 5.\nNumber of ways of arranging the vowels = 3P3 = 3! = 6.\nAlso, the 3 consonants can be arranged at the remaining 3 positions.\nNumber of ways of these arrangements = 3P3 = 3! = 6.\nTotal number of ways = (6 x 6) = 36."}, {"question": "In how many ways can a group of 5 men and 2 women be made out of a total of 7 men and 3 women?", "opta": "63", "optb": "90", "optc": "126", "optd": "45", "opte": "135", "ans": "A", "explanation": "Required number of ways = (7C5 x 3C2) = (7C2 x 3C1) =\n\n7 x 6\nx 3\n\n= 63.\n\n\n2 x 1"}, {"question": "How many 4-letter words with or without meaning, can be formed out of the letters of the word, 'LOGARITHMS', if repetition of letters is not allowed?", "opta": "40", "optb": "400", "optc": "5040", "optd": "2520", "ans": "C", "explanation": "'LOGARITHMS' contains 10 different letters.\n\n\n\nRequired number of words \n= Number of arrangements of 10 letters, taking 4 at a time.\n\n\n\n= 10P4\n\n\n\n= (10 x 9 x 8 x 7)\n\n\n\n= 5040."}, {"question": "In how many different ways can the letters of the word 'MATHEMATICS' be arranged so that the vowels always come together?", "opta": "10080", "optb": "4989600", "optc": "120960", "optd": "None of these", "ans": "C", "explanation": "In the word 'MATHEMATICS', we treat the vowels AEAI as one letter.\nThus, we have MTHMTCS (AEAI).\nNow, we have to arrange 8 letters, out of which M occurs twice, T occurs twice and the rest are different.\n\n\n\n Number of ways of arranging these letters =\n8!\n= 10080.\n\n\n(2!)(2!)\n\n\n\nNow, AEAI has 4 letters in which A occurs 2 times and the rest are different.\n\n\nNumber of ways of arranging these letters =\n4!\n= 12.\n\n\n2!\n\n\n\n Required number of words = (10080 x 12) = 120960."}, {"question": "In how many different ways can the letters of the word 'OPTICAL' be arranged so that the vowels always come together?", "opta": "120", "optb": "720", "optc": "4320", "optd": "2160", "opte": "None of these", "ans": "B", "explanation": "The word 'OPTICAL'  contains 7 different letters.\nWhen the vowels OIA are always together, they can be supposed to form one letter.\nThen, we have to arrange the letters PTCL (OIA).\nNow, 5 letters can be arranged in 5! = 120 ways.\nThe vowels (OIA) can be arranged among themselves in 3! = 6 ways.\n Required number of ways = (120 x 6) = 720."}]]}