{"test_questions": [[{"question": "Alfred buys an old scooter for Rs. 4700 and spends Rs. 800 on its repairs. If he sells the scooter for Rs. 5800, his gain percent is:", "opta": "4\n4\n%\n\n\n7", "optb": "4", "ans": "B", "explanation": "Cost Price (C.P.) = Rs. (4700 + 800) = Rs. 5500.\nSelling Price (S.P.) = Rs. 5800.\nGain = (S.P.) - (C.P.) = Rs.(5800 - 5500) = Rs. 300.\n\n\n\nGain % =\n\n300\nx 100\n%\n= 5\n5\n%\n\n\n5500\n11"}, {"question": "The cost price of 20 articles is the same as the selling price of x articles. If the profit is 25%, then the value of x is:", "opta": "15", "optb": "16", "optc": "18", "optd": "25", "ans": "B", "explanation": "Let C.P. of each article be Re. 1 C.P. of x articles = Rs. x.\nS.P. of x articles = Rs. 20.\nProfit = Rs. (20 - x).\n\n\n\n \n\n20 - x\nx 100 = 25\n\n\n\nx\n\n\n\n 2000 - 100x = 25x\n125x = 2000\n x = 16."}, {"question": "If selling price is doubled, the profit triples. Find the profit percent.", "opta": "66\n2\n\n\n3", "optb": "2", "ans": "B", "explanation": "Let C.P. be Rs. x and S.P. be Rs. y. \nThen, 3(y - x) = (2y - x) \u00a0\u00a0 y = 2x.\nProfit = Rs. (y - x) = Rs. (2x - x) = Rs. x.\n\n\n\n Profit % =\n\nx\nx 100\n% = 100%\n\n\nx"}, {"question": "In a certain store, the profit is 320% of the cost. If the cost increases by 25% but the selling price remains constant, approximately what percentage of the selling price is the profit?", "opta": "30%", "optb": "70%", "optc": "100%", "optd": "250%", "ans": "B", "explanation": "Let C.P.= Rs. 100. Then, Profit = Rs. 320, S.P. = Rs. 420.\nNew C.P. = 125% of Rs. 100 = Rs. 125\nNew S.P. = Rs. 420.\nProfit = Rs. (420 - 125) = Rs. 295.\n\n\n\n Required percentage =\n\n295\nx 100\n%\n=\n1475\n% = 70% (approximately).\n\n\n420\n21"}, {"question": "A vendor bought toffees at 6 for a rupee. How many for a rupee must he sell to gain 20%?", "opta": "3", "optb": "4", "optc": "5", "optd": "6", "ans": "C", "explanation": "C.P. of 6 toffees = Re. 1\n\n\n\nS.P. of 6 toffees = 120% of Re. 1 = Rs.\n6\n\n\n5\n\n\n\n\n\n\nFor Rs.\n6\n, toffees sold = 6.\n\n\n5\n\n\n\n\n\n\nFor Re. 1, toffees sold =\n\n6 x\n5\n\n= 5.\n\n\n6"}, {"question": "The percentage profit earned by selling an article for Rs. 1920 is equal to the percentage loss incurred by selling the same article for Rs. 1280. At what price should the article be sold to make 25% profit?", "opta": "Rs. 2000", "optb": "Rs. 2200", "optc": "Rs. 2400", "optd": "Data inadequate", "ans": "A", "explanation": "Let C.P. be Rs. x.\n\n\n\nThen,\n1920 - x\nx 100 =\nx - 1280\nx 100\n\n\nx\nx\n\n\n\n 1920 - x = x - 1280\n 2x = 3200\n x = 1600\n\n\n\n Required S.P. = 125% of Rs. 1600 = Rs.\n\n125\nx 1600\n\n= Rs 2000.\n\n\n100"}, {"question": "A shopkeeper expects a gain of 22.5% on his cost price. If in a week, his sale was of Rs. 392, what was his profit?", "opta": "Rs. 18.20", "optb": "Rs. 70", "optc": "Rs. 72", "optd": "Rs. 88.25", "ans": "C", "explanation": "C.P. = Rs.\n\n100\nx 392\n\n= Rs.\n\n1000\nx 392\n\n= Rs. 320\n\n\n122.5\n1225\n\n\n\n Profit = Rs. (392 - 320) = Rs. 72."}, {"question": "A man buys a cycle for Rs. 1400 and sells it at a loss of 15%. What is the selling price of the cycle?", "opta": "Rs. 1090", "optb": "Rs. 1160", "optc": "Rs. 1190", "optd": "Rs. 1202", "ans": "C", "explanation": "S.P. = 85% of Rs. 1400 = Rs.\n\n85\nx 1400\n\n= Rs. 1190\n\n\n100"}, {"question": "Sam purchased 20 dozens of toys at the rate of Rs. 375 per dozen. He sold each one of them at the rate of Rs. 33. What was his percentage profit?", "opta": "3.5", "optb": "4.5", "optc": "5.6", "optd": "6.5", "ans": "C", "explanation": "Cost Price of 1 toy = Rs.\n\n375\n\n= Rs. 31.25\n\n\n12\n\n\n\nSelling Price of 1 toy = Rs. 33\nSo, Gain = Rs. (33 - 31.25) = Rs. 1.75\n\n\n\n Profit % =\n\n1.75\nx 100\n%\n=\n28\n% = 5.6%\n\n\n31.25\n5"}, {"question": "Some articles were bought at 6 articles for Rs. 5 and sold at 5 articles for Rs. 6. Gain percent is:", "opta": "30%", "optb": "33\n1\n%\n\n\n3", "ans": "D", "explanation": "Suppose, number of articles bought = L.C.M. of 6 and 5 = 30.\n\n\n\nC.P. of 30 articles = Rs.\n\n5\nx 30\n\n= Rs. 25.\n\n\n6\n\n\n\n\n\n\nS.P. of 30 articles = Rs.\n\n6\nx 30\n\n= Rs. 36.\n\n\n5\n\n\n\n\n\n\n Gain % =\n\n11\nx 100\n% = 44%.\n\n\n25"}, {"question": "On selling 17 balls at Rs. 720, there is a loss equal to the cost price of 5 balls. The cost price of a ball is:", "opta": "Rs. 45", "optb": "Rs. 50", "optc": "Rs. 55", "optd": "Rs. 60", "ans": "D", "explanation": "(C.P. of 17 balls) - (S.P. of 17 balls) = (C.P. of 5 balls)\n C.P. of 12 balls = S.P. of 17 balls = Rs.720.\n\n\n\n C.P. of 1 ball = Rs.\n\n720\n\n= Rs. 60.\n\n\n12"}, {"question": "When a plot is sold for Rs. 18,700, the owner loses 15%. At what price must that plot be sold in order to gain 15%?", "opta": "Rs. 21,000", "optb": "Rs. 22,500", "optc": "Rs. 25,300", "optd": "Rs. 25,800", "ans": "C", "explanation": "85 : 18700 = 115 : x\n\n\n\n x =\n\n18700 x 115\n\n= 25300.\n\n\n85\n\n\n\nHence, S.P. = Rs. 25,300."}, {"question": "100 oranges are bought at the rate of Rs. 350 and sold at the rate of Rs. 48 per dozen. The percentage of profit or loss is:", "opta": "14\n2\n% gain\n\n\n7", "optb": "2", "ans": "A", "explanation": "C.P. of 1 orange = Rs.\n\n350\n\n= Rs. 3.50\n\n\n100\n\n\n\n\n\n\nS.P. of 1 orange = Rs.\n\n48\n\n= Rs. 4\n\n\n12\n\n\n\n\n\n\n Gain% =\n\n0.50\nx 100\n%\n=\n100\n% = 14\n2\n%\n\n\n3.50\n7\n7"}, {"question": "A shopkeeper sells one transistor for Rs. 840 at a gain of 20% and another for Rs. 960 at a loss of 4%. His total gain or loss percent is:", "opta": "5\n15\n% loss\n\n\n17", "optb": "15", "ans": "B", "explanation": "C.P. of 1st transistor = Rs.\n\n100\nx 840\n\n= Rs. 700.\n\n\n120\n\n\n\n\n\n\nC.P. of 2nd transistor = Rs.\n\n100\nx 960\n\n= Rs. 1000\n\n\n96\n\n\n\nSo, total C.P. = Rs. (700 + 1000) = Rs. 1700.\nTotal S.P. = Rs. (840 + 960) = Rs. 1800.\n\n\n\n Gain % =\n\n100\nx 100\n%\n= 5\n15\n%\n\n\n1700\n17"}, {"question": "A trader mixes 26 kg of rice at Rs. 20 per kg with 30 kg of rice of other variety at Rs. 36 per kg and sells the mixture at Rs. 30 per kg. His profit percent is:", "opta": "No profit, no loss", "optb": "5%", "optc": "8%", "optd": "10%", "opte": "None of these", "ans": "B", "explanation": "C.P. of 56 kg rice = Rs. (26 x 20 + 30 x 36) = Rs. (520 + 1080) = Rs. 1600.\nS.P. of 56 kg rice = Rs. (56 x 30) = Rs. 1680.\n\n\n\n Gain =\n\n80\nx 100\n% = 5%.\n\n\n1600"}]]}