{"test_questions": [[{"question": "A person crosses a 600 m long street in 5 minutes. What is his speed in km per hour?", "opta": "3.6", "optb": "7.2", "optc": "8.4", "optd": "10", "ans": "B", "explanation": "Speed =\n\n600\nm/sec.\n\n\n5 x 60\n\n\n\n\u00a0\u00a0 = 2 m/sec.\nConverting m/sec to km/hr (see important formulas section)\n\n\n\n\u00a0\u00a0 =\n\n2 x\n18\n\nkm/hr\n\n\n5\n\n\n\n\u00a0\u00a0 = 7.2 km/hr."}, {"question": "An aeroplane covers a certain distance at a speed of 240 kmph in 5 hours. To cover the same distance in 1 hours, it must travel at a speed of:", "opta": "300 kmph", "optb": "360 kmph", "optc": "600 kmph", "optd": "720 kmph", "ans": "D", "explanation": "Distance = (240 x 5) = 1200 km.\nSpeed = Distance/Time\nSpeed = 1200/(5/3) km/hr. \u00a0 \u00a0 [We can write 1 hours as 5/3 hours]\n\n\n\n Required speed =\n\n1200 x\n3\nkm/hr\n= 720 km/hr.\n\n\n5"}, {"question": "If a person walks at 14 km/hr instead of 10 km/hr, he would have walked 20 km more. The actual distance travelled by him is:", "opta": "50 km", "optb": "56 km", "optc": "70 km", "optd": "80 km", "ans": "A", "explanation": "Let the actual distance travelled be x km.\n\n\n\nThen,\nx\n=\nx + 20\n\n\n10\n14\n\n\n\n 14x = 10x + 200\n 4x = 200\n x = 50 km."}, {"question": "A train can travel 50% faster than a car. Both start from point A at the same time and reach point B 75 kms away from A at the same time. On the way, however, the train lost about 12.5 minutes while stopping at the stations. The speed of the car is:", "opta": "100 kmph", "optb": "110 kmph", "optc": "120 kmph", "optd": "130 kmph", "ans": "C", "explanation": "Let speed of the car be x kmph.\n\n\n\nThen, speed of the train =\n150\nx\n=\n\n3\nx\nkmph.\n\n\n100\n2\n\n\n\n\n\n\n \n75\n-\n75\n=\n125\n\n\nx\n(3/2)x\n10 x 60\n\n\n\n\n\n\n \n75\n-\n50\n=\n5\n\n\nx\nx\n24\n\n\n\n\n\n\n x =\n\n25 x24\n\n= 120 kmph.\n\n\n5"}, {"question": "Excluding stoppages, the speed of a bus is 54 kmph and including stoppages, it is 45 kmph. For how many minutes does the bus stop per hour?", "opta": "9", "optb": "10", "optc": "12", "optd": "20", "ans": "B", "explanation": "Due to stoppages, it covers 9 km less.\n\n\n\nTime taken to cover 9 km =\n\n9\nx 60\nmin\n= 10 min.\n\n\n54"}, {"question": "In a flight of 600 km, an aircraft was slowed down due to bad weather. Its average speed for the trip was reduced by 200 km/hr and the time of flight increased by 30 minutes. The duration of the flight is:", "opta": "1 hour", "optb": "2 hours", "optc": "3 hours", "optd": "4 hours", "ans": "A", "explanation": "Let the duration of the flight be x hours.\n\n\n\nThen,\n600\n-\n600\n= 200\n\n\nx\nx + (1/2)\n\n\n\n\n\n\n \n600\n-\n1200\n= 200\n\n\nx\n2x + 1\n\n\n\n x(2x + 1) = 3\n 2x2  + x - 3 = 0\n (2x + 3)(x - 1) = 0\n x = 1 hr. \u00a0 \u00a0 \u00a0[neglecting the -ve value of x]"}, {"question": "A man complete a journey in 10 hours. He travels first half of the journey at the rate of 21 km/hr and second half at the rate of 24 km/hr. Find the total journey in km.", "opta": "220 km", "optb": "224 km", "optc": "230 km", "optd": "234 km", "ans": "B", "explanation": "(1/2)x\n+\n(1/2)x\n= 10\n\n\n21\n24\n\n\n\n\n\n\n \nx\n+\nx\n= 20\n\n\n21\n24\n\n\n\n 15x = 168 x 20\n\n\n\n x =\n\n168 x 20\n\n= 224 km.\n\n\n15"}, {"question": "The ratio between the speeds of two trains is 7 : 8. If the second train runs 400 km in 4 hours, then the speed of the first train is:", "opta": "70 km/hr", "optb": "75 km/hr", "optc": "84 km/hr", "optd": "87.5 km/hr", "ans": "D", "explanation": "Let the speed of two trains be 7x and 8x km/hr.\n\n\nThen, 8x =\n\n400\n\n= 100\n\n\n4\n\n\n\n\n\n\n x =\n\n100\n\n= 12.5\n\n\n8\n\n\n\n\n Speed of first train = (7 x 12.5) km/hr = 87.5 km/hr."}, {"question": "A man on tour travels first 160 km at 64 km/hr and the next 160 km at 80 km/hr. The average speed for the first 320 km of the tour is:", "opta": "35.55 km/hr", "optb": "36 km/hr", "optc": "71.11 km/hr", "optd": "71 km/hr", "ans": "C", "explanation": "Total time taken =\n\n160\n+\n160\nhrs.\n=\n9\nhrs.\n\n\n64\n80\n2\n\n\n\n\n\n\n Average speed =\n\n320 x\n2\nkm/hr\n= 71.11 km/hr.\n\n\n9"}, {"question": "A car travelling with  of its actual speed covers 42 km in 1 hr 40 min 48 sec. Find the actual speed of the car.", "opta": "17\n6\nkm/hr\n\n\n7", "optb": "6", "ans": "D", "explanation": "Time taken = 1 hr 40 min 48 sec = 1 hr 40\n4\nmin = 1\n51\nhrs =\n126\nhrs.\n\n\n5\n75\n75\n\n\n\nLet the actual speed be x km/hr.\n\n\n\nThen, \n5\nx x\n126\n= 42\n\n\n7\n75\n\n\n\n\n\n\n x =\n\n42 x 7 x 75\n\n= 35 km/hr.\n\n\n5 x 126"}, {"question": "In covering a distance of 30 km, Abhay takes 2 hours more than Sameer. If Abhay doubles his speed, then he would take 1 hour less than Sameer. Abhay's speed is:", "opta": "5 kmph", "optb": "6 kmph", "optc": "6.25 kmph", "optd": "7.5 kmph", "ans": "A", "explanation": "Let Abhay's speed be x km/hr.\n\n\n\nThen,\n30\n-\n30\n= 3\n\n\nx\n2x\n\n\n\n 6x = 30\n x = 5 km/hr."}, {"question": "Robert is travelling on his cycle and has calculated to reach point A at 2 P.M. if he travels at 10 kmph, he will reach there at 12 noon if he travels at 15 kmph. At what speed must he travel to reach A at 1 P.M.?", "opta": "8 kmph", "optb": "11 kmph", "optc": "12 kmph", "optd": "14 kmph", "ans": "C", "explanation": "Let the distance travelled by x km.\n\n\n\nThen,\nx\n-\nx\n= 2\n\n\n10\n15\n\n\n\n 3x - 2x = 60\n x = 60 km.\n\n\n\nTime taken to travel 60 km at 10 km/hr =\n\n60\nhrs\n= 6 hrs.\n\n\n10\n\n\n\nSo, Robert started 6 hours before 2 P.M. i.e., at 8 A.M.\n\n\n\n Required speed =\n\n60\nkmph.\n= 12 kmph.\n\n\n5"}, {"question": "It takes eight hours for a 600 km journey, if 120 km is done by train and the rest by car. It takes 20 minutes more, if 200 km is done by train and the rest by car. The ratio of the speed of the train to that of the cars is:", "opta": "2 : 3", "optb": "3 : 2", "optc": "3 : 4", "optd": "4 : 3", "ans": "C", "explanation": "Let the speed of the train be x km/hr and that of the car be y km/hr.\n\n\n\nThen,\n120\n+\n480\n= 8 \u00a0 \u00a0 \u00a0  \n1\n+\n4\n=\n1\n....(i)\n\n\nx\ny\nx\ny\n15\n\n\n\n\n\n\nAnd,\n200\n+\n400\n=\n25\n\u00a0 \u00a0  \n1\n+\n2\n=\n1\n....(ii)\n\n\nx\ny\n3\nx\ny\n24\n\n\n\nSolving (i) and  (ii), we get: x = 60 and y = 80.\n Ratio of speeds = 60 : 80 = 3 : 4."}, {"question": "A farmer travelled a distance of 61 km in 9 hours. He travelled partly on foot @ 4 km/hr and partly on bicycle @ 9 km/hr. The distance travelled on foot is:", "opta": "14 km", "optb": "15 km", "optc": "16 km", "optd": "17 km", "ans": "C", "explanation": "Let the distance travelled on foot be x km.\nThen, distance travelled on bicycle = (61 -x) km.\n\n\n\nSo,\nx\n+\n(61 -x)\n= 9\n\n\n4\n9\n\n\n\n 9x + 4(61 -x) = 9 x 36\n 5x = 80\n x = 16 km."}, {"question": "A man covered a certain distance at some speed. Had he moved 3 kmph faster, he would have taken 40 minutes less. If he had moved 2 kmph slower, he would have taken 40 minutes more. The distance (in km) is:", "opta": "35", "optb": "36\n2\n\n\n3", "ans": "D", "explanation": "Let distance = x km and usual rate = y kmph.\n\n\n\nThen,\nx\n-\nx\n=\n40\n\u00a0  \u00a0 2y(y + 3) = 9x ....(i) \n\n\ny\ny + 3\n60\n\n\n\n\n\n\nAnd,\nx\n-\nx\n=\n40\n\u00a0  \u00a0 y(y - 2) = 3x ....(ii) \n\n\ny -2\ny\n60\n\n\n\nOn dividing (i) by (ii), we get: x = 40."}]]}