{"test_questions": [[{"question": "Evaluate :\n(2.39)2 - (1.61)2\n\n\n2.39 - 1.61", "opta": "2", "optb": "4", "optc": "6", "optd": "8", "ans": "B", "explanation": "Given Expression =\na2 - b2\n=\n(a + b)(a - b)\n= (a + b) = (2.39 + 1.61) = 4.\n\n\na - b\n(a - b)"}, {"question": "What decimal of an hour is a second ?", "opta": ".0025", "optb": ".0256", "optc": ".00027", "optd": ".000126", "ans": "C", "explanation": "Required decimal = \n1\n=\n1\n= .00027\n\n\n60 x 60\n3600"}, {"question": "The value of\n(0.96)3 - (0.1)3 \nis:\n\n\n(0.96)2 + 0.096 + (0.1)2", "opta": "0.86", "optb": "0.95", "optc": "0.97", "optd": "1.06", "ans": "A", "explanation": "Given expression\n\n\n\n=\n(0.96)3 - (0.1)3\n\n\n(0.96)2 + (0.96 x 0.1) + (0.1)2\n\n\n\n\n\n\n\n\n\n=\n\na3 - b3\n\n\n\na2 + ab + b2\n\n\n\n\n\n\n\n\n\n= (a - b)\n\n\n= (0.96 - 0.1)\n\n\n= 0.86"}, {"question": "The value of\n0.1 x 0.1 x 0.1 + 0.02 x 0.02 x 0.02\nis:\n\n\n0.2 x 0.2 x 0.2 + 0.04 x 0.04 x 0.04", "opta": "0.0125", "optb": "0.125", "optc": "0.25", "optd": "0.5", "ans": "B", "explanation": "Given expression = \n(0.1)3 + (0.02)3\n=\n1\n= 0.125\n\n\n23 [(0.1)3 + (0.02)3]\n8"}, {"question": "If 2994 \u00f7 14.5 = 172, then 29.94 \u00f7 1.45 = ?", "opta": "0.172", "optb": "1.72", "optc": "17.2", "optd": "172", "ans": "C", "explanation": "29.94\n=\n299.4\n\n\n1.45\n14.5\n\n\n\n\n\n\n= \n\n2994\nx\n1\n\n[ Here, Substitute 172 in the place of 2994/14.5 ]\n\n\n14.5\n10\n\n\n\n\n\n\n= \n172\n\n\n10\n\n\n\n= 17.2"}, {"question": "When 0.232323..... is converted into a fraction, then the result is:", "opta": "1\n\n\n5", "optb": "5", "ans": "C", "explanation": "0.232323... = 0.23 = \n23\n\n\n99"}, {"question": ".009\n= .01\n\n\n?", "opta": ".0009", "optb": ".09", "optc": ".9", "optd": "9", "ans": "C", "explanation": "Let\n.009\n= .01; \u00a0\u00a0\u00a0\u00a0Then x =\n.009\n=\n.9\n= .9\n\n\nx\n.01\n1"}, {"question": "The expression (11.98 x 11.98 + 11.98 x x + 0.02 x 0.02) will be a perfect square for x equal to:", "opta": "0.02", "optb": "0.2", "optc": "0.04", "optd": "0.4", "ans": "C", "explanation": "Given expression = (11.98)2 + (0.02)2 + 11.98  x x.\nFor the given expression to be a perfect square, we must have\n11.98 x x = 2 x 11.98 x 0.02 or x \u00a0\u00a0= 0.04"}, {"question": "(0.1667)(0.8333)(0.3333)\nis approximately equal to:\n\n\n(0.2222)(0.6667)(0.1250)", "opta": "2", "optb": "2.40", "optc": "2.43", "optd": "2.50", "ans": "D", "explanation": "Given expression\n\n\n\n=\n(0.3333)\nx\n(0.1667)(0.8333)\n\n\n(0.2222)\n(0.6667)(0.1250)\n\n\n\n\n\n\n\n\n\n=\n3333\nx\n\n\n\n1\nx\n5\n\n\n6\n6\n\n\n\n\n\n2222\n\n\n2\nx\n125\n\n\n3\n1000\n\n\n\n\n\n\n\n\n\n\n\n=\n\n3\nx\n1\nx\n5\nx\n3\nx 8\n\n\n\n2\n6\n6\n2\n\n\n\n\n\n\n\n\n\n=\n5\n\n\n2\n\n\n\n\n\n\n= 2.50"}, {"question": "3889 + 12.952  - ? = 3854.002", "opta": "47.095", "optb": "47.752", "optc": "47.932", "optd": "47.95", "ans": "D", "explanation": "Let 3889 + 12.952 - x = 3854.002.\nThen x = (3889 + 12.952) - 3854.002\n\u00a0\u00a0 = 3901.952 - 3854.002\n\u00a0\u00a0 = 47.95."}, {"question": "0.04 x 0.0162 is equal to:", "opta": "6.48 x 10-3", "optb": "6.48 x 10-4", "optc": "6.48 x 10-5", "optd": "6.48 x 10-6", "ans": "B", "explanation": "4 x 162 = 648. Sum of decimal places = 6.\r\nSo, 0.04 x 0.0162 = 0.000648 = 6.48 x 10-4"}, {"question": "4.2 x 4.2 - 1.9 x 1.9\nis equal to:\n\n\n2.3 x 6.1", "opta": "0.5", "optb": "1.0", "optc": "20", "optd": "22", "ans": "B", "explanation": "Given Expression =\n(a2 - b2)\n=\n(a2 - b2)\n= 1.\n\n\n(a + b)(a - b)\n(a2 - b2)"}, {"question": "If\n144\n=\n14.4\n, then the value of x is:\n\n\n0.144\nx", "opta": "0.0144", "optb": "1.44", "optc": "14.4", "optd": "144", "ans": "A", "explanation": "144\n=\n14.4\n\n\n0.144\nx\n\n\n\n\n\n\n\n144 x 1000\n=\n14.4\n\n\n144\nx\n\n\n\n\n\n\n x = \n14.4\n= 0.0144\n\n\n1000"}, {"question": "The price of commodity X increases by 40 paise every year, while the price of commodity Y increases by 15 paise every year. If in 2001, the price of commodity X was Rs. 4.20 and that of Y was Rs. 6.30, in which year commodity X will cost 40 paise more than the commodity Y ?", "opta": "2010", "optb": "2011", "optc": "2012", "optd": "2013", "ans": "B", "explanation": "Suppose commodity X will cost 40 paise more than Y after z years.\nThen, (4.20 + 0.40z) - (6.30 + 0.15z) = 0.40\n 0.25z = 0.40 + 2.10\n\n\n\n z = \n2.50\n=\n250\n= 10.\n\n\n0.25\n25\n\n\n\n X will cost 40 paise more than Y 10 years after 2001 i.e., 2011."}, {"question": "Which of the following are in descending order of their value ?", "opta": "1\n,\n2\n,\n3\n,\n4\n,\n5\n,\n6\n\n\n3\n5\n7\n5\n6\n7", "optb": ",", "ans": "D", "explanation": "No answer description available for this question. Let us discuss."}, {"question": "Which of the following fractions is greater than\n3\nand less than\n5\n ?\n\n\n4\n6", "opta": "1\n\n\n2", "optb": "2", "ans": "C", "explanation": "3\n= 0.75, \u00a0\u00a0\n5\n= 0.833, \u00a0\u00a0\n1\n= 0.5, \u00a0\u00a0\n2\n= 0.66, \u00a0\u00a0\n4\n= 0.8, \u00a0\u00a0\n9\n= 0.9.\n\n\n4\n6\n2\n3\n5\n10\n\n\n\nClearly, 0.8 lies between 0.75 and 0.833.\n\n\n\n \n4\nlies between\n3\nand\n5\n.\n\n\n5\n4\n6"}, {"question": "The rational number for recurring decimal 0.125125.... is:", "opta": "63\n\n\n487", "optb": "487", "ans": "C", "explanation": "0.125125... = 0.125 = \n125\n\n\n999"}, {"question": "617 + 6.017 + 0.617 + 6.0017 = ?", "opta": "6.2963", "optb": "62.965", "optc": "629.6357", "optd": "None of these", "ans": "C", "explanation": "617.00\n    6.017\n    0.617\n +  6.0017\n  --------\n  629.6357\n  ---------"}, {"question": "The value of\n489.1375 x 0.0483 x 1.956\nis closest to:\n\n\n0.0873 x 92.581 x 99.749", "opta": "0.006", "optb": "0.06", "optc": "0.6", "optd": "6", "ans": "B", "explanation": "489.1375 x 0.0483 x 1.956\n\n489 x 0.05 x 2\n\n\n0.0873 x 92.581 x 99.749\n0.09 x 93 x 100\n\n\n\n\n\n\n=\n489\n\n\n9 x 93 x 10\n\n\n\n\n\n\n=\n163\nx\n1\n\n\n279\n10\n\n\n\n\n\n\n=\n0.58\n\n\n10\n\n\n\n= 0.058  0.06."}, {"question": "0.002 x 0.5 = ?", "opta": "0.0001", "optb": "0.001", "optc": "0.01", "optd": "0.1", "ans": "B", "explanation": "2 x 5 = 10.\nSum of decimal places = 4\n 0.002 x 0.5 = 0.001"}, {"question": "34.95 + 240.016 + 23.98 = ?", "opta": "298.0946", "optb": "298.111", "optc": "298.946", "optd": "299.09", "ans": "C", "explanation": "34.95\n  240.016\n + 23.98\n --------\n  298.946\n --------"}, {"question": "Which of the following is equal to 3.14 x 106  ?", "opta": "314", "optb": "3140", "optc": "3140000", "optd": "None of these", "ans": "C", "explanation": "3.14 x 106 = 3.14 x 1000000 = 3140000."}, {"question": "The least among the following is:", "opta": "0.2", "optb": "1 \u00f7 0.2", "optc": "0.2", "optd": "(0.2)2", "ans": "D", "explanation": "1 \u00f7 0.2 =\n1\n=\n10\n= 5;\n\n\n0.2\n2\n\n\n\n0.2 = 0.222...;\n(0.2)2 = 0.04.\n0.04 < 0.2 < 0.22....<5.\nSince 0.04 is the least, so (0.2)2 is the least."}, {"question": "5 x 1.6 - 2 x 1.4\n = ?\n\n\n1.3", "opta": "0.4", "optb": "1.2", "optc": "1.4", "optd": "4", "ans": "D", "explanation": "Given Expression =\n8 - 2.8\n=\n5.2\n=\n52\n= 4.\n\n\n1.3\n1.3\n13"}, {"question": "How many digits will be there to the right of the decimal point in the product of 95.75 and .02554 ?", "opta": "5", "optb": "6", "optc": "7", "optd": "None of these", "ans": "B", "explanation": "Sum of decimal places = 7.\nSince the last digit to the extreme right will be zero (since 5 x 4 = 20), so there will be 6 significant digits to the right of the decimal point."}, {"question": "The correct expression of 6.46 in the fractional form is:", "opta": "646\n\n\n99", "optb": "99", "ans": "D", "explanation": "6.46\u00a0 = 6 + 0.46\u00a0 = 6 +\n46\n\u00a0\u00a0=\n594 + 46\n\u00a0\u00a0=\n640\n.\n\n\n99\n99\n99"}, {"question": "The fraction 101\n27\nin decimal for is:\n\n\n100000", "opta": ".01027", "optb": ".10127", "optc": "101.00027", "optd": "101.000027", "ans": "C", "explanation": "101\n27\n= 101 +\n27\n= 101 + .00027 = 101.00027\n\n\n100000\n100000"}, {"question": "0.0203 x 2.92\n= ?\n\n\n0.0073 x 14.5 x 0.7", "opta": "0.8", "optb": "1.45", "optc": "2.40", "optd": "3.25", "ans": "A", "explanation": "0.0203 x 2.92\n=\n203 x 292\n=\n4\n = 0.8\n\n\n0.0073 x 14.5 x 0.7\n73 x 145 x 7\n5"}, {"question": "4.036 divided by 0.04 gives :", "opta": "1.009", "optb": "10.09", "optc": "100.9", "optd": "None of these", "ans": "C", "explanation": "4.036\n=\n403.6\n= 100.9\n\n\n0.04\n4"}, {"question": "3.87 - 2.59 = ?", "opta": "1.20", "optb": "1.2", "optc": "1.27", "optd": "1.28", "ans": "D", "explanation": "3.87 - 2.59 = (3 + 0.87) - (2 + 0.59)\n\n\n\n=\n\n3 +\n87\n\n-\n\n2 +\n59\n\n\n\n99\n99\n\n\n\n\n\n\n = 1 +\n\n87\n-\n59\n\n\n\n99\n99\n\n\n\n\n\n\n= 1 + \n28\n\n\n99\n\n\n\n= 1.28."}]]}