{"test_questions": [[{"question": "Three pipes A, B and C can fill a tank from empty to full in 30 minutes, 20 minutes, and 10 minutes respectively. When the tank is empty, all the three pipes are opened. A, B and C discharge chemical solutions P,Q and R respectively. What is the proportion of the solution R in the liquid in the tank after 3 minutes?", "opta": "5\n\n\n11", "optb": "11", "ans": "B", "explanation": "Part filled by (A + B + C) in 3 minutes = 3\n\n1\n+\n1\n+\n1\n\n=\n\n3 x\n11\n\n=\n11\n.\n\n\n30\n20\n10\n60\n20\n\n\n\n\n\n\nPart filled by C in 3 minutes =\n3\n.\n\n\n10\n\n\n\n\n\n\n Required ratio =\n\n3\nx\n20\n\n=\n6\n.\n\n\n10\n11\n11"}, {"question": "Pipes A and B can fill a tank in 5 and 6 hours respectively. Pipe C can empty it in 12 hours. If all the three pipes are opened together, then the tank will be filled in:", "opta": "1\n13\nhours\n\n\n17", "optb": "13", "ans": "C", "explanation": "Net part filled in 1 hour\n\n1\n+\n1\n-\n1\n\n=\n17\n    .\n\n\n5\n6\n12\n60\n\n\n\n\n\n\n The tank will be full in\n60\nhours i.e., 3\n9\nhours.\n\n\n17\n17"}, {"question": "A pump can fill a tank with water in 2 hours. Because of a leak, it took 2 hours to fill the tank. The leak can drain all the water of the tank in:", "opta": "4\n1\nhours\n\n\n3", "optb": "1", "ans": "D", "explanation": "Work done by the leak in 1 hour =\n\n1\n-\n3\n\n=\n1\n.\n\n\n2\n7\n14\n\n\n\n Leak will empty the tank in 14 hrs."}, {"question": "Two pipes A and B can fill a cistern in 37 minutes and 45 minutes respectively. Both pipes are opened. The cistern will be filled in just half an hour, if the B is turned off after:", "opta": "5 min.", "optb": "9 min.", "optc": "10 min.", "optd": "15 min.", "ans": "B", "explanation": "Let B be turned off after x minutes. Then,\nPart filled by (A + B) in x min. + Part filled by A in (30 -x) min. = 1.\n\n\n\n x\n\n2\n+\n1\n\n+ (30 - x).\n2\n= 1\n\n\n75\n45\n75\n\n\n\n\n\n\n \n11x\n+\n(60 -2x)\n= 1\n\n\n225\n75\n\n\n\n 11x + 180 - 6x = 225.\n x = 9."}, {"question": "A tank is filled by three pipes with uniform flow. The first two pipes operating simultaneously fill the tank in the same time during which the tank is filled by the third pipe alone. The second pipe fills the tank 5 hours faster than the first pipe and 4 hours slower than the third pipe. The time required by the first pipe is:", "opta": "6 hours", "optb": "10 hours", "optc": "15 hours", "optd": "30 hours", "ans": "C", "explanation": "Suppose, first pipe alone takes x hours to fill the tank .\nThen, second and third pipes will take (x -5) and (x - 9) hours respectively to fill the tank.\n\n\n\n \n1\n+\n1\n=\n1\n\n\nx\n(x - 5)\n(x - 9)\n\n\n\n\n\n\n \nx - 5 + x\n=\n1\n\n\nx(x - 5)\n(x - 9)\n\n\n\n (2x - 5)(x - 9) = x(x - 5)\n x2 - 18x + 45 = 0\n(x - 15)(x - 3) = 0\n x = 15. \u00a0 \u00a0[neglecting x = 3]"}, {"question": "Two pipes can fill a tank in 20 and 24 minutes respectively and a waste pipe can empty 3 gallons per minute. All the three pipes working together can fill the tank in 15 minutes. The capacity of the tank is:", "opta": "60 gallons", "optb": "100 gallons", "optc": "120 gallons", "optd": "180 gallons", "ans": "C", "explanation": "Work done by the waste pipe in 1 minute =\n1\n-\n\n1\n+\n1\n\n\n\n15\n20\n24\n\n\n\n\n\n\n\u00a0 \u00a0 =\n\n1\n-\n11\n\n\n\n15\n120\n\n\n\n\n\n\n\u00a0 \u00a0 = -\u00a0\n1\n.\u00a0 \u00a0 [-ve sign means emptying]\n\n\n40\n\n\n\n\n\n\n Volume of \n1\npart = 3 gallons.\n\n\n40\n\n\n\nVolume of whole = (3 x 40) gallons = 120 gallons."}, {"question": "A tank is filled in 5 hours by three pipes A, B and C. The pipe C is twice as fast as B and B is twice as fast as A. How much time will pipe A alone take to fill the tank?", "opta": "20 hours", "optb": "25 hours", "optc": "35 hours", "optd": "Cannot be determined", "opte": "None of these", "ans": "C", "explanation": "Suppose pipe A alone takes x hours to fill the tank.\n\n\n\nThen, pipes B and C will take\nx\nand\nx\nhours respectively to fill the tank.\n\n\n2\n4\n\n\n\n\n\n\n \n1\n+\n2\n+\n4\n=\n1\n\n\nx\nx\nx\n5\n\n\n\n\n\n\n \n7\n=\n1\n\n\nx\n5\n\n\n\n x = 35 hrs."}, {"question": "Two pipes A and B together can fill a cistern in 4 hours. Had they been opened separately, then B would have taken 6 hours more than A to fill the cistern. How much time will be taken by A to fill the cistern separately?", "opta": "1 hour", "optb": "2 hours", "optc": "6 hours", "optd": "8 hours", "ans": "C", "explanation": "Let the cistern be filled by pipe A alone in x hours.\nThen, pipe B will fill it in (x + 6) hours.\n\n\n\n \n1\n+\n1\n=\n1\n\n\nx\n(x + 6)\n4\n\n\n\n\n\n\n \nx + 6 + x\n=\n1\n\n\nx(x + 6)\n4\n\n\n\n x2 - 2x - 24 = 0\n (x -6)(x + 4) = 0\n x = 6. \u00a0 \u00a0 [neglecting the negative value of x]"}, {"question": "Two pipes A and B can fill a tank in 20 and 30 minutes respectively. If both the pipes are used together, then how long will it take to fill the tank?", "opta": "12 min", "optb": "15 min", "optc": "25 min", "optd": "50 min", "ans": "A", "explanation": "Part filled by A in 1 min =\n1\n.\n\n\n20\n\n\n\n\n\n\nPart filled by B in 1 min =\n1\n.\n\n\n30\n\n\n\n\n\n\nPart filled by (A + B) in 1 min =\n\n1\n+\n1\n\n=\n1\n.\n\n\n20\n30\n12\n\n\n\n Both pipes can fill the tank in 12 minutes."}, {"question": "Two pipes A and B can fill a tank in 15 minutes and 20 minutes respectively. Both the pipes are opened together but after 4 minutes, pipe A is turned off. What is the total time required to fill the tank?", "opta": "10 min. 20 sec.", "optb": "11 min. 45 sec.", "optc": "12 min. 30 sec.", "optd": "14 min. 40 sec.", "ans": "D", "explanation": "Part filled in 4 minutes = 4\n\n1\n+\n1\n\n=\n7\n.\n\n\n15\n20\n15\n\n\n\n\n\n\nRemaining part =\n\n1 -\n7\n\n=\n8\n.\n\n\n15\n15\n\n\n\n\n\n\nPart filled by B in 1 minute =\n1\n\n\n20\n\n\n\n\n\n\n \n1\n:\n8\n:: 1 : x\n\n\n20\n15\n\n\n\n\n\n\nx =\n\n8\nx 1 x 20\n\n= 10\n2\nmin = 10 min. 40 sec.\n\n\n15\n3\n\n\n\n The tank will be full in (4 min. + 10 min. + 40 sec.) = 14 min. 40 sec."}, {"question": "One pipe can fill a tank three times as fast as another pipe. If together the two pipes can fill the tank in 36 minutes, then the slower pipe alone will be able to fill the tank in:", "opta": "81 min.", "optb": "108 min.", "optc": "144 min.", "optd": "192 min.", "ans": "C", "explanation": "Let the slower pipe alone fill the tank in x minutes.\n\n\nThen, faster pipe will fill it in\nx\nminutes.\n\n\n3\n\n\n\n\n\n\n \n1\n+\n3\n=\n1\n\n\nx\nx\n36\n\n\n\n\n\n\n \n4\n=\n1\n\n\nx\n36\n\n\n\n x = 144 min."}, {"question": "A large tanker can be filled by two pipes A and B in 60 minutes and 40 minutes respectively. How many minutes will it take to fill the tanker from empty state if B is used for half the time and A and B fill it together for the other half?", "opta": "15 min", "optb": "20 min", "optc": "27.5 min", "optd": "30 min", "ans": "D", "explanation": "Part filled by (A + B) in 1 minute =\n\n1\n+\n1\n\n=\n1\n.\n\n\n60\n40\n24\n\n\n\nSuppose the tank is filled in x minutes.\n\n\n\nThen,\nx\n\n1\n+\n1\n\n= 1\n\n\n2\n24\n40\n\n\n\n\n\n\n \nx\nx\n1\n= 1\n\n\n2\n15\n\n\n\n x = 30 min."}, {"question": "A tap can fill a tank in 6 hours. After half the tank is filled, three more similar taps are opened. What is the total time taken to fill the tank completely?", "opta": "3 hrs 15 min", "optb": "3 hrs 45 min", "optc": "4 hrs", "optd": "4 hrs 15 min", "ans": "B", "explanation": "Time taken by one tap to fill half of the tank = 3 hrs.\n\n\n\nPart filled by the four taps in 1 hour = \n\n4 x\n1\n\n=\n2\n.\n\n\n6\n3\n\n\n\n\n\n\nRemaining part =\n\n1 -\n1\n\n=\n1\n.\n\n\n2\n2\n\n\n\n\n\n\n \n2\n:\n1\n:: 1 : x\n\n\n3\n2\n\n\n\n\n\n\n x =\n\n1\nx 1 x\n3\n\n=\n3\nhours i.e., 45 mins.\n\n\n2\n2\n4\n\n\n\nSo, total time taken = 3 hrs. 45 mins."}, {"question": "Three taps A, B and C can fill a tank in 12, 15 and 20 hours respectively. If A is open all the time and B and C are open for one hour each alternately, the tank will be full in:", "opta": "6 hours", "optb": "6\n2\nhours\n\n\n3", "ans": "C", "explanation": "(A + B)'s 1 hour's work =\n\n1\n+\n1\n\n=\n9\n=\n3\n.\n\n\n12\n15\n60\n20\n\n\n\n\n\n\n(A + C)'s  hour's work =\n\n1\n+\n1\n\n=\n8\n=\n2\n.\n\n\n12\n20\n60\n15\n\n\n\n\n\n\nPart filled in 2 hrs =\n\n3\n+\n2\n\n=\n17\n.\n\n\n20\n15\n60\n\n\n\n\n\n\nPart filled in 6 hrs =\n\n3 x\n17\n\n=\n17\n.\n\n\n60\n20\n\n\n\n\n\n\nRemaining part =\n\n1 -\n17\n\n=\n3\n.\n\n\n20\n20\n\n\n\n\n\n\nNow, it is the turn of A and B and\n3\npart is filled by A and B in 1 hour.\n\n\n20\n\n\n\n Total time taken to fill the tank = (6 + 1) hrs = 7 hrs."}, {"question": "Three pipes A, B and C can fill a tank in 6 hours. After working at it together for 2 hours, C is closed and A and B can fill the remaining part in 7 hours. The number of hours taken by C alone to fill the tank is:", "opta": "10", "optb": "12", "optc": "14", "optd": "16", "ans": "C", "explanation": "Part filled in 2 hours =\n2\n=\n1\n\n\n6\n3\n\n\n\n\n\n\nRemaining part =\n\n1 -\n1\n\n=\n2\n.\n\n\n3\n3\n\n\n\n\n\n\n (A + B)'s 7 hour's work =\n2\n\n\n3\n\n\n\n\n\n\n(A + B)'s 1 hour's work =\n2\n\n\n21\n\n\n\n C's 1 hour's work = { (A + B + C)'s 1 hour's work } - { (A + B)'s 1 hour's work }\n\n\n\n\u00a0\u00a0 =\n\n1\n-\n2\n\n=\n1\n\n\n6\n21\n14\n\n\n\n C alone can fill the tank in 14 hours."}]]}