{"test_questions": [[{"question": "A right triangle with sides 3 cm, 4 cm and 5 cm is rotated the side of 3 cm to form a cone. The volume of the cone so formed is:", "opta": "12 cm3", "optb": "15 cm3", "optc": "16 cm3", "optd": "20 cm3", "ans": "A", "explanation": "Clearly, we have r = 3 cm and h = 4 cm.\n\n\n\n Volume =\n1\nr2h =\n\n1\nx  x 32 x 4\ncm3\n= 12 cm3.\n\n\n3\n3"}, {"question": "In a shower, 5 cm of rain falls. The volume of water that falls on 1.5 hectares of ground is:", "opta": "75 cu. m", "optb": "750 cu. m", "optc": "7500 cu. m", "optd": "75000 cu. m", "ans": "B", "explanation": "1 hectare = 10,000 m2\nSo, Area = (1.5 x 10000) m2 = 15000 m2.\n\n\n\nDepth =\n5\nm\n=\n1\nm.\n\n\n100\n20\n\n\n\n\n\n\n Volume = (Area x Depth) =\n\n15000 x\n1\nm3\n= 750 m3.\n\n\n20"}, {"question": "A hall is 15 m long and 12 m broad. If the sum of the areas of the floor and the ceiling is equal to the sum of the areas of four walls, the volume of the hall is:", "opta": "720", "optb": "900", "optc": "1200", "optd": "1800", "ans": "C", "explanation": "2(15 + 12) x h = 2(15 x 12)\n\n\n\n h =\n180\nm =\n20\nm.\n\n\n27\n3\n\n\n\n\n\n\n Volume =\n\n15 x 12 x\n20\nm3\n= 1200 m3.\n\n\n3"}, {"question": "66 cubic centimetres of silver is drawn into a wire 1 mm in diameter. The length of the wire in metres will be:", "opta": "84", "optb": "90", "optc": "168", "optd": "336", "ans": "A", "explanation": "Let the length of the wire be h.\n\n\n\nRadius =\n1\nmm\n=\n1\ncm.\nThen,\n\n\n2\n20\n\n\n\n\n\n\n \n22\nx\n1\nx\n1\nx h = 66.\n\n\n7\n20\n20\n\n\n\n\n\n\n h =\n\n66 x 20 x 20 x 7\n\n= 8400 cm = 84 m.\n\n\n22"}, {"question": "A hollow iron pipe is 21 cm long and its external diameter is 8 cm. If the thickness of the pipe is 1 cm and iron weighs 8 g/cm3, then the weight of the pipe is:", "opta": "3.6 kg", "optb": "3.696 kg", "optc": "36 kg", "optd": "36.9 kg", "ans": "B", "explanation": "External radius = 4 cm,\nInternal radius = 3 cm.\n\n\n\nVolume of iron\n\n\n\n=\n\n22\nx [(4)2 - (3)2] x 21\ncm3\n\n\n7\n\n\n\n\n\n\n\n\n\n=\n\n22\nx 7 x 1 x 21\ncm3\n\n\n7\n\n\n\n\n\n\n= 462 cm3.\n\n\n\n Weight of iron = (462 x 8) gm = 3696 gm = 3.696 kg."}, {"question": "A boat having a length 3 m and breadth 2 m is floating on a lake. The boat sinks by 1 cm when a man gets on it. The mass of the man is:", "opta": "12 kg", "optb": "60 kg", "optc": "72 kg", "optd": "96 kg", "ans": "B", "explanation": "Volume of water displaced\n= (3 x 2 x 0.01) m3\n\n\n\n= 0.06 m3.\n\n\n\n\n\n\n Mass of man\n= Volume of water displaced x Density of water\n\n\n\n= (0.06 x 1000) kg\n\n\n\n= 60 kg."}, {"question": "50 men took a dip in a water tank 40 m long and 20 m broad on a religious day. If the average displacement of water by a man is 4 m3, then the rise in the water level in the tank will be:", "opta": "20 cm", "optb": "25 cm", "optc": "35 cm", "optd": "50 cm", "ans": "B", "explanation": "Total volume of water displaced = (4 x 50) m3 = 200 m3.\n\n\n\n Rise in water level =\n\n200\nm 0.25 m = 25 cm.\n\n\n40 x 20"}, {"question": "The slant height of a right circular cone is 10 m and its height is 8 m. Find the area of its curved surface.", "opta": "30 m2", "optb": "40 m2", "optc": "60 m2", "optd": "80 m2", "ans": "C", "explanation": "l = 10 m,\nh = 8 m.\nSo, r = l2 - h2 = (10)2 - 82 = 6 m.\n Curved surface area = rl = ( x 6 x 10) m2 = 60 m2."}, {"question": "A cistern 6m long and 4 m wide contains water up to a depth of 1 m 25 cm. The total area of the wet surface is:", "opta": "49 m2", "optb": "50 m2", "optc": "53.5 m2", "optd": "55 m2", "ans": "A", "explanation": "Area of the wet surface\n= [2(lb + bh + lh) - lb]\n\n\n\n= 2(bh + lh) + lb\n\n\n\n= [2 (4 x 1.25 + 6 x 1.25) + 6 x 4] m2\n\n\n\n= 49 m2."}, {"question": "A metallic sheet is of rectangular shape with dimensions 48 m x 36 m. From each of its corners, a square is cut off so as to make an open box. If the length of the square is 8 m, the volume of the box (in m3) is:", "opta": "4830", "optb": "5120", "optc": "6420", "optd": "8960", "ans": "B", "explanation": "Clearly, l = (48 - 16)m = 32 m,\nb = (36 -16)m = 20 m,\nh = 8 m.\n Volume of the box = (32 x 20 x 8) m3 = 5120 m3."}, {"question": "The curved surface area of a cylindrical pillar is 264 m2 and its volume is  924 m3. Find the ratio of its diameter to its height.", "opta": "3 : 7", "optb": "7 : 3", "optc": "6 : 7", "optd": "7 : 6", "ans": "B", "explanation": "r2h\n=\n924\n\u00a0 \u00a0  \u00a0 \u00a0 r =\n\n924\nx 2\n\n= 7 m.\n\n\n2rh\n264\n264\n\n\n\n\n\n\nAnd, 2rh = 264 \u00a0 \u00a0  \u00a0 \u00a0 h =\n\n264 x\n7\nx\n1\nx\n1\n\n= 6m.\n\n\n22\n2\n7\n\n\n\n\n\n\n Required ratio =\n2r\n=\n14\n= 7 : 3.\n\n\nh\n6"}, {"question": "A cistern of capacity 8000 litres measures externally 3.3 m by 2.6 m by 1.1 m and its walls are 5 cm thick. The thickness of the bottom is:", "opta": "90 cm", "optb": "1 dm", "optc": "1 m", "optd": "1.1 cm", "ans": "B", "explanation": "Let the thickness of the bottom be x cm.\nThen, [(330 - 10) x (260 - 10) x (110 - x)] = 8000 x 1000\n 320 x 250 x (110 - x) = 8000 x 1000\n\n\n\n (110 - x) =\n8000 x 1000\n= 100\n\n\n320 x 250\n\n\n\n x = 10 cm = 1 dm."}, {"question": "What is the total surface area of a right circular cone of height 14 cm and base radius 7 cm?", "opta": "344.35 cm2", "optb": "462 cm2", "optc": "498.35 cm2", "optd": "None of these", "ans": "C", "explanation": "h = 14 cm, r = 7 cm.\nSo, l = (7)2 + (14)2 = 245 = 75 cm.\n\n\n\n Total surface area\n= rl + r2\n\n\n\n\n\n\n=\n\n22\nx 7 x 75 +\n22\nx 7 x 7\ncm2\n\n\n7\n7\n\n\n\n\n\n\n= [154(5 + 1)] cm2\n\n\n\n= (154 x 3.236) cm2\n\n\n\n= 498.35 cm2."}, {"question": "A large cube is formed from the material obtained by melting three smaller cubes of 3, 4 and 5 cm side. What is the ratio of the total surface areas of the smaller cubes and the large cube?", "opta": "2 : 1", "optb": "3 : 2", "optc": "25 : 18", "optd": "27 : 20", "ans": "C", "explanation": "Volume of the large cube = (33 + 43 + 53) = 216 cm3.\nLet the edge of the large cube be a.\nSo, a3 = 216 \u00a0 \u00a0  \u00a0 \u00a0 a = 6 cm.\n\n\n\n Required ratio =\n\n6 x (32 + 42 + 52)\n\n=\n50\n= 25 : 18.\n\n\n6 x 62\n36"}, {"question": "How many bricks, each measuring 25 cm x 11.25 cm x 6 cm, will be needed to build a wall of 8 m x 6 m x 22.5 cm?", "opta": "5600", "optb": "6000", "optc": "6400", "optd": "7200", "ans": "C", "explanation": "Number of bricks =\nVolume of the wall\n=\n\n800 x 600 x 22.5\n\n= 6400.\n\n\nVolume of 1 brick\n25 x 11.25 x 6"}]]}