{"test_questions": [[{"question": "A bank offers 5% compound interest calculated on half-yearly basis. A customer deposits Rs. 1600 each on 1st January and 1st July of a year. At the end of the year, the amount he would have gained by way of interest is:", "opta": "Rs. 120", "optb": "Rs. 121", "optc": "Rs. 122", "optd": "Rs. 123", "ans": "B", "explanation": "Amount\n\n\n\n= Rs.\n\n1600 x\n\n1 +\n5\n\n2\n+ 1600 x\n\n1 +\n5\n\n\n\n\n2 x 100\n2 x 100\n\n\n\n\n\n\n\n\n\n= Rs.\n\n1600 x\n41\nx\n41\n+ 1600 x\n41\n\n\n\n40\n40\n40\n\n\n\n\n\n\n\n\n\n= Rs.\n\n1600 x\n41\n\n41\n+ 1\n\n\n\n\n40\n40\n\n\n\n\n\n\n\n\n\n= Rs.\n\n1600 x 41 x 81\n\n\n\n40 x 40\n\n\n\n\n\n\n= Rs. 3321.\n\n\n C.I. = Rs. (3321 - 3200) = Rs. 121"}, {"question": "The difference between simple and compound interests compounded annually on a certain sum of money for 2 years at 4% per annum is Re. 1. The sum (in Rs.) is:", "opta": "625", "optb": "630", "optc": "640", "optd": "650", "ans": "A", "explanation": "Let the sum be Rs. x. Then,\n\n\n\nC.I. =\n\nx\n\n1 +\n4\n\n2\n- x\n\n=\n\n676\nx\n- x\n\n=\n51\nx.\n\n\n100\n625\n625\n\n\n\n\n\n\nS.I. =\n\nx x 4 x 2\n\n=\n2x\n.\n\n\n100\n25\n\n\n\n\n\n\n\n51x\n-\n2x\n= 1\n\n\n625\n25\n\n\n\n x = 625."}, {"question": "There is 60% increase in an amount in 6 years at simple interest. What will be the compound interest of Rs. 12,000 after 3 years at the same rate?", "opta": "Rs. 2160", "optb": "Rs. 3120", "optc": "Rs. 3972", "optd": "Rs. 6240", "opte": "None of these", "ans": "C", "explanation": "Let P = Rs. 100. Then, S.I. Rs. 60 and T = 6 years.\n\n\n\n R =\n\n100 x 60\n\n= 10% p.a.\n\n\n100 x 6\n\n\n\nNow, P = Rs. 12000. T = 3 years and R = 10% p.a.\n\n\n\n C.I.\n\n\n\n= Rs.\n\n12000 x\n\n\n1 +\n10\n\n3\n- 1\n\n\n\n\n100\n\n\n\n\n\n\n\n\n\n= Rs.\n\n12000 x\n331\n\n\n\n1000\n\n\n\n\n\n\n= 3972."}, {"question": "What is the difference between the compound interests on Rs. 5000 for 1 years at 4% per annum compounded yearly and half-yearly?", "opta": "Rs. 2.04", "optb": "Rs. 3.06", "optc": "Rs. 4.80", "optd": "Rs. 8.30", "ans": "A", "explanation": "C.I. when interest compounded yearly\u00a0\u00a0\u00a0\u00a0\n\n\n\n= Rs.\n\n5000 x\n\n1 +\n4\n\nx\n\n1 +\n x 4\n\n\n\n\n100\n100\n\n\n\n\n\n\n\n\n\n= Rs.\n\n5000 x\n26\nx\n51\n\n\n\n25\n50\n\n\n\n\n\n\n= Rs. 5304.\n\n\n\n\n\n\nC.I. when interest is compounded half-yearly\n\n\n\n= Rs.\n\n5000 x\n\n1 +\n2\n\n3\n\n\n\n100\n\n\n\n\n\n\n\n\n\n= Rs.\n\n5000 x\n51\nx\n51\nx\n51\n\n\n\n50\n50\n50\n\n\n\n\n\n\n= Rs. 5306.04\n\n\n\n Difference = Rs. (5306.04 - 5304) = Rs. 2.04"}, {"question": "The compound interest on Rs. 30,000 at 7% per annum is Rs. 4347. The period (in years) is:", "opta": "2", "optb": "2\n1\n\n\n2", "ans": "A", "explanation": "Amount = Rs. (30000 + 4347) = Rs. 34347.\nLet the time be n years.\n\n\n\nThen, 30000\n\n1 +\n7\n\nn\n= 34347\n\n\n100\n\n\n\n\n\n\n \n\n107\n\nn\n=\n34347\n=\n11449\n=\n\n107\n\n2\n\n\n100\n30000\n10000\n100\n\n\n\n n = 2 years."}, {"question": "What will be the compound interest on a sum of Rs. 25,000 after 3 years at the rate of 12 p.c.p.a.?", "opta": "Rs. 9000.30", "optb": "Rs. 9720", "optc": "Rs. 10123.20", "optd": "Rs. 10483.20", "opte": "None of these", "ans": "C", "explanation": "Amount\n\n\n\n= Rs.\n\n25000 x\n\n1 +\n12\n\n3\n\n\n\n100\n\n\n\n\n\n\n\n\n\n= Rs.\n\n25000 x\n28\nx\n28\nx\n28\n\n\n\n25\n25\n25\n\n\n\n\n\n\n= Rs. 35123.20\n\n\n\n C.I. = Rs. (35123.20 - 25000) = Rs. 10123.20"}, {"question": "At what rate of compound interest per annum will a sum of Rs. 1200 become Rs. 1348.32 in 2 years?", "opta": "6%", "optb": "6.5%", "optc": "7%", "optd": "7.5%", "ans": "A", "explanation": "Let the rate be R% p.a.\n\n\n\nThen, 1200 x\n\n1 +\nR\n\n2\n= 1348.32\n\n\n100\n\n\n\n\n\n\n \n\n1 +\nR\n\n2\n=\n134832\n=\n11236\n\n\n100\n120000\n10000\n\n\n\n\n\n\n \n\n1 +\nR\n\n2\n=\n\n106\n\n2\n\n\n100\n100\n\n\n\n\n\n\n 1 +\nR\n=\n106\n\n\n100\n100\n\n\n\n R = 6%"}, {"question": "The least number of complete years in which a sum of money put out at 20% compound interest will be more than doubled is:", "opta": "3", "optb": "4", "optc": "5", "optd": "6", "ans": "B", "explanation": "P\n\n1 +\n20\n\nn\n> 2P\n\u00a0 \u00a0  \u00a0 \u00a0\n\n6\n\nn\n> 2.\n\n\n100\n5\n\n\n\n\n\n\nNow,\n\n6\nx\n6\nx\n6\nx\n6\n\n> 2.\n\n\n5\n5\n5\n5\n\n\n\nSo, n = 4 years."}, {"question": "Albert invested an amount of Rs. 8000 in a fixed deposit scheme for 2 years at compound interest rate 5 p.c.p.a. How much amount will Albert get on maturity of the fixed deposit?", "opta": "Rs. 8600", "optb": "Rs. 8620", "optc": "Rs. 8820", "optd": "None of these", "ans": "C", "explanation": "Amount\n\n\n\n= Rs.\n\n8000 x\n\n1 +\n5\n\n2\n\n\n\n100\n\n\n\n\n\n\n\n\n\n= Rs.\n\n8000 x \n21\nx\n21\n\n\n\n20\n20\n\n\n\n\n\n\n= Rs. 8820."}, {"question": "The effective annual rate of interest corresponding to a nominal rate of 6% per annum payable half-yearly is:", "opta": "6.06%", "optb": "6.07%", "optc": "6.08%", "optd": "6.09%", "ans": "D", "explanation": "Amount of Rs. 100 for 1 year when compounded half-yearly\n\n= Rs.\n\n100 x\n\n1 +\n3\n\n2\n\n= Rs. 106.09\n\n\n100\n\n\n\n Effective rate = (106.09 - 100)% = 6.09%"}, {"question": "Simple interest on a certain sum of money for 3 years at 8% per annum is half the compound interest on Rs. 4000 for 2 years at 10% per annum. The sum placed on simple interest is:", "opta": "Rs. 1550", "optb": "Rs. 1650", "optc": "Rs. 1750", "optd": "Rs. 2000", "ans": "C", "explanation": "C.I.\n\n\n\n= Rs.\n\n4000 x\n\n1 +\n10\n\n2\n- 4000\n\n\n\n100\n\n\n\n\n\n\n\n\n\n= Rs.\n\n4000 x\n11\nx\n11\n- 4000\n\n\n\n10\n10\n\n\n\n\n\n\n= Rs. 840.\n\n\n\n\n\n\n Sum = Rs.\n\n420 x 100\n\n= Rs. 1750.\n\n\n3 x 8"}, {"question": "If the simple interest on a sum of money for 2 years at 5% per annum is Rs. 50, what is the compound interest on the same at the same rate and for the same time?", "opta": "Rs. 51.25", "optb": "Rs. 52", "optc": "Rs. 54.25", "optd": "Rs. 60", "ans": "A", "explanation": "Sum = Rs.\n\n50 x 100\n\n= Rs. 500.\n\n\n2 x 5\n\n\n\n\n\n\nAmount\n\n\n\n= Rs.\n\n500 x\n\n1 +\n5\n\n2\n\n\n\n100\n\n\n\n\n\n\n\n\n\n= Rs.\n\n500 x\n21\nx\n21\n\n\n\n20\n20\n\n\n\n\n\n\n= Rs. 551.25\n\n\n\n C.I. = Rs. (551.25 - 500) = Rs. 51.25"}, {"question": "The difference between simple interest and compound on Rs. 1200 for one year at 10% per annum reckoned half-yearly is:", "opta": "Rs. 2.50", "optb": "Rs. 3", "optc": "Rs. 3.75", "optd": "Rs. 4", "opte": "None of these", "ans": "B", "explanation": "S.I. = Rs\n\n1200 x 10 x 1\n\n= Rs. 120.\n\n\n100\n\n\n\n\n\n\nC.I. = Rs.\n\n1200 x\n\n1 +\n5\n\n2\n- 1200\n\n= Rs. 123.\n\n\n100\n\n\n\n Difference = Rs. (123 - 120) = Rs. 3."}, {"question": "The difference between compound interest and simple interest on an amount of Rs. 15,000 for 2 years is Rs. 96. What is the rate of interest per annum?", "opta": "8", "optb": "10", "optc": "12", "optd": "Cannot be determined", "opte": "None of these", "ans": "A", "explanation": "15000 x\n\n1 +\nR\n\n2\n- 15000\n\n-\n\n15000 x R x 2\n\n= 96\n\n\n100\n100\n\n\n\n\n\n\n 15000\n\n\n1 +\nR\n\n2\n- 1 -\n2R\n\n= 96\n\n\n100\n100\n\n\n\n\n\n\n 15000\n\n(100 + R)2 - 10000 - (200 x R)\n\n= 96\n\n\n10000\n\n\n\n\n\n\n R2 =\n\n96 x 2\n\n= 64\n\n\n3\n\n\n\n R = 8.\n Rate = 8%."}, {"question": "The compound interest on a certain sum for 2 years at 10% per annum is Rs. 525. The simple interest on the same sum for double the time at half the rate percent per annum is:", "opta": "Rs. 400", "optb": "Rs. 500", "optc": "Rs. 600", "optd": "Rs. 800", "ans": "B", "explanation": "Let the sum be Rs. P.\n\n\n\nThen,\n\nP\n\n1 +\n10\n\n2\n- P\n\n= 525\n\n\n100\n\n\n\n\n\n\n \nP\n\n\n11\n\n2\n- 1\n\n= 525\n\n\n10\n\n\n\n\n\n\n P =\n\n525 x 100\n\n= 2500.\n\n\n21\n\n\n\n Sum = Rs . 2500.\n\n\n\nSo, S.I. = Rs.\n\n2500 x 5 x 4\n\n= Rs. 500\n\n\n100"}]]}