{"test_questions": [[{"question": "A vessel is filled with liquid, 3 parts of which are water and 5 parts syrup. How much of the mixture must be drawn off and replaced with water so that the mixture may be half water and half syrup?", "opta": "1\n\n\n3", "optb": "3", "ans": "C", "explanation": "Suppose the vessel initially contains 8 litres of liquid.\nLet x litres of this liquid be replaced with water.\n\n\n\nQuantity of water in new mixture =\n\n3 -\n3x\n+ x\n\nlitres\n\n\n8\n\n\n\n\n\n\nQuantity of syrup in new mixture =\n\n5 -\n5x\n\nlitres\n\n\n8\n\n\n\n\n\n\n \n\n3 -\n3x\n+ x\n\n=\n\n5 -\n5x\n\n\n\n8\n8\n\n\n\n 5x + 24 = 40 - 5x\n 10x = 16\n\n\n\n x =\n8\n.\n\n\n5\n\n\n\n\n\n\nSo, part of the mixture replaced =\n\n8\nx\n1\n\n=\n1\n.\n\n\n5\n8\n5"}, {"question": "Tea worth Rs. 126 per kg and Rs. 135 per kg are mixed with a third variety in the ratio 1 : 1 : 2. If the mixture is worth Rs. 153 per kg, the price of the third variety per kg will be:", "opta": "Rs. 169.50", "optb": "Rs. 170", "optc": "Rs. 175.50", "optd": "Rs. 180", "ans": "C", "explanation": "Since first and second varieties are mixed in equal proportions.\n\n\n\nSo, their average price = Rs.\n\n126 + 135\n\n= Rs. 130.50\n\n\n2\n\n\n\nSo, the mixture is formed by mixing two varieties, one at Rs. 130.50 per kg and the other at say, Rs. x per kg in the ratio 2 : 2, i.e., 1 : 1. We have to find x.\nBy the rule of alligation, we have:\n\n\n\nCost of 1 kg of 1st kind\nCost of 1 kg tea of 2nd kind\n\nRs. 130.50\nMean Price\nRs. 153\nRs. x\n\n(x - 153)\n22.50\n\n\n\n\n\n\n \nx - 153\n= 1\n\n\n22.50\n\n\n\n x - 153 = 22.50\n x = 175.50"}, {"question": "A can contains a mixture of two liquids A and B is the ratio 7 : 5. When 9 litres of mixture are drawn off and the can is filled with B, the ratio of A and B becomes 7 : 9. How many litres of liquid A was contained by the can initially?", "opta": "10", "optb": "20", "optc": "21", "optd": "25", "ans": "C", "explanation": "Suppose the can initially contains 7x and 5x of mixtures A and B respectively.\n\n\n\nQuantity of A in mixture left =\n\n7x -\n7\nx 9\n\nlitres =\n\n7x -\n21\n\u00a0litres.\n\n\n12\n4\n\n\n\n\n\n\nQuantity of B in mixture left =\n\n5x -\n5\nx 9\n\nlitres =\n\n5x -\n15\n\u00a0litres.\n\n\n12\n4\n\n\n\n\n\n\n \n\n\n\n\n7x -\n21\n\n\n\n4\n\n\n\n=\n7\n\n\n\n\n\n\n5x -\n15\n\u00a0+ 9\n\n\n4\n\n\n\n9\n\n\n\n\n\n\n\n28x - 21\n=\n7\n\n\n20x + 21\n9\n\n\n\n 252x - 189 = 140x + 147\n 112x = 336\n x = 3.\nSo, the can contained 21 litres of A."}, {"question": "A milk vendor has 2 cans of milk. The first contains 25% water and the rest milk. The second contains 50% water. How much milk should he mix from each of the containers so as to get 12 litres of milk such that the ratio of water to milk is 3 : 5?", "opta": "4 litres, 8 litres", "optb": "6 litres, 6 litres", "optc": "5 litres, 7 litres", "optd": "7 litres, 5 litres", "ans": "B", "explanation": "Let the cost of 1 litre milk be Re. 1\n\n\n\nMilk in 1 litre mix. in 1st can =\n3\nlitre, C.P. of 1 litre mix. in 1st can Re.\n3\n\n\n4\n4\n\n\n\n\n\n\nMilk in 1 litre mix. in 2nd can =\n1\nlitre, C.P. of 1 litre mix. in 2nd can Re.\n1\n\n\n2\n2\n\n\n\n\n\n\nMilk in 1 litre of final mix. =\n5\nlitre, Mean price = Re.\n5\n\n\n8\n8\n\n\n\nBy the rule of alligation, we have:\n\n\n\nC.P. of 1 litre mixture in 1st can\n\u00a0 \u00a0C.P. of 1 litre mixture in 2nd can\n\n\n\n\n3\n\n\n4\n\n\n\nMean Price\n\n\n5\n\n\n8\n\n\n\n\n\n1\n\n\n2\n\n\n\n\n\n\n\n1\n\n\n8\n\n\n\n\n\n\n1\n\n\n8\n\n\n\n\n\n\n\n\n\n Ratio of two mixtures =\n1\n:\n1\n= 1 : 1.\n\n\n8\n8\n\n\n\n\n\n\nSo, quantity of mixture taken from each can =\n\n1\nx 12\n\n= 6 litres.\n\n\n2"}, {"question": "In what ratio must a grocer mix two varieties of pulses costing Rs. 15 and Rs. 20 per kg respectively so as to get a mixture worth Rs. 16.50 kg?", "opta": "3 : 7", "optb": "5 : 7", "optc": "7 : 3", "optd": "7 : 5", "ans": "C", "explanation": "By the rule of alligation:\n\n\n\n\nCost of 1 kg pulses of 1st kind\nCost of 1 kg pulses of 2nd kind\n\n\nRs. 15\nMean Price\nRs. 16.50\nRs. 20\n\n\n3.50\n1.50\n\n\n\n Required rate = 3.50 : 1.50  = 7 : 3."}, {"question": "A dishonest milkman professes to sell his milk at cost price but he mixes it with water and thereby gains 25%. The percentage of water in the mixture is:", "opta": "4%", "optb": "6%", "optc": "20%", "optd": "25%", "ans": "C", "explanation": "Let C.P. of 1 litre milk be Re. 1\nThen, S.P. of 1 litre of mixture = Re. 1, Gain = 25%.\n\n\n\nC.P. of 1 litre mixture = Re.\n\n100\nx 1\n\n=\n4\n\n\n125\n5\n\n\n\nBy the rule of alligation, we have:\n\n\n\nC.P. of 1 litre of milk\nC.P. of 1 litre of water\n\nRe. 1\nMean Price\n\n\nRe.\n4\n\n\n5\n\n\n0\n\n\n\n4\n\n\n5\n\n\n\n\n1\n\n\n5\n\n\n\n\n\n\n\n\n Ratio of milk to water =\n4\n:\n1\n= 4 : 1.\n\n\n5\n5\n\n\n\n\n\n\nHence, percentage of water in the mixture =\n\n1\nx 100\n%\n= 20%.\n\n\n5"}, {"question": "How many kilogram of sugar costing Rs. 9 per kg must be mixed with 27 kg of sugar costing Rs. 7 per kg so that there may be a gain of 10% by selling the mixture at Rs. 9.24 per kg?", "opta": "36 kg", "optb": "42 kg", "optc": "54 kg", "optd": "63 kg", "ans": "D", "explanation": "S.P. of 1 kg of mixture = Rs. 9.24, Gain 10%.\n\n\n\n C.P. of 1 kg of mixture = Rs.\n\n100\nx 9.24\n\n= Rs. 8.40\n\n\n110\n\n\n\nBy the rule of allilation, we have:\n\n\n\nC.P. of 1 kg sugar of 1st kind\nCost of 1 kg sugar of 2nd kind\n\nRs. 9\nMean Price\nRs. 8.40\nRs. 7\n\n1.40\n0.60\n\n\n\n Ratio of quantities of 1st and 2nd kind = 14 : 6 = 7 : 3.\nLet x kg of sugar of 1st be mixed with 27 kg of 2nd kind.\nThen, 7 : 3 = x : 27\n\n\n\n x =\n\n7 x 27\n\n= 63 kg.\n\n\n3"}, {"question": "A container contains 40 litres of milk. From this container 4 litres of milk was taken out and replaced by water. This process was repeated further two times. How much milk is now contained by the container?", "opta": "26.34 litres", "optb": "27.36 litres", "optc": "28 litres", "optd": "29.16 litres", "ans": "D", "explanation": "Amount of milk left after 3 operations =\n\n40\n\n1 -\n4\n\n3\n\u00a0litres\n\n\n40\n\n\n\n\n\n\n\u00a0\u00a0 =\n\n40 x\n9\nx\n9\nx\n9\n\n= 29.16 litres.\n\n\n10\n10\n10"}, {"question": "A jar full of whisky contains 40% alcohol. A part of this whisky is replaced by another containing 19% alcohol and now the percentage of alcohol was found to be 26%. The quantity of whisky replaced is:", "opta": "1\n\n\n3", "optb": "3", "ans": "B", "explanation": "By the rule of alligation, we have:\n\n\n\nStrength of first jar\nStrength of 2nd jar\n\n40%\nMeanStrength\n26%\n19%\n\n7\n14\n\n\n\nSo, ratio of 1st and 2nd quantities = 7 : 14 = 1 : 2\n\n\n\n Required quantity replaced =\n2\n\n\n3"}, {"question": "In what ratio must water be mixed with milk to gain 16% on selling the mixture at cost price?", "opta": "1 : 6", "optb": "6 : 1", "optc": "2 : 3", "optd": "4 : 3", "ans": "A", "explanation": "Let C.P. of 1 litre milk be Re. 1.\n\n\n\nS.P. of 1 litre of mixture = Re.1, Gain = \n50\n%.\n\n\n3\n\n\n\n\n\n\n C.P. of 1 litre of mixture =\n\n100 x\n3\nx 1\n\n=\n6\n\n\n350\n7\n\n\n\nBy the rule of alligation, we have:\n\n\n\nC.P. of 1 litre of water\nC.P. of 1 litre of milk\n\n0\nMean Price\n\n\nRe.\n6\n\n\n7\n\n\nRe. 1\n\n\n\n1\n\n\n7\n\n\n\n\n6\n\n\n7\n\n\n\n\n\n\n\n\n Ratio of water and milk =\n1\n:\n6\n= 1 : 6.\n\n\n7\n7"}, {"question": "Find the ratio in which rice at Rs. 7.20 a kg be mixed with rice at Rs. 5.70 a kg to produce a mixture worth Rs. 6.30 a kg.", "opta": "1 : 3", "optb": "2 : 3", "optc": "3 : 4", "optd": "4 : 5", "ans": "B", "explanation": "By the rule of alligation:\n\n\n\nCost of 1 kg of 1st kind\nCost of 1 kg of 2nd kind\n\n720 p\nMean Price\n630 p\n570 p\n\n60\n90\n\n\n Required ratio = 60 : 90 = 2 : 3."}, {"question": "In what ratio must a grocer mix two varieties of tea worth Rs. 60 a kg and Rs. 65 a kg so that by selling the mixture at Rs. 68.20 a kg he may gain 10%?", "opta": "3 : 2", "optb": "3 : 4", "optc": "3 : 5", "optd": "4 : 5", "ans": "A", "explanation": "S.P. of 1 kg of the mixture = Rs. 68.20, Gain = 10%.\n\n\n\nC.P. of 1 kg of the mixture = Rs.  \n\n100\nx 68.20\n\n= Rs. 62.\n\n\n110\n\n\n\nBy the rule of alligation, we have:\n\n\n\nCost of 1 kg tea of 1st kind.\nCost of 1 kg tea of 2nd kind.\n\nRs. 60\nMean Price\nRs. 62\nRs. 65\n\n3\n2\n\n\n\n Required ratio = 3 : 2."}, {"question": "The cost of Type 1 rice is Rs. 15 per kg and Type 2 rice is Rs. 20 per kg. If both Type 1 and Type 2 are mixed in the ratio of 2 : 3, then the price per kg of the mixed variety of rice is:", "opta": "Rs. 18", "optb": "Rs. 18.50", "optc": "Rs. 19", "optd": "Rs. 19.50", "ans": "A", "explanation": "Let the price of the mixed variety be Rs. x per kg.\nBy rule of alligation, we have:\n\n\n\nCost of 1 kg of Type 1 rice\nCost of 1 kg of Type 2 rice\n\nRs. 15\nMean Price\nRs. x\nRs. 20\n\n(20 - x)\n(x - 15)\n\n\n\n\n\n \n(20 - x)\n=\n2\n\n\n(x - 15)\n3\n\n\n\n 60 - 3x = 2x - 30\n 5x = 90\n x = 18."}, {"question": "8 litres are drawn from a cask full of wine and is then filled with water. This operation is performed three more times. The ratio of the quantity of wine now left in cask to that of water is 16 : 65. How much wine did the cask hold originally?", "opta": "18 litres", "optb": "24 litres", "optc": "32 litres", "optd": "42 litres", "ans": "B", "explanation": "Let the quantity of the wine in the cask originally be x litres.\n\n\n\nThen, quantity of wine left in cask after 4 operations =\n\nx\n\n1 -\n8\n\n4\n\u00a0litres.\n\n\nx\n\n\n\n\n\n\n \n\nx(1 - (8/x))4\n\n=\n16\n\n\nx\n81\n\n\n\n\n\n\n \n\n1 -\n8\n\n4\n=\n\n2\n\n4\n\n\nx\n3\n\n\n\n\n\n\n \n\nx - 8\n\n=\n2\n\n\nx\n3\n\n\n\n 3x - 24 = 2x\n x = 24."}, {"question": "A merchant has 1000 kg of sugar, part of which he sells at 8% profit and the rest at 18% profit. He gains 14% on the whole. The quantity sold at 18% profit is:", "opta": "400 kg", "optb": "560 kg", "optc": "600 kg", "optd": "640 kg", "ans": "C", "explanation": "By the rule of alligation, we have:\n\n\n\nProfit on 1st part\nProfit on 2nd part\n\n8%\nMean Profit\n14%\n18%\n\n4\n6\n\n\n\nRation of 1st and 2nd parts = 4 : 6 = 2 : 3\n\n\n\n Quantity of 2nd kind =\n\n3\nx 1000\nkg\n= 600 kg.\n\n\n5"}]]}