{"test_questions": [[{"question": "In order to obtain an income of Rs. 650 from 10% stock at Rs. 96, one must make an investment of:", "opta": "Rs. 3100", "optb": "Rs. 6240", "optc": "Rs. 6500", "optd": "Rs. 9600", "ans": "B", "explanation": "To obtain Rs. 10, investment = Rs. 96.\n\n\n\nTo obtain Rs. 650, investment = Rs.\n\n96\nx 650\n\n= Rs. 6240.\n\n\n10"}, {"question": "A man bought 20 shares of Rs. 50 at 5 discount, the rate of dividend being 13. The rate of interest obtained is:", "opta": "12\n1\n%\n\n\n2", "optb": "1", "ans": "C", "explanation": "Investment = Rs. [20 x (50 - 5)] = Rs. 900.\nFace value = Rs. (50 x 20) = Rs. 1000.\n\n\n\nDividend = Rs.\n\n27\nx\n1000\n\n= Rs. 135.\n\n\n2\n100\n\n\n\n\n\n\nInterest obtained =\n\n135\nx 100\n%\n= 15%\n\n\n900"}, {"question": "Which is better investment:  11% stock at 143 \u00a0or\u00a0 9% stock at 117?", "opta": "11% stock at 143", "optb": "9\n3\n% stock at 117\n\n\n4", "ans": "B", "explanation": "Let investment in each case be Rs. (143 x 117).\n\n\n\nIncome in 1st case = Rs.\n\n11\nx 143 x 117\n\n= Rs. 1287.\n\n\n143\n\n\n\n\n\n\nIncome in 2nd case = Rs.\n\n39\nx 143 x 117\n\n= Rs. 1394.25\n\n\n4 x 117\n\n\n\n\n\n\nClearly, 9\n3\n% stock at 117 is better.\n\n\n4"}, {"question": "A man buys Rs. 20 shares paying 9% dividend. The man wants to have an interest of 12% on his money. The market value of each share is:", "opta": "Rs. 12", "optb": "Rs. 15", "optc": "Rs. 18", "optd": "Rs. 21", "ans": "B", "explanation": "Dividend on Rs. 20 = Rs.\n\n9\nx 20\n\n= Rs.\n9\n.\n\n\n100\n5\n\n\n\nRs. 12 is an income on Rs. 100.\n\n\n\n Rs.\n9\nis an income on Rs.\n\n100\nx\n9\n\n= Rs. 15.\n\n\n5\n12\n5"}, {"question": "By investing in 16% stock at 64, one earns Rs. 1500. The investment made is:", "opta": "Rs. 5640", "optb": "Rs. 5760", "optc": "Rs. 7500", "optd": "Rs. 9600", "ans": "B", "explanation": "To earn Rs.\n50\n, investment = Rs. 64.\n\n\n3\n\n\n\n\n\n\nTo earn Rs. 1500, investment = Rs.\n\n64 x\n3\nx 1500\n\n= Rs. 5760.\n\n\n50"}, {"question": "A 6% stock yields 8%. The market value of the stock is:", "opta": "Rs. 48", "optb": "Rs. 75", "optc": "Rs. 96", "optd": "Rs. 133.33", "ans": "B", "explanation": "For an income of Rs. 8, investment = Rs. 100.\n\n\n\nFor an income of Rs. 6, investment = Rs.\n\n100\nx 6\n\n= Rs. 75.\n\n\n8\n\n\n\n Market value of Rs. 100 stock = Rs. 75."}, {"question": "A man invested Rs. 4455 in Rs. 10 shares quoted at Rs. 8.25. If the rate of dividend be 12%, his annual income is:", "opta": "Rs. 207.40", "optb": "Rs. 534.60", "optc": "Rs. 648", "optd": "Rs. 655.60", "ans": "C", "explanation": "Number of shares =\n\n4455\n\n= 540.\n\n\n8.25\n\n\n\nFace value = Rs. (540 x 10) = Rs. 5400.\n\n\n\nAnnual income = Rs.\n\n12\nx 5400\n\n= Rs. 648.\n\n\n100"}, {"question": "Rs. 9800 are invested partly in 9% stock at 75 and 10% stock at 80 to have equal amount of incomes. The investment in 9% stock is:", "opta": "Rs. 4800", "optb": "Rs. 5000", "optc": "Rs. 5400", "optd": "Rs. 5600", "ans": "B", "explanation": "Let the investment in 9% stock be Rs. x.\nThen, investment in 10% stock = Rs. (9800 - x).\n\n\n\n9\nx x =\n10\nx (9800 - x)\n\n\n75\n80\n\n\n\n\n\n\n \n3x\n=\n9800 - x\n\n\n25\n8\n\n\n\n 24x = 9800 x 25 - 25x\n 49x = 9800 x 25\n x = 5000."}, {"question": "A man invests some money partly in 9% stock at 96 and partly in 12% stock at 120. To obtain equal dividends from both, he must invest the money in the ratio:", "opta": "3 : 4", "optb": "3 : 5", "optc": "4 : 5", "optd": "16 : 15", "ans": "D", "explanation": "For an income of Re. 1 in 9% stock at 96, investment = Rs.\n\n96\n\n= Rs.\n32\n\n\n9\n3\n\n\n\n\n\n\nFor an income Re. 1 in 12% stock at 120, investment = Rs.\n\n120\n\n= Rs. 10.\n\n\n12\n\n\n\n\n\n\n Ratio of investments =\n32\n: 10 = 32 : 30 = 16 : 15.\n\n\n3"}, {"question": "By investing Rs. 1620 in 8% stock, Michael earns Rs. 135. The stock is then quoted at:", "opta": "Rs. 80", "optb": "Rs. 96", "optc": "Rs. 106", "optd": "Rs. 108", "ans": "B", "explanation": "To earn Rs. 135, investment = Rs. 1620.\n\n\n\nTo earn Rs. 8, investment = Rs.\n\n1620\nx 8\n\n= Rs. 96.\n\n\n135\n\n\n\n Market value of Rs. 100 stock = Rs.  96."}, {"question": "A man invested Rs. 1552 in a stock at 97 to obtain an income of Rs. 128. The dividend from the stock is:", "opta": "7.5%", "optb": "8%", "optc": "9.7%", "optd": "None of these", "ans": "B", "explanation": "By investing Rs. 1552, income = Rs. 128.\n\n\n\nBy investing Rs. 97, income = Rs.\n\n128\nx 97\n\n= Rs. 8.\n\n\n1552\n\n\n\n Dividend = 8%"}, {"question": "A 12% stock yielding 10% is quoted at:", "opta": "Rs. 83.33", "optb": "Rs. 110", "optc": "Rs. 112", "optd": "Rs. 120", "ans": "D", "explanation": "To earn Rs. 10, money invested = Rs. 100.\n\n\n\nTo earn Rs. 12, money invested = Rs.\n\n100\nx 12\n\n= Rs. 120.\n\n\n10\n\n\n\n Market value of Rs. 100 stock = Rs. 120."}, {"question": "The market value of a 10.5% stock, in which an income of Rs. 756 is derived by investing Rs. 9000, brokerage being %, is:", "opta": "Rs. 108.25", "optb": "Rs. 112.20", "optc": "Rs. 124.75", "optd": "Rs. 125.25", "ans": "C", "explanation": "For an income of Rs. 756, investment = Rs. 9000.\n\n\n\nFor an income of Rs.\n21\n, investment = Rs.\n\n9000\nx\n21\n\n= Rs. 125.\n\n\n2\n756\n2\n\n\n\n For a Rs. 100 stock, investment = Rs. 125.\n\n\n\nMarket value of Rs. 100 stock = Rs.\n\n125 -\n1\n\n= Rs. 124.75\n\n\n4"}, {"question": "The cost price of a Rs. 100 stock at 4 discount, when brokerage is\n1\n%\nis:\n\n\n4", "opta": "Rs. 95.75", "optb": "Rs. 96", "optc": "Rs. 96.25", "optd": "Rs. 104.25", "ans": "C", "explanation": "C.P. = Rs.\n\n100 - 4 +\n1\n\n= Rs. 96.25\n\n\n4"}, {"question": "Sakshi invests a part of Rs. 12,000 in 12% stock at Rs. 120 and the remainder in 15% stock at Rs. 125. If his total dividend per annum is Rs. 1360, how much does he invest in 12% stock at Rs. 120?", "opta": "Rs. 4000", "optb": "Rs. 4500", "optc": "Rs. 5500", "optd": "Rs. 6000", "ans": "A", "explanation": "Let investment in 12% stock be Rs. x.\nThen, investment in 15% stock = Rs. (12000 - x).\n\n\n\n \n12\nx x +\n15\nx (12000 - x) = 1360.\n\n\n120\n125\n\n\n\n\n\n\n \nx\n+\n3\n(12000 - x) = 1360.\n\n\n10\n25\n\n\n\n 5x + 72000 - 6x = 1360 x 50\n x = 4000."}]]}