{"test_questions": [[{"question": "Two ships are sailing in the sea on the two sides of a lighthouse. The angle of elevation of the top of the lighthouse is observed from the ships are 30\u00b0 and 45\u00b0 respectively. If the lighthouse is 100 m high, the distance between the two ships is:", "opta": "173 m", "optb": "200 m", "optc": "273 m", "optd": "300 m", "ans": "C", "explanation": "Let AB be the lighthouse and C and D be the positions of the ships.\n\nThen, AB = 100 m, ACB = 30\u00b0 and ADB = 45\u00b0.\n\n\n\nAB\n= tan 30\u00b0 =\n1\n\u00a0 \u00a0   \u00a0 \u00a0 AC = AB x 3 = 1003 m.\n\n\nAC\n3\n\n\n\n\n\n\nAB\n= tan 45\u00b0 = 1 \u00a0 \u00a0   \u00a0 \u00a0 AD = AB = 100 m.\n\n\nAD\n\n\n\n\n\n\n CD = (AC + AD)\n= (1003 + 100) m\n\n\n\n= 100(3 + 1)\n\n\n\n= (100 x 2.73) m\n\n\n\n= 273 m."}, {"question": "A man standing at a point P is watching the top of a tower, which makes an angle of elevation of 30\u00ba with the man's eye. The man walks some distance towards the tower to watch its top and the angle of the elevation becomes 60\u00ba. What is the distance between the base of the tower and the point P?", "opta": "43 units", "optb": "8 units", "optc": "12 units", "optd": "Data inadequate", "opte": "None of these", "ans": "D", "explanation": "One of AB, AD and CD must have given.\n\nSo, the data is inadequate."}, {"question": "The angle of elevation of a ladder leaning against a wall is 60\u00ba and the foot of the ladder is 4.6 m away from the wall. The length of the ladder is:", "opta": "2.3 m", "optb": "4.6 m", "optc": "7.8 m", "optd": "9.2 m", "ans": "D", "explanation": "Let AB be the wall and BC be the ladder.\n\nThen, ACB = 60\u00ba and AC = 4.6 m.\n\n\n\nAC\n = cos 60\u00ba =\n1\n\n\nBC\n2\n\n\n\n\n\n\n BC\n= 2 x AC\n\n\n\n= (2 x 4.6) m\n\n\n\n= 9.2 m."}, {"question": "An observer 1.6 m tall is 203 away from a tower. The angle of elevation from his eye to the top of the tower is 30\u00ba. The heights of the tower is:", "opta": "21.6 m", "optb": "23.2 m", "optc": "24.72 m", "optd": "None of these", "ans": "A", "explanation": "Let AB be the observer and CD be the tower.\n\nDraw BE  CD.\nThen, CE = AB = 1.6 m,\n\u00a0 \u00a0 \u00a0 BE = AC = 203 m.\n\n\n\nDE\n= tan 30\u00ba =\n1\n\n\nBE\n3\n\n\n\n\n\n\n DE =\n203\nm = 20 m.\n\n\n3\n\n\n\n CD = CE + DE = (1.6 + 20) m = 21.6 m."}, {"question": "From a point P on a level ground, the angle of elevation of the top tower is 30\u00ba. If the tower is 100 m high, the distance of point P from the foot of the tower is:", "opta": "149 m", "optb": "156 m", "optc": "173 m", "optd": "200 m", "ans": "C", "explanation": "Let AB be the tower.\n\nThen, APB = 30\u00ba and AB = 100 m.\n\n\n\nAB\n= tan 30\u00ba =\n1\n\n\nAP\n3\n\n\n\n\n\n\n AP\n= (AB x 3) m\n\n\n\n= 1003 m\n\n\n\n= (100 x 1.73) m\n\n\n\n= 173 m."}, {"question": "The angle of elevation of the sun, when the length of the shadow of a tree 3 times the height of the tree, is:", "opta": "30\u00ba", "optb": "45\u00ba", "optc": "60\u00ba", "optd": "90\u00ba", "ans": "A", "explanation": "Let AB be the tree and AC be its shadow.\n\nLet ACB = .\n\n\n\nThen,\nAC\n=\n3 \u00a0 \u00a0  \u00a0 \u00a0 cot  = 3\n\n\nAB\n\n\n\n  = 30\u00ba."}]]}