{"test_questions": [[{"question": "Find the greatest number that will divide 43, 91 and 183 so as to leave the same remainder in each case.", "opta": "4", "optb": "7", "optc": "9", "optd": "13", "ans": "A", "explanation": "Required number = H.C.F. of (91 - 43), (183 - 91) and (183 - 43)\n\u00a0\u00a0\u00a0\u00a0 = H.C.F. of 48, 92 and 140 = 4."}, {"question": "The H.C.F. of two numbers is 23 and the other two factors of their L.C.M. are 13 and 14. The larger of the two numbers is:", "opta": "276", "optb": "299", "optc": "322", "optd": "345", "ans": "C", "explanation": "Clearly, the numbers are (23 x 13) and (23 x 14).\n Larger number = (23 x 14) = 322."}, {"question": "Six bells commence tolling together and toll at intervals of 2, 4, 6, 8 10 and 12 seconds respectively. In 30 minutes, how many times do they toll together ?", "opta": "4", "optb": "10", "optc": "15", "optd": "16", "ans": "D", "explanation": "L.C.M. of 2, 4, 6, 8, 10, 12 is 120.\nSo, the bells will toll together after every 120 seconds(2 minutes).\n\n\n\nIn 30 minutes, they will toll together \n30\n+ 1 = 16 times.\n\n\n2"}, {"question": "Let N be the greatest number that will divide 1305, 4665 and 6905, leaving the same remainder in each case. Then sum of the digits in N is:", "opta": "4", "optb": "5", "optc": "6", "optd": "8", "ans": "A", "explanation": "N = H.C.F. of (4665 - 1305), (6905 - 4665) and (6905 - 1305)\n\u00a0\u00a0= H.C.F. of 3360, 2240 and 5600 = 1120.\nSum of digits in N = ( 1 + 1 + 2 + 0 ) = 4"}, {"question": "The greatest number of four digits which is divisible by 15, 25, 40 and 75 is:", "opta": "9000", "optb": "9400", "optc": "9600", "optd": "9800", "ans": "C", "explanation": "Greatest number of 4-digits is 9999.\nL.C.M. of 15, 25, 40 and 75 is 600.\nOn dividing 9999 by 600, the remainder is 399.\n Required number (9999 - 399) = 9600."}, {"question": "The product of two numbers is 4107. If the H.C.F. of these numbers is 37, then the greater number is:", "opta": "101", "optb": "107", "optc": "111", "optd": "185", "ans": "C", "explanation": "Let the numbers be 37a and 37b.\n Then, 37a x 37b = 4107\n ab = 3.\nNow, co-primes with product 3 are (1, 3).\nSo, the required numbers are (37 x 1, 37 x 3) i.e., (37, 111).\n Greater number =  111."}, {"question": "Three number are in the ratio of 3 : 4 : 5 and their L.C.M. is 2400. Their H.C.F. is:", "opta": "40", "optb": "80", "optc": "120", "optd": "200", "ans": "A", "explanation": "Let the numbers be 3x, 4x and 5x.\nThen, their L.C.M. = 60x.\nSo, 60x = 2400 or x = 40.\n The numbers are (3 x 40), (4 x 40) and (5 x 40).\nHence, required H.C.F. = 40."}, {"question": "The G.C.D. of 1.08, 0.36 and 0.9 is:", "opta": "0.03", "optb": "0.9", "optc": "0.18", "optd": "0.108", "ans": "C", "explanation": "Given numbers are 1.08, 0.36 and 0.90. \u00a0\u00a0H.C.F. of 108, 36 and 90 is 18,\n H.C.F. of given numbers = 0.18."}, {"question": "The product of two numbers is 2028 and their H.C.F. is 13. The number of such pairs is:", "opta": "1", "optb": "2", "optc": "3", "optd": "4", "ans": "B", "explanation": "Let the numbers 13a and 13b.\nThen, 13a x 13b = 2028\n ab = 12.\nNow, the co-primes with product 12 are (1, 12) and (3, 4).\n[Note: Two integers a and b are said to be coprime or relatively prime if they have no common positive factor other than 1 or, equivalently, if their greatest common divisor is 1 ]\nSo, the required numbers are (13 x 1, 13 x 12) and (13 x 3, 13 x 4).\nClearly, there are 2 such pairs."}, {"question": "The least multiple of 7, which leaves a remainder of 4, when divided by 6, 9, 15 and 18 is:", "opta": "74", "optb": "94", "optc": "184", "optd": "364", "ans": "D", "explanation": "L.C.M. of 6, 9, 15 and 18 is 90.\nLet required number be 90k + 4, which is multiple of 7.\nLeast value of k for which (90k + 4) is divisible by 7 is k = 4.\n Required number = (90 x 4) + 4 \u00a0 = 364."}, {"question": "Find the lowest common multiple of 24, 36 and 40.", "opta": "120", "optb": "240", "optc": "360", "optd": "480", "ans": "C", "explanation": "2 | 24  -  36  - 40\n --------------------\n 2 | 12  -  18  - 20\n --------------------\n 2 |  6  -   9  - 10\n -------------------\n 3 |  3  -   9  -  5\n -------------------\n   |  1  -   3  -  5\n   \nL.C.M.  = 2 x 2 x 2 x 3 x 3 x 5 = 360."}, {"question": "The least number which should be added to 2497 so that the sum is exactly divisible by 5, 6, 4 and 3 is:", "opta": "3", "optb": "13", "optc": "23", "optd": "33", "ans": "C", "explanation": "L.C.M. of 5, 6, 4 and 3 = 60.\nOn dividing 2497 by 60, the remainder is 37.\n Number to be added = (60 - 37) = 23."}, {"question": "Reduce\n128352\nto its lowest terms.\n\n\n238368", "opta": "3\n\n\n4", "optb": "4", "ans": "C", "explanation": "128352) 238368 ( 1\r\n         128352\r\n         ---------------\r\n         110016 ) 128352 ( 1\r\n                  110016\r\n                 ------------------  \r\n                   18336 ) 110016 ( 6       \r\n                           110016\r\n                           -------\r\n                                x\r\n                           -------\r\n So, H.C.F. of 128352 and 238368 = 18336.\r\n \r\n             128352     128352 \u00f7 18336    7\r\n Therefore,  ------  =  -------------- =  --\r\n             238368     238368 \u00f7 18336    13"}, {"question": "The least number which when divided by 5, 6 , 7 and 8 leaves a remainder 3, but when divided by 9 leaves no remainder, is:", "opta": "1677", "optb": "1683", "optc": "2523", "optd": "3363", "ans": "B", "explanation": "L.C.M. of 5, 6, 7, 8 = 840.\n Required number is of the form 840k + 3\nLeast value of k for which (840k + 3) is divisible by 9 is k = 2.\n Required number = (840 x 2 + 3) = 1683."}, {"question": "A, B and C start at the same time in the same direction to run around a circular stadium. A completes a round in 252 seconds, B in 308 seconds and c in 198 seconds, all starting at the same point. After what time will they again at the starting point ?", "opta": "26 minutes and 18 seconds", "optb": "42 minutes and 36 seconds", "optc": "45 minutes", "optd": "46 minutes and 12 seconds", "ans": "D", "explanation": "L.C.M. of 252, 308 and 198 = 2772.\nSo, A, B and C will again meet at the starting point in 2772 sec. i.e., 46 min. 12 sec."}, {"question": "The H.C.F. of two numbers is 11 and their L.C.M. is 7700. If one of the numbers is 275, then the other is:", "opta": "279", "optb": "283", "optc": "308", "optd": "318", "ans": "C", "explanation": "Other number = \n\n11 x 7700\n\n= 308.\n\n\n275"}, {"question": "What will be the least number which when doubled will be exactly divisible by 12, 18, 21 and 30 ?", "opta": "196", "optb": "630", "optc": "1260", "optd": "2520", "ans": "B", "explanation": "L.C.M. of 12, 18, 21 30                 2 | 12  -  18  -  21  -  30\r\n                                         ----------------------------\r\n   = 2 x 3 x 2 x 3 x 7 x 5 = 1260.       3 |  6  -   9  -  21  -  15\r\n                                         ----------------------------\r\n   Required number = (1260 \u00f7 2)            |  2  -   3  -   7  -   5\r\n\r\n                   = 630."}, {"question": "The ratio of two numbers is 3 : 4 and their H.C.F. is 4. Their L.C.M. is:", "opta": "12", "optb": "16", "optc": "24", "optd": "48", "ans": "D", "explanation": "Let the numbers be 3x and 4x. Then, their H.C.F. = x. So, x = 4.\nSo, the numbers 12 and 16.\nL.C.M. of 12 and 16 = 48."}, {"question": "The smallest number which when diminished by 7, is divisible 12, 16, 18, 21 and 28 is:", "opta": "1008", "optb": "1015", "optc": "1022", "optd": "1032", "ans": "B", "explanation": "Required number = (L.C.M. of 12,16, 18, 21, 28) + 7\n\u00a0\u00a0 = 1008 + 7\n\u00a0\u00a0 = 1015"}, {"question": "252 can be expressed as a product of primes as:", "opta": "2 x 2 x 3 x 3 x 7", "optb": "2 x 2 x 2 x 3 x 7", "optc": "3 x 3 x 3 x 3 x 7", "optd": "2 x 3 x 3 x 3 x 7", "ans": "A", "explanation": "Clearly, 252 = 2 x 2 x 3 x 3 x 7."}, {"question": "The greatest possible length which can be used to measure exactly the lengths 7 m, 3 m 85 cm, 12 m 95 cm is:", "opta": "15 cm", "optb": "25 cm", "optc": "35 cm", "optd": "42 cm", "ans": "C", "explanation": "Required length = H.C.F. of 700 cm, 385 cm and 1295 cm = 35 cm."}, {"question": "Three numbers which are co-prime to each other are such that the product of the first two is 551 and that of the last two is 1073. The sum of the three numbers is:", "opta": "75", "optb": "81", "optc": "85", "optd": "89", "ans": "C", "explanation": "Since the numbers are co-prime, they contain only 1 as the common factor.\nAlso, the given two products have the middle number in common.\nSo, middle number = H.C.F. of 551 and 1073 = 29;\n\n\n\nFirst number = \n\n551\n\n= 19;\u00a0\u00a0\u00a0\u00a0Third number = \n\n1073\n\n= 37.\n\n\n29\n29\n\n\n\n Required sum = (19 + 29 + 37) = 85."}, {"question": "Find the highest common factor of 36 and 84.", "opta": "4", "optb": "6", "optc": "12", "optd": "18", "ans": "C", "explanation": "36 = 22  x 32 \n84 = 22  x 3 x 7\n H.C.F.  = 22  x 3 =  12."}, {"question": "Which of the following fraction is the largest ?", "opta": "7\n\n\n8", "optb": "8", "ans": "A", "explanation": "L.C.M. of 8, 16, 40 and 80 = 80.\n\n\n\n7\n=\n70\n;\u00a0\u00a0\n13\n=\n65\n;\u00a0\u00a0\n31\n=\n62\n\n\n8\n80\n16\n80\n40\n80\n\n\n\n\n\n\nSince,\n70\n>\n65\n>\n63\n>\n62\n, so\n7\n>\n13\n>\n63\n>\n31\n\n\n80\n80\n80\n80\n8\n16\n80\n40\n\n\n\n\n\n\nSo,\n7\nis the largest.\n\n\n8"}, {"question": "The least number, which when divided by 12, 15, 20 and 54 leaves in each case a remainder of 8 is:", "opta": "504", "optb": "536", "optc": "544", "optd": "548", "ans": "D", "explanation": "Required number = (L.C.M. of 12, 15, 20, 54) + 8\n\u00a0\u00a0 = 540 + 8\n\u00a0\u00a0 = 548."}, {"question": "The greatest number which on dividing 1657 and 2037 leaves remainders 6 and 5 respectively, is:", "opta": "123", "optb": "127", "optc": "235", "optd": "305", "ans": "B", "explanation": "Required number = H.C.F. of (1657 - 6) and (2037 - 5)\n\u00a0\u00a0= H.C.F. of 1651 and 2032 = 127."}, {"question": "Which of the following has the most number of divisors?", "opta": "99", "optb": "101", "optc": "176", "optd": "182", "ans": "C", "explanation": "99 = 1 x 3 x 3 x 11\n101 = 1 x 101\n176 = 1 x 2 x 2 x 2 x 2 x 11\n182 = 1 x 2 x 7 x 13\nSo, divisors of 99 are 1, 3, 9, 11, 33, .99\nDivisors of 101 are 1 and 101\nDivisors of 176 are 1, 2, 4, 8, 11, 16, 22, 44, 88 and 176\nDivisors of 182 are 1, 2, 7, 13, 14, 26, 91 and 182.\nHence, 176 has the most number of divisors."}, {"question": "The L.C.M. of two numbers is 48. The numbers are in the ratio 2 : 3. Then sum of the number is:", "opta": "28", "optb": "32", "optc": "40", "optd": "64", "ans": "C", "explanation": "Let the numbers be 2x and 3x.\nThen, their L.C.M. = 6x. \nSo, 6x = 48 or x = 8.\n The numbers are 16 and 24.\nHence, required sum = (16 + 24) = 40."}, {"question": "The H.C.F. of\n9\n,\n12\n,\n18\nand\n21\nis:\n\n\n10\n25\n35\n40", "opta": "3\n\n\n5", "optb": "5", "ans": "C", "explanation": "Required H.C.F. =\nH.C.F. of 9, 12, 18, 21\n=\n3\n\n\nL.C.M. of 10, 25, 35, 40\n1400"}, {"question": "If the sum of two numbers is 55 and the H.C.F. and L.C.M. of these numbers are 5 and 120 respectively, then the sum of the reciprocals of the numbers is equal to:", "opta": "55\n\n\n601", "optb": "601", "ans": "C", "explanation": "Let the numbers be a and b.\nThen, a + b = 55 and ab = 5 x 120 = 600.\n\n\n\n The required sum =\n1\n+\n1\n=\na + b\n=\n55\n=\n11\n\n\na\nb\nab\n600\n120"}]]}