{"test_questions": [[{"question": "A and B invest in a business in the ratio 3 : 2. If 5% of the total profit goes to charity and A's share is Rs. 855, the total profit is:", "opta": "Rs. 1425", "optb": "Rs. 1500", "optc": "Rs. 1537.50", "optd": "Rs. 1576", "ans": "B", "explanation": "Let the total profit be Rs. 100.\n\n\n\nAfter paying to charity, A's share = Rs.\n\n95 x\n3\n\n= Rs. 57.\n\n\n5\n\n\n\nIf A's share is Rs. 57, total profit = Rs. 100.\n\n\n\nIf A's share Rs. 855, total profit =\n\n100\nx 855\n\n= 1500.\n\n\n57"}, {"question": "A, B and C jointly thought of engaging themselves in a business venture. It was agreed that A would invest Rs. 6500 for 6 months, B, Rs. 8400 for 5 months and C, Rs. 10,000 for 3 months. A wants to be the working member for which, he was to receive 5% of the profits. The profit earned was Rs. 7400. Calculate the share of B in the profit.", "opta": "Rs. 1900", "optb": "Rs. 2660", "optc": "Rs. 2800", "optd": "Rs. 2840", "ans": "B", "explanation": "For managing, A received = 5% of Rs. 7400 = Rs. 370.\nBalance = Rs. (7400 - 370) = Rs. 7030.\nRatio of their investments = (6500 x 6) : (8400 x 5) : (10000 x 3)\n\u00a0\u00a0 = 39000 : 42000 : 30000\n\u00a0\u00a0 = 13 : 14 : 10\n\n\n B's share = Rs.\n\n7030 x\n14\n\n= Rs. 2660.\n\n\n37"}, {"question": "A, B and C enter into a partnership in the ratio  :  : . After 4 months, A increases his share 50%. If the total profit at the end of one year be Rs. 21,600, then B's share in the profit is:", "opta": "Rs. 2100", "optb": "Rs. 2400", "optc": "Rs. 3600", "optd": "Rs. 4000", "ans": "D", "explanation": "Ratio of initial investments =\n\n7\n:\n4\n:\n6\n\n= 105 : 40 : 36.\n\n\n2\n3\n5\n\n\n\nLet the initial investments be 105x, 40x and 36x.\n\n\n\n A : B : C =\n\n105x x 4 +\n150\nx 105x x 8\n\n: (40x x 12) : (36x x 12)\n\n\n100\n\n\n\n\u00a0\u00a0 = 1680x : 480x : 432x = 35 : 10 : 9.\n\n\n\nHence, B's share = Rs.\n\n21600 x\n10\n\n= Rs. 4000.\n\n\n54"}, {"question": "A, B, C subscribe Rs. 50,000 for a business. A subscribes Rs. 4000 more than B and B Rs. 5000 more than C. Out of a total profit of Rs. 35,000, A receives:", "opta": "Rs. 8400", "optb": "Rs. 11,900", "optc": "Rs. 13,600", "optd": "Rs. 14,700", "ans": "D", "explanation": "Let C = x.\nThen, B = x + 5000 and A = x + 5000 + 4000 = x + 9000.\nSo, x + x + 5000 + x + 9000 = 50000\n 3x = 36000\n x = 12000\nA : B : C = 21000 : 17000 : 12000 = 21 : 17 : 12.\n\n\n\n A's share = Rs.\n\n35000 x\n21\n\n= Rs. 14,700.\n\n\n50"}, {"question": "Three partners shared the profit in a business in the ratio 5 : 7 : 8. They had partnered for 14 months, 8 months and 7 months respectively. What was the ratio of their investments?", "opta": "5 : 7 : 8", "optb": "20 : 49 : 64", "optc": "38 : 28 : 21", "optd": "None of these", "ans": "B", "explanation": "Let their investments be Rs. x for 14 months, Rs. y for 8 months and Rs. z for 7 months respectively.\nThen, 14x : 8y : 7z = 5 : 7 : 8.\n\n\n\nNow,\n14x\n=\n5\n\u00a0\u00a0  \u00a0\u00a0 98x = 40y \u00a0\u00a0  \u00a0\u00a0 y =\n49\nx\n\n\n8y\n7\n20\n\n\n\n\n\n\nAnd,\n14x\n=\n5\n\u00a0\u00a0  \u00a0\u00a0 112x = 35z \u00a0\u00a0  \u00a0\u00a0 z =\n112\nx =\n16\nx.\n\n\n7z\n8\n35\n5\n\n\n\n\n\n x : y : z = x :\n49\nx\n:\n16\nx\n= 20 : 49 : 64.\n\n\n20\n5"}, {"question": "A starts business with Rs. 3500 and after 5 months, B joins with A as his partner. After a year, the profit is divided in the ratio 2 : 3. What is B's contribution in the capital?", "opta": "Rs. 7500", "optb": "Rs. 8000", "optc": "Rs. 8500", "optd": "Rs. 9000", "ans": "D", "explanation": "Let B's capital be Rs. x.\n\n\n\nThen,\n\n3500 x 12\n=\n2\n\n\n\n7x\n3\n\n\n\n 14x = 126000\n x = 9000."}, {"question": "A and B entered into partnership with capitals in the ratio 4 : 5. After 3 months, A withdrew  of his capital and B withdrew  of his capital. The gain at the end of 10 months was Rs. 760. A's share in this profit is:", "opta": "Rs. 330", "optb": "Rs. 360", "optc": "Rs. 380", "optd": "Rs. 430", "ans": "A", "explanation": "A : B =\n\n4x x 3 +\n\n4x -\n1\nx 4x\n\nx 7\n\n:\n\n5x x 3 +\n\n5x -\n1\nx 5x\n\nx 7\n\n\n\n4\n5\n\n\n\n\u00a0\u00a0 = (12x + 21x) : (15x + 28x)\n\u00a0\u00a0 = 33x :43x\n\u00a0\u00a0 = 33 : 43.\n\n\n A's share = Rs.\n\n760 x\n33\n\n= Rs. 330.\n\n\n76"}, {"question": "A and B started a partnership business investing some amount in the ratio of 3 : 5. C joined then after six months with an amount equal to that of B. In what proportion should the profit at the end of one year be distributed among A, B and C?", "opta": "3 : 5 : 2", "optb": "3 : 5 : 5", "optc": "6 : 10 : 5", "optd": "Data inadequate", "ans": "C", "explanation": "Let the initial investments of A and B be 3x and 5x.\nA : B : C = (3x x 12) : (5x x 12) : (5x x 6) = 36 : 60 : 30 = 6 : 10 : 5."}, {"question": "A, B, C rent a pasture. A puts 10 oxen for 7 months, B puts 12 oxen for 5 months and C puts 15 oxen for 3 months for grazing. If the rent of the pasture is Rs. 175, how much must C pay as his share of rent?", "opta": "Rs. 45", "optb": "Rs. 50", "optc": "Rs. 55", "optd": "Rs. 60", "ans": "A", "explanation": "A : B : C = (10 x 7) : (12 x 5) : (15 x 3) = 70 : 60 : 45 = 14 : 12 : 9.\n\n\n\n C's rent = Rs.\n\n175 x\n9\n\n= Rs. 45.\n\n\n35"}, {"question": "A and B started a business in partnership investing Rs. 20,000 and Rs. 15,000 respectively. After six months, C joined them with Rs. 20,000. What will be B's share in total profit of Rs. 25,000 earned at the end of 2 years from the starting of the business?", "opta": "Rs. 7500", "optb": "Rs. 9000", "optc": "Rs. 9500", "optd": "Rs. 10,000", "ans": "A", "explanation": "A : B : C = (20,000 x 24) : (15,000 x 24) : (20,000 x 18) = 4 : 3 : 3.\n\n\n\n B's share = Rs.\n\n25000 x\n3\n\n= Rs. 7,500.\n\n\n10"}, {"question": "A began a business with Rs. 85,000. He was joined afterwards by B with Rs. 42,500. For how much period does B join, if the profits at the end of the year are divided in the ratio of 3 : 1?", "opta": "4 months", "optb": "5 months", "optc": "6 months", "optd": "8 months", "ans": "D", "explanation": "Suppose B joined for x months. Then,\n\n\n\nThen,\n\n85000 x 12\n=\n3\n\n\n\n42500 x x\n1\n\n\n\n\n\n\n x =\n\n85000 x 12\n\n= 8.\n\n\n42500 x 3\n\n\n\nSo, B joined for 8 months."}, {"question": "Aman started a business investing Rs. 70,000. Rakhi joined him after six months with an amount of Rs.. 1,05,000 and Sagar joined them with Rs. 1.4 lakhs after another six months. The amount of profit earned should be distributed in what ratio among Aman, Rakhi and Sagar respectively, 3 years after Aman started the business?", "opta": "7 : 6 : 10", "optb": "12 : 15 : 16", "optc": "42 : 45 : 56", "optd": "Cannot be determined", "ans": "B", "explanation": "Aman : Rakhi : Sagar = (70,000 x 36) : (1,05,000 x 30) : (1,40,000 x 24) = 12 : 15 : 16."}, {"question": "Arun, Kamal and Vinay invested Rs. 8000, Rs. 4000 and Rs. 8000 respectively in a business. Arun left after six months. If after eight months, there was a gain of Rs. 4005, then what will be the share of Kamal?", "opta": "Rs. 890", "optb": "Rs. 1335", "optc": "Rs. 1602", "optd": "Rs. 1780", "ans": "A", "explanation": "Arun : Kamal : Vinay = (8,000 x 6) : (4,000 x 8) : (8,000 x 8)\n = 48 : 32 : 64\n = 3 : 2 : 4.\n\n\n\n Kamal's share = Rs.\n\n4005 x\n2\n\n= Rs. 890.\n\n\n9"}, {"question": "Simran started a software business by investing Rs. 50,000. After six months, Nanda joined her with a capital of Rs. 80,000. After 3 years, they earned a profit of Rs. 24,500. What was Simran's share in the profit?", "opta": "Rs. 9,423", "optb": "Rs. 10,250", "optc": "Rs. 12,500", "optd": "Rs. 10,500", "ans": "D", "explanation": "Simran : Nanda = (50000 x 36) : (80000 x 30) = 3 : 4.\n\n\n Simran's share = Rs.\n\n24500 x\n3\n\n= Rs. 10,500.\n\n\n7"}]]}