{"test_questions": [[{"question": "A train running at the speed of 60 km/hr crosses a pole in 9 seconds. What is the length of the train?", "opta": "120 metres", "optb": "180 metres", "optc": "324 metres", "optd": "150 metres", "ans": "D", "explanation": "Speed= \n\n60 x\n5\nm/sec\n=\n\n50\nm/sec.\n\n\n18\n3\n\n\n\nLength of the train = (Speed x Time).\n\n\n\n Length of the train =\n\n50\nx 9\nm = 150 m.\n\n\n3"}, {"question": "A train 125 m long passes a man, running at 5 km/hr in the same direction in which the train is going, in 10 seconds. The speed of the train is:", "opta": "45 km/hr", "optb": "50 km/hr", "optc": "54 km/hr", "optd": "55 km/hr", "ans": "B", "explanation": "Speed of the train relative to man =\n\n125\nm/sec\n\n\n10\n\n\n\n\n\n\n\u00a0\u00a0 =\n\n25\nm/sec.\n\n\n2\n\n\n\n\n\n\n\u00a0\u00a0 =\n\n25\nx\n18\nkm/hr\n\n\n2\n5\n\n\n\n\u00a0\u00a0 = 45 km/hr.\nLet the speed of the train be x km/hr. Then, relative speed = (x - 5) km/hr.\n x - 5 = 45 \u00a0 \u00a0  \u00a0 \u00a0 x = 50 km/hr."}, {"question": "The length of the bridge, which a train 130 metres long and travelling at 45 km/hr can cross in 30 seconds, is:", "opta": "200 m", "optb": "225 m", "optc": "245 m", "optd": "250 m", "ans": "C", "explanation": "Speed =\n\n45 x\n5\nm/sec\n=\n\n25\nm/sec.\n\n\n18\n2\n\n\n\nTime = 30 sec.\nLet the length of bridge be x metres.\n\n\nThen,\n130 + x\n=\n25\n\n\n30\n2\n\n\n\n 2(130 + x) = 750\n x = 245 m."}, {"question": "Two trains running in opposite directions cross a man standing on the platform in 27 seconds and 17 seconds respectively and they cross each other in 23 seconds. The ratio of their speeds is:", "opta": "1 : 3", "optb": "3 : 2", "optc": "3 : 4", "optd": "None of these", "ans": "B", "explanation": "Let the speeds of the two trains be x m/sec and y m/sec respectively.\nThen, length of the first train = 27x metres,\nand length of the second train = 17y metres.\n\n\n\n \n27x + 17y\n= 23\n\n\nx+ y\n\n\n\n 27x + 17y = 23x + 23y\n 4x = 6y\n\n\n\n \nx\n=\n3\n.\n\n\ny\n2"}, {"question": "A train passes a station platform in 36 seconds and a man standing on the platform in 20 seconds. If the speed of the train is 54 km/hr, what is the length of the platform?", "opta": "120 m", "optb": "240 m", "optc": "300 m", "optd": "None of these", "ans": "B", "explanation": "Speed =\n\n54 x\n5\nm/sec = 15 m/sec.\n\n\n18\n\n\n\nLength of the train = (15 x 20)m = 300 m.\nLet the length of the platform be x metres.\n\n\n\nThen,\nx + 300\n= 15\n\n\n36\n\n\n\n x + 300 = 540\n x = 240 m."}, {"question": "A train 240 m long passes a pole in 24 seconds. How long will it take to pass a platform 650 m long?", "opta": "65 sec", "optb": "89 sec", "optc": "100 sec", "optd": "150 sec", "ans": "B", "explanation": "Speed =\n\n240\nm/sec = 10 m/sec.\n\n\n24\n\n\n\n\n\n\n Required time =\n\n240 + 650\nsec = 89 sec.\n\n\n10"}, {"question": "Two trains of equal length are running on parallel lines in the same direction at 46 km/hr and 36 km/hr. The faster train passes the slower train in 36 seconds. The length of each train is:", "opta": "50 m", "optb": "72 m", "optc": "80 m", "optd": "82 m", "ans": "A", "explanation": "Let the length of each train be x metres.\nThen, distance covered = 2x metres.\nRelative speed = (46 - 36) km/hr\n\n\n\n\u00a0\u00a0 =\n\n10 x\n5\nm/sec\n\n\n18\n\n\n\n\n\n\n\u00a0\u00a0 =\n\n25\nm/sec\n\n\n9\n\n\n\n\n\n\n \n2x\n=\n25\n\n\n36\n9\n\n\n\n 2x = 100\n x = 50."}, {"question": "A train 360 m long is running at a speed of 45 km/hr. In what time will it pass a bridge 140 m long?", "opta": "40 sec", "optb": "42 sec", "optc": "45 sec", "optd": "48 sec", "ans": "A", "explanation": "Formula for converting from km/hr to m/s: \u00a0  \nX km/hr =\n\nX x\n5\n\nm/s.\n\n\n18\n\n\n\n\n\n\nTherefore, Speed =\n\n45 x\n5\nm/sec\n=\n25\nm/sec.\n\n\n18\n2\n\n\n\nTotal distance to be covered = (360 + 140) m = 500 m.\n\n\n\nFormula for finding Time = \n\nDistance\n\n\n\nSpeed\n\n\n\n\n\n\n Required time =\n\n500 x 2\nsec\n= 40 sec.\n\n\n25"}, {"question": "Two trains are moving in opposite directions @ 60 km/hr and 90 km/hr. Their lengths are 1.10 km and 0.9 km respectively. The time taken by the slower train to cross the faster train in seconds is:", "opta": "36", "optb": "45", "optc": "48", "optd": "49", "ans": "C", "explanation": "Relative speed = (60+ 90) km/hr\n\n\n\n\u00a0\u00a0 =\n\n150 x\n5\nm/sec\n\n\n18\n\n\n\n\n\n\n\u00a0\u00a0 =\n\n125\nm/sec.\n\n\n3\n\n\n\nDistance covered = (1.10 + 0.9) km = 2 km = 2000 m.\n\n\n\nRequired time =\n\n2000 x\n3\nsec = 48 sec.\n\n\n125"}, {"question": "A jogger running at 9 kmph alongside a railway track in 240 metres ahead of the engine of a 120 metres long train running at 45 kmph in the same direction. In how much time will the train pass the jogger?", "opta": "3.6 sec", "optb": "18 sec", "optc": "36 sec", "optd": "72 sec", "ans": "C", "explanation": "Speed of train relative to jogger = (45 - 9) km/hr = 36 km/hr.\n\n\n\n\u00a0\u00a0 =\n\n36 x\n5\nm/sec\n\n\n18\n\n\n\n\u00a0\u00a0 = 10 m/sec.\nDistance to be covered = (240 + 120) m = 360 m.\n\n\n Time taken =\n\n360\nsec\n= 36 sec.\n\n\n10"}, {"question": "A 270 metres long train running at the speed of 120 kmph crosses another train running in opposite direction at the speed of 80 kmph in 9 seconds. What is the length of the other train?", "opta": "230 m", "optb": "240 m", "optc": "260 m", "optd": "320 m", "opte": "None of these", "ans": "A", "explanation": "Relative speed = (120 + 80) km/hr\n\n\n\n\u00a0\u00a0 =\n\n200 x\n5\nm/sec\n\n\n18\n\n\n\n\n\n\n\u00a0\u00a0 =\n\n500\nm/sec.\n\n\n9\n\n\n\nLet the length of the other train be x metres.\n\n\n\nThen,\nx + 270\n=\n500\n\n\n9\n9\n\n\n\n x + 270 = 500\n x = 230."}, {"question": "A goods train runs at the speed of 72 kmph and crosses a 250 m long platform in 26 seconds. What is the length of the goods train?", "opta": "230 m", "optb": "240 m", "optc": "260 m", "optd": "270 m", "ans": "D", "explanation": "Speed =\n\n72 x\n5\nm/sec\n= 20 m/sec.\n\n\n18\n\n\n\nTime = 26 sec.\nLet the length of the train be x metres.\n\n\n\nThen,\nx + 250\n= 20\n\n\n26\n\n\n\n x + 250 = 520\n x = 270."}, {"question": "Two trains, each 100 m long, moving in opposite directions, cross each other in 8 seconds. If one is moving twice as fast the other, then the speed of the faster train is:", "opta": "30 km/hr", "optb": "45 km/hr", "optc": "60 km/hr", "optd": "75 km/hr", "ans": "C", "explanation": "Let the speed of the slower train be x m/sec.\nThen, speed of the faster train = 2x m/sec.\nRelative speed = (x + 2x) m/sec = 3x m/sec.\n\n\n\n \n(100 + 100)\n= 3x\n\n\n8\n\n\n\n 24x = 200\n\n\n\n x =\n25\n.\n\n\n3\n\n\n\n\n\n\nSo, speed of the faster train =\n50\nm/sec\n\n\n3\n\n\n\n\n\n\n\u00a0\u00a0 =\n\n50\nx\n18\nkm/hr\n\n\n3\n5\n\n\n\n\u00a0\u00a0 = 60 km/hr."}, {"question": "Two trains 140 m and 160 m long run at the speed of 60 km/hr and 40 km/hr respectively in opposite directions on parallel tracks. The time (in seconds) which they take to cross each other, is:", "opta": "9", "optb": "9.6", "optc": "10", "optd": "10.8", "ans": "D", "explanation": "Relative speed = (60 + 40) km/hr =\n\n100 x\n5\nm/sec\n=\n\n250\nm/sec.\n\n\n18\n9\n\n\n\nDistance covered in crossing each other = (140 + 160) m = 300 m.\n\n\n\nRequired time =\n\n300 x\n9\nsec\n=\n54\nsec = 10.8 sec.\n\n\n250\n5"}, {"question": "A train 110 metres long is running with a speed of 60 kmph. In what time will it pass a man who is running at 6 kmph in the direction opposite to that in which the train is going?", "opta": "5 sec", "optb": "6 sec", "optc": "7 sec", "optd": "10 sec", "ans": "B", "explanation": "Speed of train relative to man = (60 + 6) km/hr = 66 km/hr.\n\n\n\n\u00a0\u00a0 =\n\n66 x\n5\nm/sec\n\n\n18\n\n\n\n\n\n\n\u00a0\u00a0 =\n\n55\nm/sec.\n\n\n3\n\n\n\n\n\n\n Time taken to pass the man =\n\n110 x\n3\nsec = 6 sec.\n\n\n55"}, {"question": "A train travelling at a speed of 75 mph enters a tunnel 3 miles long. The train is  mile long. How long does it take for the train to pass through the tunnel from the moment the front enters to the moment the rear emerges?", "opta": "2.5 min", "optb": "3 min", "optc": "3.2 min", "optd": "3.5 min", "ans": "B", "explanation": "Total distance covered\n\n\n\n=\n\n7\n+\n1\n\nmiles\n\n\n2\n4\n\n\n\n\n\n\n\n\n\n=\n15\nmiles.\n\n\n4\n\n\n\n\n\n\n\n\n\n Time taken\n\n\n\n=\n\n15\n\nhrs\n\n\n4 x 75\n\n\n\n\n\n\n\n\n=\n1\nhrs\n\n\n20\n\n\n\n\n\n\n\n\n\n=\n\n1\nx 60\n\nmin.\n\n\n20\n\n\n\n\n\n\n= 3 min."}, {"question": "A train 800 metres long is running at a speed of 78 km/hr. If it crosses a tunnel in 1 minute, then the length of the tunnel (in meters) is:", "opta": "130", "optb": "360", "optc": "500", "optd": "540", "ans": "C", "explanation": "Speed =\n\n78 x\n5\n\nm/sec\n=\n\n65\n\nm/sec.\n\n\n18\n3\n\n\n\nTime = 1 minute = 60 seconds.\nLet the length of the tunnel be x metres.\n\n\n\nThen, \n\n800 + x\n\n=\n65\n\n\n60\n3\n\n\n\n 3(800 + x) = 3900\n x = 500."}, {"question": "A 300 metre long train crosses a platform in 39 seconds while it crosses a signal pole in 18 seconds. What is the length of the platform?", "opta": "320 m", "optb": "350 m", "optc": "650 m", "optd": "Data inadequate", "ans": "B", "explanation": "Speed =\n\n300\n\nm/sec =\n50\nm/sec.\n\n\n18\n3\n\n\n\nLet the length of the platform be x metres.\n\n\n\nThen,\n\nx + 300\n\n=\n50\n\n\n39\n3\n\n\n\n 3(x + 300) = 1950\n x = 350 m."}, {"question": "A train speeds past a pole in 15 seconds and a platform 100 m long in 25 seconds. Its length is:", "opta": "50 m", "optb": "150 m", "optc": "200 m", "optd": "Data inadequate", "ans": "B", "explanation": "Let the length of the train be x metres and its speed by y m/sec.\n\n\n\nThen,\nx\n= 15 \u00a0 \u00a0  \u00a0 \u00a0 y =\nx\n.\n\n\ny\n15\n\n\n\n\n\n\n\nx + 100\n=\nx\n\n\n25\n15\n\n\n\n 15(x + 100) = 25x\n 15x + 1500 = 25x\n 1500 = 10x\n x = 150 m."}, {"question": "A train moves past a telegraph post and a bridge 264 m long in 8 seconds and 20 seconds respectively. What is the speed of the train?", "opta": "69.5 km/hr", "optb": "70 km/hr", "optc": "79 km/hr", "optd": "79.2 km/hr", "ans": "D", "explanation": "Let the length of the train be x metres and its speed by y m/sec.\n\n\n\nThen,\nx\n= 8 \u00a0 \u00a0  \u00a0 \u00a0 x = 8y\n\n\ny\n\n\n\n\n\n\nNow,\nx + 264\n= y\n\n\n20\n\n\n\n 8y + 264 = 20y\n y = 22.\n\n\n\n Speed = 22 m/sec =\n\n22 x\n18\n\nkm/hr = 79.2 km/hr.\n\n\n5"}, {"question": "How many seconds will a 500 metre long train take to cross a man walking with a speed of 3 km/hr in the direction of the moving train if the speed of the train is 63 km/hr?", "opta": "25", "optb": "30", "optc": "40", "optd": "45", "ans": "B", "explanation": "Speed of the train relative to man\n= (63 - 3) km/hr\n\n\n\n= 60 km/hr\n\n\n\n\n\n\n=\n\n60 x\n5\n\nm/sec\n\n\n18\n\n\n\n\n\n\n\n\n\n=\n\n50\n\nm/sec.\n\n\n3\n\n\n\n\n\n Time taken to pass the man\n\n\n\n=\n\n500 x\n3\n\nsec\n\n\n50\n\n\n\n\n\n\n= 30 sec."}, {"question": "Two goods train each 500 m long, are running in opposite directions on parallel tracks. Their speeds are 45 km/hr and 30 km/hr respectively. Find the time taken by the slower train to pass the driver of the faster one.", "opta": "12 sec", "optb": "24 sec", "optc": "48 sec", "optd": "60 sec", "ans": "B", "explanation": "Relative speed =\n= (45 + 30) km/hr\n\n\n\n\n\n\n=\n\n75 x\n5\n\nm/sec\n\n\n18\n\n\n\n\n\n\n\n\n\n=\n\n125\n\nm/sec.\n\n\n6\n\n\n\n\n\n\nWe have to find the time taken by the slower train to pass the DRIVER of the faster train and not the complete train.\nSo, distance covered = Length of the slower train.\nTherefore, Distance covered = 500 m.\n\n\n\n Required time =\n\n500 x\n6\n\n= 24 sec.\n\n\n125"}, {"question": "Two trains are running in opposite directions with the same speed. If the length of each train is 120 metres and they cross each other in 12 seconds, then the speed of each train (in km/hr) is:", "opta": "10", "optb": "18", "optc": "36", "optd": "72", "ans": "C", "explanation": "Let the speed of each train be x m/sec.\nThen, relative speed of the two trains = 2x m/sec.\n\n\n\nSo, 2x =\n(120 + 120)\n\n\n12\n\n\n\n 2x = 20\n x = 10.\n\n\n\n Speed of  each train = 10 m/sec =\n\n10 x\n18\n\nkm/hr = 36 km/hr.\n\n\n5"}, {"question": "Two trains of equal lengths take 10 seconds and 15 seconds respectively to cross a telegraph post. If the length of each train be 120 metres, in what time (in seconds) will they cross each other travelling in opposite direction?", "opta": "10", "optb": "12", "optc": "15", "optd": "20", "ans": "B", "explanation": "Speed of the first train =\n\n120\n\nm/sec = 12 m/sec.\n\n\n10\n\n\n\n\n\n\nSpeed of the second train =\n\n120\n\nm/sec = 8 m/sec.\n\n\n15\n\n\n\nRelative speed = (12 + 8) = 20 m/sec.\n\n\n\n Required time =\n\n(120 + 120)\n\nsec = 12 sec.\n\n\n20"}, {"question": "A train 108 m long moving at a speed of 50 km/hr crosses a train 112 m long coming from opposite direction in 6 seconds. The speed of the second train is:", "opta": "48 km/hr", "optb": "54 km/hr", "optc": "66 km/hr", "optd": "82 km/hr", "ans": "D", "explanation": "Let the speed of the second train be x km/hr.\n\n\n\nRelative speed\n= (x + 50) km/hr\n\n\n\n\n\n\n=\n\n(x + 50) x\n5\n\nm/sec\n\n\n18\n\n\n\n\n\n\n\n\n\n=\n\n250 + 5x\n\nm/sec.\n\n\n18\n\n\n\n\n\n\nDistance covered = (108 + 112) = 220 m.\n\n\n\n \n220\n= 6\n\n\n\n\n\n\n250 + 5x\n\n\n\n18\n\n\n\n\n\n\n 250 + 5x = 660\n x = 82 km/hr."}, {"question": "Two trains are running at 40 km/hr and 20 km/hr respectively in the same direction. Fast train completely passes a man sitting in the slower train in 5 seconds. What is the length of the fast train?", "opta": "23 m", "optb": "23\n2\nm\n\n\n9", "ans": "C", "explanation": "Relative speed = (40 - 20) km/hr =\n\n20 x\n5\n\nm/sec =\n\n50\n\nm/sec.\n\n\n18\n9\n\n\n\n\n\n\n Length of faster train =\n\n50\nx 5\n\nm =\n250\nm = 27\n7\nm.\n\n\n9\n9\n9"}, {"question": "A train overtakes two persons who are walking in the same direction in which the train is going, at the rate of 2 kmph and 4 kmph and passes them completely in 9 and 10 seconds respectively. The length of the train is:", "opta": "45 m", "optb": "50 m", "optc": "54 m", "optd": "72 m", "ans": "B", "explanation": "2 kmph =\n\n2 x\n5\n\nm/sec =\n5\nm/sec.\n\n\n18\n9\n\n\n\n\n\n\n4 kmph =\n\n4 x\n5\n\nm/sec =\n10\nm/sec.\n\n\n18\n9\n\n\n\nLet the length of the train be x metres and its speed by y m/sec.\n\n\n\nThen,\n\nx\n\n= 9 and\n\nx\n\n= 10.\n\n\n\n\n\ny -\n5\n\n\n9\n\n\n\n\n\n\ny -\n10\n\n\n9\n\n\n\n\n\n\n 9y - 5 = x and 10(9y - 10) = 9x\n 9y - x = 5 and 90y - 9x = 100.\nOn solving, we get: x = 50.\n Length of the train is 50 m."}, {"question": "A train overtakes two persons walking along a railway track. The first one walks at 4.5 km/hr. The other one walks at 5.4 km/hr. The train needs 8.4 and 8.5 seconds respectively to overtake them. What is the speed of the train if both the persons are walking in the same direction as the train?", "opta": "66 km/hr", "optb": "72 km/hr", "optc": "78 km/hr", "optd": "81 km/hr", "ans": "D", "explanation": "4.5 km/hr =\n\n4.5 x\n5\n\nm/sec =\n5\nm/sec = 1.25 m/sec, and\n\n\n18\n4\n\n\n\n\n\n\n5.4 km/hr =\n\n5.4 x\n5\n\nm/sec =\n3\nm/sec = 1.5 m/sec.\n\n\n18\n2\n\n\n\nLet the speed of the train be x m/sec.\nThen, (x - 1.25) x 8.4 = (x - 1.5) x 8.5\n 8.4x - 10.5 = 8.5x - 12.75\n 0.1x = 2.25\n x = 22.5\n\n\n\n Speed of the train =\n\n22.5 x\n18\n\nkm/hr = 81 km/hr.\n\n\n5"}, {"question": "A train travelling at 48 kmph completely crosses another train having half its length and travelling in opposite direction at 42 kmph, in 12 seconds. It also passes a railway platform in 45 seconds. The length of the platform is", "opta": "400 m", "optb": "450 m", "optc": "560 m", "optd": "600 m", "ans": "A", "explanation": "Let the length of the first train be x metres.\n\n\n\nThen, the length of the second train is\n\nx\n\nmetres.\n\n\n2\n\n\n\n\n\n\nRelative speed = (48 + 42) kmph =\n\n90 x\n5\n\nm/sec = 25 m/sec.\n\n\n18\n\n\n\n\n\n\n \n[x + (x/2)]\n= 12 or\n3x\n= 300 \u00a0 \u00a0 or \u00a0 \u00a0 x = 200.\n\n\n25\n2\n\n\n\n Length of first train = 200 m.\nLet the length of platform be y metres.\n\n\n\nSpeed of the first train =\n\n48 x\n5\n\nm/sec =\n40\nm/sec.\n\n\n18\n3\n\n\n\n\n\n\n (200 + y) x\n3\n= 45\n\n\n40\n\n\n\n 600 + 3y = 1800\n y = 400 m."}, {"question": "Two stations A and B are 110 km apart on a straight line. One train starts from A at 7 a.m. and travels towards B at 20 kmph. Another train starts from B at 8 a.m. and travels towards A at a speed of 25 kmph. At what time will they meet?", "opta": "9 a.m.", "optb": "10 a.m.", "optc": "10.30 a.m.", "optd": "11 a.m.", "ans": "B", "explanation": "Suppose they meet x hours after 7 a.m.\nDistance covered by A in x hours = 20x km.\nDistance covered by B in (x - 1) hours = 25(x - 1) km.\n 20x + 25(x - 1) = 110\n 45x = 135\n x = 3.\nSo, they meet at 10 a.m."}, {"question": "Two, trains, one from Howrah to Patna and the other from Patna to Howrah, start simultaneously. After they meet, the trains reach their destinations after 9 hours and 16 hours respectively. The ratio of their speeds is:", "opta": "2 : 3", "optb": "4 : 3", "optc": "6 : 7", "optd": "9 : 16", "ans": "B", "explanation": "Let us name the trains as A and B. Then,\n(A's speed) : (B's speed) = b : a = 16 : 9 = 4 : 3."}]]}