{"test_questions": [[{"question": "If one-third of one-fourth of a number is 15, then three-tenth of that number is:", "opta": "35", "optb": "36", "optc": "45", "optd": "54", "ans": "D", "explanation": "Let the number be x.\n\n\n\nThen,\n1\nof\n1\nof x = 15 \u00a0\u00a0 \u00a0\u00a0x = 15 x 12 = 180.\n\n\n3\n4\n\n\n\n\n\n\nSo, required number = \n\n3\nx 180\n\n= 54.\n\n\n10"}, {"question": "Three times the first of three consecutive odd integers is 3 more than twice the third. The third integer is:", "opta": "9", "optb": "11", "optc": "13", "optd": "15", "ans": "D", "explanation": "Let the three integers be x, x + 2 and x + 4.\nThen, 3x = 2(x + 4) + 3 \u00a0\u00a0\u00a0\u00a0 x = 11.\n Third integer = x + 4 = 15."}, {"question": "The difference between a two-digit number and the number obtained by interchanging the positions of its digits is 36. What is the difference between the two digits of that number?", "opta": "3", "optb": "4", "optc": "9", "optd": "Cannot be determined", "opte": "None of these", "ans": "B", "explanation": "Let the ten's digit be x and unit's digit be y.\nThen, (10x + y) - (10y + x) = 36\n 9(x - y) = 36\n x - y = 4."}, {"question": "The difference between a two-digit number and the number obtained by interchanging the digits is 36. What is the difference between the sum and the difference of the digits of the number if the ratio between the digits of the number is 1 : 2 ?", "opta": "4", "optb": "8", "optc": "16", "optd": "None of these", "ans": "B", "explanation": "Since the number is greater than the number obtained on reversing the digits, so the ten's digit is greater than the unit's digit.\nLet ten's and unit's digits be 2x and x respectively.\nThen, (10 x 2x + x) - (10x + 2x) = 36\n 9x = 36 \n x = 4.\n Required difference = (2x + x) - (2x - x) = 2x = 8."}, {"question": "A two-digit number is such that the product of the digits is 8. When 18 is added to the number, then the digits are reversed. The number is:", "opta": "18", "optb": "24", "optc": "42", "optd": "81", "ans": "B", "explanation": "Let the ten's and unit digit be x and\n8\nrespectively.\n\n\nx\n\n\n\n\n\n\nThen,\n\n10x +\n8\n\n+ 18 = 10 x\n8\n+ x\n\n\nx\nx\n\n\n\n 10x2 + 8 + 18x = 80 + x2\n 9x2 + 18x - 72 = 0\n x2 + 2x - 8 = 0\n (x + 4)(x - 2) = 0\n x = 2."}, {"question": "The sum of the digits of a two-digit number is 15 and the difference between the digits is 3. What is the two-digit number?", "opta": "69", "optb": "78", "optc": "96", "optd": "Cannot be determined", "opte": "None of these", "ans": "D", "explanation": "Let the ten's digit be x and unit's digit be y.\nThen, x + y = 15 and x - y = 3 \u00a0\u00a0or\u00a0\u00a0 y - x = 3.\nSolving x + y = 15 \u00a0 and \u00a0 x - y = 3, we get: x = 9, y = 6.\nSolving x + y = 15 \u00a0 and \u00a0 y - x = 3, we get: x = 6, y = 9.\nSo, the number is either 96 or 69.\nHence, the number cannot be determined."}, {"question": "The sum of the squares of three numbers is 138, while the sum of their products taken two at a time is 131. Their sum is:", "opta": "20", "optb": "30", "optc": "40", "optd": "None of these", "ans": "A", "explanation": "Let the numbers be a, b and c.\nThen, a2 + b2 +  c2 = 138 and (ab + bc + ca) = 131.\n(a + b + c)2 = a2 + b2 + c2 + 2(ab + bc + ca) = 138 + 2 x 131 = 400.\n (a + b + c) = 400 = 20."}, {"question": "A number consists of two digits. If the digits interchange places and the new number is added to the original number, then the resulting number will be divisible by:", "opta": "3", "optb": "5", "optc": "9", "optd": "11", "ans": "D", "explanation": "Let the ten's digit be x and unit's digit be y.\nThen, number = 10x + y.\nNumber obtained by interchanging the digits = 10y + x.\n (10x + y) + (10y + x) = 11(x + y), which is divisible by 11."}, {"question": "In a two-digit, if it is known that its unit's digit exceeds its ten's digit by 2 and that the product of the given number and the sum of its digits is equal to 144, then the number is:", "opta": "24", "optb": "26", "optc": "42", "optd": "46", "ans": "A", "explanation": "Let the ten's digit be x.\nThen, unit's digit = x + 2.\nNumber = 10x + (x + 2) = 11x + 2.\nSum of digits = x + (x + 2) = 2x + 2.\n (11x + 2)(2x + 2) = 144\n 22x2 + 26x - 140 = 0\n 11x2 + 13x - 70 = 0\n (x - 2)(11x + 35) = 0\n x = 2.\nHence, required number = 11x + 2 = 24."}, {"question": "Find a positive number which when increased by 17 is equal to 60 times the reciprocal of the number.", "opta": "3", "optb": "10", "optc": "17", "optd": "20", "ans": "A", "explanation": "Let the number be x.\n\n\n\nThen, x + 17 =\n60\n\n\nx\n\n\n\n x2 + 17x - 60 = 0\n (x + 20)(x - 3) = 0\n x = 3."}, {"question": "The product of two numbers is 9375 and the quotient, when the larger one is divided by the smaller, is 15. The sum of the numbers is:", "opta": "380", "optb": "395", "optc": "400", "optd": "425", "ans": "C", "explanation": "Let the numbers be x and y.\n\n\n\nThen, xy = 9375 and\nx\n= 15.\n\n\ny\n\n\n\n\n\n\nxy\n=\n9375\n\n\n(x/y)\n15\n\n\n\n y2 = 625.\n y = 25.\n x = 15y = (15 x 25) = 375.\n Sum of the numbers = x + y = 375 + 25 = 400."}, {"question": "The product of two numbers is 120 and the sum of their squares is 289. The sum of the number is:", "opta": "20", "optb": "23", "optc": "169", "optd": "None of these", "ans": "B", "explanation": "Let the numbers be x and y.\nThen, xy = 120 and x2 + y2 = 289.\n (x + y)2 = x2 + y2  + 2xy = 289 + (2 x 120) = 529\n x + y = 529 = 23."}, {"question": "A number consists of 3 digits whose sum is 10. The middle digit is equal to the sum of the other two and the number will be increased by 99 if its digits are reversed. The number is:", "opta": "145", "optb": "253", "optc": "370", "optd": "352", "ans": "B", "explanation": "Let the middle digit be x.\nThen, 2x = 10 or x = 5. So, the number is either 253 or 352.\nSince the number increases on reversing the digits, so the hundred's digits is smaller than the unit's digit.\nHence, required number = 253."}, {"question": "The sum of two number is 25 and their difference is 13. Find their product.", "opta": "104", "optb": "114", "optc": "315", "optd": "325", "ans": "B", "explanation": "Let the numbers be x and y.\nThen, x + y = 25 and x - y = 13.\n4xy = (x + y)2 - (x- y)2\n\u00a0\u00a0 = (25)2  - (13)2 \n\u00a0\u00a0 = (625 - 169)\n\u00a0\u00a0 = 456\n xy = 114."}, {"question": "What is the sum of two consecutive even numbers, the difference of whose squares is 84?", "opta": "34", "optb": "38", "optc": "42", "optd": "46", "ans": "C", "explanation": "Let the numbers be x and x + 2.\nThen, (x + 2)2 - x2  = 84\n 4x + 4 = 84\n 4x = 80\n x = 20.\n The required sum = x + (x + 2) = 2x + 2 = 42."}]]}