{"test_questions": [[{"question": "A sum of money at simple interest amounts to Rs. 815 in 3 years and to Rs. 854 in 4 years. The sum is:", "opta": "Rs. 650", "optb": "Rs. 690", "optc": "Rs. 698", "optd": "Rs. 700", "ans": "C", "explanation": "S.I. for 1 year = Rs. (854 - 815) = Rs. 39.\nS.I. for 3 years = Rs.(39 x 3) = Rs. 117.\n Principal = Rs. (815 - 117) = Rs. 698."}, {"question": "Mr. Thomas invested an amount of Rs. 13,900 divided in two different schemes A and B at the simple interest rate of 14% p.a. and 11% p.a. respectively. If the total amount of simple interest earned in 2 years be Rs. 3508, what was the amount invested in Scheme B?", "opta": "Rs. 6400", "optb": "Rs. 6500", "optc": "Rs. 7200", "optd": "Rs. 7500", "opte": "None of these", "ans": "A", "explanation": "Let the sum invested in Scheme A be Rs. x and that in Scheme B be Rs. (13900 - x).\n\n\n\nThen,\n\nx x 14 x 2\n\n+\n\n(13900 - x) x 11 x 2\n\n= 3508\n\n\n100\n100\n\n\n\n 28x - 22x = 350800 - (13900 x 22)\n 6x = 45000\n x = 7500.\nSo, sum invested in Scheme B = Rs. (13900 - 7500) = Rs. 6400."}, {"question": "A sum fetched a total simple interest of Rs. 4016.25 at the rate of 9 p.c.p.a. in 5 years. What is the sum?", "opta": "Rs. 4462.50", "optb": "Rs. 8032.50", "optc": "Rs. 8900", "optd": "Rs. 8925", "opte": "None of these", "ans": "D", "explanation": "Principal\n\n\n\n = Rs.\n\n100 x 4016.25\n\n\n\n9 x 5\n\n\n\n\n\n\n\n\n\n= Rs.\n\n401625\n\n\n\n45\n\n\n\n\n\n\n= Rs. 8925."}, {"question": "How much time will it take for an amount of Rs. 450 to yield Rs. 81 as interest at 4.5% per annum of simple interest?", "opta": "3.5 years", "optb": "4 years", "optc": "4.5 years", "optd": "5 years", "ans": "B", "explanation": "Time =\n\n100 x 81\nyears \n= 4 years.\n\n\n450 x 4.5"}, {"question": "Reena took a loan of Rs. 1200 with simple interest for as many years as the rate of interest. If she paid Rs. 432 as interest at the end of the loan period, what was the rate of interest?", "opta": "3.6", "optb": "6", "optc": "18", "optd": "Cannot be determined", "opte": "None of these", "ans": "B", "explanation": "Let rate = R% and time = R years.\n\n\n\nThen,\n\n1200 x R x R\n\n= 432\n\n\n100\n\n\n\n 12R2 = 432\n R2 = 36\n R = 6."}, {"question": "A sum of Rs. 12,500 amounts to Rs. 15,500 in 4 years at the rate of simple interest. What is the rate of interest?", "opta": "3%", "optb": "4%", "optc": "5%", "optd": "6%", "opte": "None of these", "ans": "D", "explanation": "S.I. = Rs. (15500 - 12500) = Rs. 3000.\n\n\n\nRate =\n\n100 x 3000\n%\n= 6%\n\n\n12500 x 4"}, {"question": "An automobile financier claims to be lending money at simple interest, but he includes the interest every six months for calculating the principal. If he is charging an interest of 10%, the effective rate of interest becomes:", "opta": "10%", "optb": "10.25%", "optc": "10.5%", "optd": "None of these", "ans": "B", "explanation": "Let the sum be Rs. 100. Then,\n\n\n\nS.I. for first 6 months = Rs.\n\n100 x 10 x 1\n\n= Rs. 5\n\n\n100 x 2\n\n\n\n\n\n\nS.I. for last 6 months = Rs.\n\n105 x 10 x 1\n\n= Rs. 5.25\n\n\n100 x 2\n\n\n\nSo, amount at the end of 1 year = Rs. (100 + 5 + 5.25) = Rs. 110.25\n Effective rate = (110.25 - 100) = 10.25%"}, {"question": "A lent Rs. 5000 to B for 2 years and Rs. 3000 to C for 4 years on simple interest at the same rate of interest and received Rs. 2200 in all from both of them as interest. The rate of interest per annum is:", "opta": "5%", "optb": "7%", "ans": "D", "explanation": "Let the rate be R% p.a.\n\n\n\nThen,\n\n5000 x R x 2\n\n+\n\n3000 x R x 4\n\n= 2200.\n\n\n100\n100\n\n\n\n 100R + 120R = 2200\n\n\n\n R =\n\n2200\n\n= 10.\n\n\n220\n\n\n\n Rate = 10%."}, {"question": "A sum of Rs. 725 is lent in the beginning of a year at a certain rate of interest. After 8 months, a sum of Rs. 362.50 more is lent but at the rate twice the former. At the end of the year, Rs. 33.50 is earned as interest from both the loans. What was the original rate of interest?", "opta": "3.6%", "optb": "4.5%", "optc": "5%", "optd": "6%", "opte": "None of these", "ans": "E", "explanation": "Let the original rate be R%. Then, new rate = (2R)%.\nNote: Here, original rate is for 1 year(s); the new rate is for only 4 months i.e.  year(s).\n\n\n\n \n\n725 x R x 1\n\n+\n\n362.50 x 2R x 1\n\n= 33.50\n\n\n100\n100 x 3\n\n\n\n (2175 + 725) R = 33.50 x 100 x 3\n (2175 + 725) R = 10050\n (2900)R = 10050\n\n\n\n R =\n10050\n= 3.46\n\n\n2900\n\n\n\n Original rate = 3.46%"}, {"question": "A man took loan from a bank at the rate of 12% p.a. simple interest. After 3 years he had to pay Rs. 5400 interest only for the period. The principal amount borrowed by him was:", "opta": "Rs. 2000", "optb": "Rs. 10,000", "optc": "Rs. 15,000", "optd": "Rs. 20,000", "ans": "C", "explanation": "Principal = Rs.\n\n100 x 5400\n\n= Rs. 15000.\n\n\n12 x 3"}, {"question": "A sum of money amounts to Rs. 9800 after 5 years and Rs. 12005 after 8 years at the same rate of simple interest. The rate of interest per annum is:", "opta": "5%", "optb": "8%", "optc": "12%", "optd": "15%", "ans": "C", "explanation": "S.I. for 3 years = Rs. (12005 - 9800) = Rs. 2205.\n\n\n\nS.I. for 5 years = Rs.\n\n2205\nx 5\n\n= Rs. 3675\n\n\n3\n\n\n\n Principal = Rs. (9800 - 3675) = Rs. 6125.\n\n\n\nHence, rate =\n\n100 x 3675\n%\n= 12%\n\n\n6125 x 5"}, {"question": "What will be the ratio of simple interest earned by certain amount at the same rate of interest for 6 years and that for 9 years?", "opta": "1 : 3", "optb": "1 : 4", "optc": "2 : 3", "optd": "Data inadequate", "opte": "None of these", "ans": "C", "explanation": "Let the principal be P and rate of interest be R%.\n\n\n\n Required ratio =\n\n\n\n\nP x R x 6\n\n\n\n100\n\n\n\n=\n6PR\n=\n6\n= 2 : 3.\n\n\n\n\n\n\nP x R x 9\n\n\n\n100\n\n\n\n9PR\n9"}, {"question": "A certain amount earns simple interest of Rs. 1750 after 7 years. Had the interest been 2% more, how much more interest would it have earned?", "opta": "Rs. 35", "optb": "Rs. 245", "optc": "Rs. 350", "optd": "Cannot be determined", "opte": "None of these", "ans": "D", "explanation": "We need to know the S.I., principal and time to find the rate.\nSince the principal is not given, so data is inadequate."}, {"question": "A person borrows Rs. 5000 for 2 years at 4% p.a. simple interest. He immediately lends it to another person at 6 p.a for 2 years. Find his gain in the transaction per year.", "opta": "Rs. 112.50", "optb": "Rs. 125", "optc": "Rs. 150", "optd": "Rs. 167.50", "ans": "A", "explanation": "Gain in 2 years \n\n\n\n= Rs.\n\n\n5000 x\n25\nx\n2\n\n-\n\n5000 x 4 x 2\n\n\n\n\n4\n100\n100\n\n\n\n\n\n\n= Rs. (625 - 400)\n\n\n\n= Rs. 225.\n\n\n\n\n\n\n Gain in 1 year = Rs.\n\n225\n\n= Rs. 112.50\n\n\n2"}]]}