{"test_questions": [[{"question": "Which one of the following is not a prime number?", "opta": "31", "optb": "61", "optc": "71", "optd": "91", "ans": "D", "explanation": "91 is divisible by 7. So, it is not a prime number."}, {"question": "(112 x 54) = ?", "opta": "67000", "optb": "70000", "optc": "76500", "optd": "77200", "ans": "B", "explanation": "(112 x 54) = 112 x\n\n10\n\n4\n=\n112 x 104\n=\n1120000\n= 70000\n\n\n2\n24\n16"}, {"question": "It is being given that (232 + 1) is completely divisible by a whole number. Which of the following numbers is completely divisible by this number?", "opta": "(216 + 1)", "optb": "(216 - 1)", "optc": "(7 x 223)", "optd": "(296 + 1)", "ans": "D", "explanation": "Let 232 = x. Then, (232 + 1) = (x + 1).\nLet (x + 1) be completely divisible by the natural number N. Then,\n(296 + 1) = [(232)3 + 1] = (x3 + 1) = (x + 1)(x2 - x + 1), which is completely divisible by N, since (x + 1) is divisible by N."}, {"question": "What least number must be added to 1056, so that the sum is completely divisible by 23 ?", "opta": "2", "optb": "3", "optc": "18", "optd": "21", "opte": "None of these", "ans": "A", "explanation": "23) 1056 (45\n      92\n      ---\n      136\n      115\n      ---\n       21\n      ---\n     \n Required number = (23 - 21)    \n                 = 2."}, {"question": "1397 x 1397 = ?", "opta": "1951609", "optb": "1981709", "optc": "18362619", "optd": "2031719", "opte": "None of these", "ans": "A", "explanation": "1397 x 1397\n= (1397)2\n\n\n\n= (1400 - 3)2\n\n\n\n= (1400)2 + (3)2 - (2 x 1400 x 3)\n\n\n\n= 1960000 + 9 - 8400\n\n\n\n= 1960009 - 8400\n\n\n\n= 1951609."}, {"question": "How many of the following numbers are divisible by 132 ?\n264, 396, 462, 792, 968, 2178, 5184, 6336", "opta": "4", "optb": "5", "optc": "6", "optd": "7", "ans": "A", "explanation": "132 = 4 x 3 x 11\nSo, if the number divisible by all the three number 4, 3 and 11, then the number is divisible by 132 also.\n264  11,3,4  (/)\n396  11,3,4 (/)\n462  11,3 (X)\n792  11,3,4  (/)\n968  11,4  (X)\n2178  11,3 (X)\n5184  3,4 (X)\n6336  11,3,4  (/)\nTherefore the following numbers are divisible by 132 : 264, 396, 792 and 6336.\n\nRequired number of number = 4."}, {"question": "(935421 x 625) = ?", "opta": "575648125", "optb": "584638125", "optc": "584649125", "optd": "585628125", "ans": "B", "explanation": "935421 x 625 = 935421 x 54 = 935421 x\n\n10\n\n4\n\n\n2\n\n \n\n\n\n=\n935421 x 104\n=\n9354210000\n\n\n24\n16\n\n\n\n= 584638125"}, {"question": "The largest 4 digit number exactly divisible by 88 is:", "opta": "9944", "optb": "9768", "optc": "9988", "optd": "8888", "opte": "None of these", "ans": "A", "explanation": "Largest 4-digit number = 9999\n\n 88) 9999 (113\n     88\n     ----\n     119\n      88\n     ----\n      319\n      264\n      ---\n       55\n      ---\n       \n Required number = (9999 - 55)\n                 = 9944."}, {"question": "Which of the following is a prime number ?", "opta": "33", "optb": "81", "optc": "93", "optd": "97", "ans": "D", "explanation": "Clearly, 97 is a prime number."}, {"question": "What is the unit digit in {(6374)1793 x (625)317 x (341491)}?", "opta": "0", "optb": "2", "optc": "3", "optd": "5", "ans": "A", "explanation": "Unit digit in (6374)1793 = Unit digit in (4)1793\n\u00a0\u00a0\u00a0\u00a0= Unit digit in [(42)896 x 4]\n\u00a0\u00a0\u00a0\u00a0= Unit digit in (6 x 4) = 4\nUnit digit in (625)317 = Unit digit in (5)317 = 5\nUnit digit in (341)491 = Unit digit in (1)491 = 1\nRequired digit = Unit digit in (4 x 5 x 1) = 0."}, {"question": "5358 x 51 = ?", "opta": "273258", "optb": "273268", "optc": "273348", "optd": "273358", "ans": "A", "explanation": "5358 x 51\n= 5358 x (50 + 1)\n\n\n\n= 5358 x 50 + 5358 x 1\n\n\n\n= 267900 + 5358\n\n\n\n= 273258."}, {"question": "The sum of first five prime numbers is:", "opta": "11", "optb": "18", "optc": "26", "optd": "28", "ans": "D", "explanation": "Required sum = (2 + 3 + 5 + 7 + 11) = 28.\nNote: 1 is not a prime number.\nDefinition: A prime number (or a prime) is a natural number that has exactly two distinct natural number divisors: 1 and itself."}, {"question": "The difference of two numbers is 1365. On dividing the larger number by the smaller, we get 6 as quotient and the 15 as remainder. What is the smaller number ?", "opta": "240", "optb": "270", "optc": "295", "optd": "360", "ans": "B", "explanation": "Let the smaller number be x. Then larger number = (x + 1365).\n x + 1365 = 6x + 15\n 5x = 1350\n x = 270\nSmaller number = 270."}, {"question": "(12)3 x 64 \u00f7 432 = ?", "opta": "5184", "optb": "5060", "optc": "5148", "optd": "5084", "opte": "None of these", "ans": "A", "explanation": "Given Exp. = \n(12)3 x 64\n=\n(12)3 x 64\n= (12)2 x 62 = (72)2 = 5184\n\n\n432\n12 x 62"}, {"question": "72519 x 9999 = ?", "opta": "725117481", "optb": "674217481", "optc": "685126481", "optd": "696217481", "opte": "None of these", "ans": "A", "explanation": "72519 x 9999\n= 72519 x (10000 - 1)\n\n\n\n= 72519 x 10000 - 72519 x 1\n\n\n\n= 725190000 - 72519\n\n\n\n= 725117481."}, {"question": "If the number 517*324 is completely divisible by 3, then the smallest whole number in the place of * will be:", "opta": "0", "optb": "1", "optc": "2", "optd": "None of these", "ans": "C", "explanation": "Sum of digits = (5 + 1 + 7 + x + 3 + 2 + 4) = (22 + x),  which must be divisible by 3.\n\u00a0\u00a0x = 2."}, {"question": "The smallest 3 digit prime number is:", "opta": "101", "optb": "103", "optc": "109", "optd": "113", "ans": "A", "explanation": "The smallest 3-digit number is 100, which is divisible by 2.\n 100 is not a prime number.\n101 < 11 and 101 is not divisible by any of the prime numbers 2, 3, 5, 7, 11.\n101 is a prime number.\nHence 101 is the smallest 3-digit prime number."}, {"question": "Which one of the following numbers is exactly divisible by 11?", "opta": "235641", "optb": "245642", "optc": "315624", "optd": "415624", "ans": "D", "explanation": "(4 + 5 + 2) - (1 + 6 + 3) = 1, not divisible by 11.\n(2 + 6 + 4) - (4 + 5 + 2) = 1, not divisible by 11.\n(4 + 6 + 1) - (2 + 5 + 3) = 1, not divisible by 11.\n(4 + 6 + 1) - (2 + 5 + 4) = 0, So, 415624 is divisible by 11."}, {"question": "(?) - 19657 - 33994 = 9999", "opta": "63650", "optb": "53760", "optc": "59640", "optd": "61560", "opte": "None of these", "ans": "A", "explanation": "19657         Let x - 53651  = 9999\n 33994         Then, x = 9999 + 53651 = 63650\n -----\n 53651\n -----"}, {"question": "The sum of first 45 natural numbers is:", "opta": "1035", "optb": "1280", "optc": "2070", "optd": "2140", "ans": "A", "explanation": "Let Sn =(1 + 2 + 3 + ... + 45). This is an A.P. in which a =1, d =1, n = 45.\n\n\n\nSn =\nn\n[2a + (n - 1)d]\n=\n45\nx [2 x 1 + (45 - 1) x 1]\n=\n\n45\nx 46\n\n= (45 x 23)\n\n\n2\n2\n2\n\n\n\n = 45 x (20 + 3)\n = 45 x 20 + 45 x 3\n = 900 + 135\n = 1035.\nShorcut Method:\n\n\n\nSn =\nn(n + 1)\n=\n45(45 + 1)\n= 1035.\n\n\n2\n2"}, {"question": "Which of the following number is divisible by 24 ?", "opta": "35718", "optb": "63810", "optc": "537804", "optd": "3125736", "ans": "D", "explanation": "24 = 3 x8, where 3 and 8 co-prime.\nClearly, 35718 is not divisible by 8, as 718 is not divisible by 8.\nSimilarly, 63810 is not divisible by 8 and  537804 is not divisible by 8.\nConsider option (D),\nSum of digits = (3 + 1 + 2 + 5 + 7 + 3 + 6) = 27, which is divisible by 3.\nAlso, 736 is divisible by 8.\n 3125736 is divisible by (3 x 8), i.e., 24."}, {"question": "753 x 753 + 247 x 247 - 753 x 247\n= ?\n\n\n753 x 753 x 753 + 247 x 247 x 247", "opta": "1\n\n\n1000", "optb": "1000", "ans": "A", "explanation": "Given Exp. =\n(a2 + b2 - ab)\n=\n1\n=\n1\n=\n1\n\n\n(a3 + b3)\n(a + b)\n(753 + 247)\n1000"}, {"question": "(?) + 3699 + 1985 - 2047 = 31111", "opta": "34748", "optb": "27474", "optc": "30154", "optd": "27574", "opte": "None of these", "ans": "B", "explanation": "x + 3699 + 1985 - 2047 = 31111\n\u00a0\u00a0\u00a0x + 3699 + 1985 = 31111 + 2047\n\u00a0\u00a0\u00a0x + 5684 = 33158\n\u00a0\u00a0\u00a0x = 33158 - 5684 = 27474."}, {"question": "If the number 481 * 673 is completely divisible by 9, then the smallest whole number in place of * will be:", "opta": "2", "optb": "5", "optc": "6", "optd": "7", "opte": "None of these", "ans": "D", "explanation": "Sum of digits = (4 + 8 + 1 + x + 6 + 7 + 3) = (29 + x), which must be divisible by 9.\n\u00a0\u00a0 x = 7."}, {"question": "The difference between the local value and the face value of 7 in the numeral 32675149 is", "opta": "75142", "optb": "64851", "optc": "5149", "optd": "69993", "opte": "None of these", "ans": "D", "explanation": "(Local value of 7) - (Face value of 7) = (70000 - 7) = 69993"}, {"question": "The difference between a positive proper fraction and its reciprocal is 9/20. The fraction is:", "opta": "3\n\n\n5", "optb": "5", "ans": "C", "explanation": "Let the required fraction be x. Then\n1\n- x = \n9\n\n\nx\n20\n\n\n\n\n\n\n\u00a0\u00a0\u00a0\n1 - x2\n=\n9\n\n\nx\n20\n\n\n\n\u00a0\u00a0\u00a0\u00a0 20 - 20x2 = 9x\n\u00a0\u00a0\u00a0\u00a0 20x2 + 9x - 20 = 0\n\u00a0\u00a0\u00a0\u00a0 20x2 + 25x - 16x - 20 = 0\n\u00a0\u00a0\u00a0\u00a0 5x(4x + 5) - 4(4x + 5) = 0\n\u00a0\u00a0\u00a0\u00a0 (4x + 5)(5x - 4) = 0\n\n\n\n x = \n4\n\n\n5"}, {"question": "On dividing a number by 56, we get 29 as remainder. On dividing the same number by 8, what will be the remainder ?", "opta": "4", "optb": "5", "optc": "6", "optd": "7", "ans": "B", "explanation": "Formula: (Divisor*Quotient) + Remainder = Dividend.\nSoln:\n(56*Q)+29 = D -------(1)\nD%8 = R -------------(2)\nFrom equation(2),\n((56*Q)+29)%8 = R.\n=> Assume Q = 1.\n=> (56+29)%8 = R.\n=> 85%8 = R\n=> 5 = R."}, {"question": "If n is a natural number, then (6n2 + 6n) is always divisible by:", "opta": "6 only", "optb": "6 and 12 both", "optc": "12 only", "optd": "by 18 only", "ans": "B", "explanation": "(6n2 + 6n) = 6n(n + 1), which is always divisible by 6 and 12 both, since n(n + 1) is always even."}, {"question": "107 x 107 + 93 x 93 = ?", "opta": "19578", "optb": "19418", "optc": "20098", "optd": "21908", "opte": "None of these", "ans": "C", "explanation": "107 x 107 + 93 x 93\n= (107)2 + (93)2\n\n\n\n= (100 + 7)2 + (100 - 7)2\n\n\n\n= 2 x [(100)2 + 72] \u00a0\u00a0\u00a0\u00a0\u00a0\u00a0[Ref: (a + b)2 + (a - b)2 = 2(a2 + b2)]\n\n\n\n= 20098"}, {"question": "What will be remainder when (6767 + 67) is divided by 68 ?", "opta": "1", "optb": "63", "optc": "66", "optd": "67", "ans": "C", "explanation": "(xn + 1) will be divisible by (x + 1) only when n is odd.\n(6767 + 1) will be divisible by (67 + 1)\n(6767 + 1) + 66, when divided by 68 will give 66 as remainder."}, {"question": "On dividing a number by 5, we get 3 as remainder. What will the remainder when the square of the this number is divided by 5 ?", "opta": "0", "optb": "1", "optc": "2", "optd": "4", "ans": "D", "explanation": "Let the number be x and on dividing x by 5, we get k as quotient and 3 as remainder.\n\u00a0\u00a0\u00a0\u00a0x = 5k + 3\n\u00a0\u00a0\u00a0\u00a0x2 = (5k + 3)2\n\u00a0\u00a0 = (25k2 + 30k + 9)\n\u00a0\u00a0 = 5(5k2 + 6k + 1) + 4\nOn dividing x2 by 5, we get 4 as remainder."}, {"question": "How many 3-digit numbers are completely divisible 6 ?", "opta": "149", "optb": "150", "optc": "151", "optd": "166", "ans": "B", "explanation": "3-digit number divisible by 6 are: 102, 108, 114,... , 996\nThis is an A.P. in which a = 102, d = 6 and l = 996\nLet the number of terms be n. Then tn = 996.\n a + (n - 1)d = 996\n 102 + (n - 1) x 6 = 996\n 6 x (n - 1) = 894\n (n - 1) = 149\n n = 150\n Number of terms = 150."}, {"question": "How many natural numbers are there between 23 and 100 which are exactly divisible by 6 ?", "opta": "8", "optb": "11", "optc": "12", "optd": "13", "opte": "None of these", "ans": "D", "explanation": "Required numbers are 24, 30, 36, 42, ..., 96\nThis is an A.P. in which a = 24, d = 6 and l = 96\nLet the number of terms in it be n.\nThen tn = 96 \u00a0 \u00a0a + (n - 1)d = 96\n 24 + (n - 1) x 6 = 96\n (n - 1) x 6 = 72\n (n - 1) = 12\n n = 13\nRequired number of numbers = 13."}, {"question": "How many of the following numbers are divisible by 3 but not by 9 ?\n2133, 2343, 3474, 4131, 5286, 5340, 6336, 7347, 8115, 9276", "opta": "5", "optb": "6", "optc": "7", "optd": "None of these", "ans": "B", "explanation": "Marking (/) those which are are divisible by 3 by not by 9 and the others by (X), by taking the sum of digits, we get:s\n2133  9  (X)\n2343  12 (/)\n3474  18 (X)\n4131  9  (X)\n5286  21 (/)\n5340  12 (/)\n6336  18 (X)\n7347  21 (/)\n8115  15 (/)\n9276  24 (/)\nRequired number of numbers = 6."}, {"question": "(963 + 476)2 + (963 - 476)2\n= ?\n\n\n(963 x 963 + 476 x 476)", "opta": "1449", "optb": "497", "optc": "2", "optd": "4", "opte": "None of these", "ans": "C", "explanation": "Given Exp. =\n(a + b)2 + (a - b)2\n=\n2(a2 + b2)\n= 2\n\n\n(a2 + b2)\n(a2 + b2)"}, {"question": "How many 3 digit numbers are divisible by 6 in all ?", "opta": "149", "optb": "150", "optc": "151", "optd": "166", "ans": "B", "explanation": "Required numbers  are 102, 108, 114, ... , 996\nThis is an A.P. in which a = 102, d = 6 and l = 996\nLet the number of terms be n. Then,\na + (n - 1)d = 996\n\u00a0\u00a0\u00a0102 + (n - 1) x 6 = 996\n\u00a0\u00a0\u00a06 x (n - 1) = 894\n\u00a0\u00a0\u00a0(n - 1) = 149\n\u00a0\u00a0\u00a0n = 150."}, {"question": "A 3-digit number 4a3 is added to another 3-digit number 984 to give a 4-digit number 13b7, which is divisible by 11. Then, (a + b) = ?", "opta": "10", "optb": "11", "optc": "12", "optd": "15", "ans": "A", "explanation": "4 a 3  |\r\n 9 8 4  }  ==> a + 8 = b  ==>  b - a = 8  \r\n13 b 7  |\r\n\nAlso, 13 b7 is divisible by 11 \u00a0\u00a0\u00a0\u00a0 (7 + 3) - (b + 1) = (9 - b)\n \u00a0 (9 - b) = 0\n \u00a0 b = 9\n (b = 9 and  a = 1)\u00a0\u00a0\u00a0\u00a0 (a + b) = 10."}, {"question": "8597 - ? = 7429 - 4358", "opta": "5426", "optb": "5706", "optc": "5526", "optd": "5476", "opte": "None of these", "ans": "C", "explanation": "7429          Let 8597 - x = 3071\r\n-4358          Then,      x = 8597 - 3071\r\n ----                       = 5526\r\n 3071\r\n ----"}, {"question": "The smallest prime number is:", "opta": "1", "optb": "2", "optc": "3", "optd": "4", "ans": "B", "explanation": "The smallest prime number is 2."}, {"question": "(12345679 x 72) = ?", "opta": "88888888", "optb": "888888888", "optc": "898989898", "optd": "9999999998", "ans": "B", "explanation": "12345679 x 72\n= 12345679 x (70 +2)\n\n\n\n= 12345679 x 70 + 12345679 x 2\n\n\n\n= 864197530 + 24691358\n\n\n\n= 888888888"}, {"question": "On dividing a number by 357, we get 39 as remainder. On dividing the same number 17, what will be the remainder ?", "opta": "0", "optb": "3", "optc": "5", "optd": "11", "ans": "C", "explanation": "Let x be the number and y be the quotient. Then,\nx = 357 x y + 39\n\u00a0\u00a0= (17 x 21 x y) + (17 x 2) + 5\n\u00a0\u00a0= 17 x (21y + 2) + 5)\nRequired remainder = 5."}, {"question": "If the product 4864 x 9 P 2 is divisible by 12, then the value of P is:", "opta": "2", "optb": "5", "optc": "6", "optd": "8", "opte": "None of these", "ans": "E", "explanation": "Clearly, 4864 is divisible by 4.\nSo, 9P2 must be divisible by 3. So, (9 + P + 2) must be divisible by 3.\n P = 1."}, {"question": "Which one of the following is the common factor of (4743 + 4343) and (4747 + 4347) ?", "opta": "(47 - 43)", "optb": "(47 + 43)", "optc": "(4743 + 4343)", "optd": "None of these", "ans": "B", "explanation": "When n is odd, (xn + an) is always divisible by (x + a).\nEach one of (4743 + 4343) and (4747 + 4347) is divisible by (47 + 43)."}, {"question": "-84 x 29 + 365 = ?", "opta": "2436", "optb": "2801", "optc": "-2801", "optd": "-2071", "opte": "None of these", "ans": "D", "explanation": "Given Exp.\n= -84 x (30 - 1) + 365 \n\n\n\n= -(84 x 30) + 84 + 365\n\n\n\n= -2520 + 449\n\n\n\n= -2071"}, {"question": "A number when divided by 296 leaves 75 as remainder. When the same number is divided by 37, the remainder will be:", "opta": "1", "optb": "2", "optc": "8", "optd": "11", "ans": "A", "explanation": "Let x = 296q + 75\n\u00a0\u00a0 = (37 x 8q + 37 x 2) + 1\n\u00a0\u00a0 = 37 (8q + 2) + 1\nThus, when the number is divided by 37, the remainder is 1."}, {"question": "In dividing a number by 585, a student employed the method of short division. He divided the number successively by 5, 9 and 13 (factors 585) and got the remainders 4, 8, 12 respectively. If he had divided the number by 585, the remainder would have been", "opta": "24", "optb": "144", "optc": "292", "optd": "584", "ans": "D", "explanation": "5 | x                z = 13 x 1 + 12  = 25\n --------------\n 9 | y - 4            y = 9 x z + 8  = 9 x 25 + 8  = 233\n --------------\n 13| z - 8            x = 5 x y + 4  = 5 x 233 + 4  = 1169\n --------------\n   | 1 -12\n  \n  585) 1169 (1\n       585\n       ---\n       584\n       ---\n       \n  Therefore, on dividing the number by 585, remainder = 584."}, {"question": "In a division sum, the divisor is 10 times the quotient and 5 times the remainder. If the remainder is 46, what is the dividend ?", "opta": "4236", "optb": "4306", "optc": "4336", "optd": "5336", "opte": "None of these", "ans": "D", "explanation": "Divisor = (5 x 46) = 230\n\n\n\n 10 x Quotient = 230\u00a0\u00a0\u00a0\u00a0 =\n230\n= 23\n\n\n10\n\n\n\nDividend = (Divisor x Quotient) + Remainder\n\u00a0\u00a0\u00a0\u00a0= (230 x 23) + 46\n\u00a0\u00a0\u00a0\u00a0= 5290 + 46\n\u00a0\u00a0\u00a0\u00a0= 5336."}, {"question": "4500 x ? = 3375", "opta": "2\n\n\n5", "optb": "5", "ans": "B", "explanation": "4500 x x = 3375 \u00a0\u00a0\u00a0\u00a0   x = \n337575\n=\n3\n\n\n4500100\n4"}, {"question": "What smallest number should be added to 4456 so that the sum is completely divisible by 6 ?", "opta": "4", "optb": "3", "optc": "2", "optd": "1", "opte": "None of these", "ans": "C", "explanation": "6) 4456 (742\n    42\n    ---\n     25\n     24        Therefore, Required number = (6 - 4) = 2.\n     ---\n      16\n      12\n      ---\n       4"}, {"question": "What least number must be subtracted from 13601, so that the remainder is divisible by 87 ?", "opta": "23", "optb": "31", "optc": "29", "optd": "37", "opte": "49", "ans": "C", "explanation": "87) 13601 (156\n     87\n     ----\n      490\n      435\n      ----\n       551\n       522\n       ---\n        29\n       ---\n       \n Therefore, the required number = 29."}, {"question": "476 ** 0 is divisible by both 3 and 11. The non-zero digits in the hundred's and ten's places are respectively:", "opta": "7 and 4", "optb": "7 and 5", "optc": "8 and 5", "optd": "None of these", "ans": "C", "explanation": "Let the given number be 476 xy 0.\nThen (4 + 7 + 6 + x + y + 0) = (17 + x + y) must be divisible by 3.\nAnd, (0 + x + 7) - (y + 6 + 4) = (x - y -3) must be either 0 or 11.\nx - y - 3 = 0 \u00a0\u00a0 y = x - 3\n(17 + x + y) = (17 + x + x - 3) = (2x + 14)\n x= 2 or x = 8.\n x = 8 and y = 5."}, {"question": "If the number 97215 * 6 is completely divisible by 11, then the smallest whole number in place of * will be:", "opta": "3", "optb": "2", "optc": "1", "optd": "5", "opte": "None of these", "ans": "A", "explanation": "Given number = 97215x6\n(6 + 5 + 2 + 9) - (x + 1 + 7) = (14 - x), which must be divisible by 11.\n\u00a0\u00a0x = 3"}, {"question": "(112 + 122 + 132 + ... + 202) = ?", "opta": "385", "optb": "2485", "optc": "2870", "optd": "3255", "ans": "B", "explanation": "(112 + 122 + 132 + ... + 202) = (12 + 22 + 32 + ... + 202) - (12 + 22 + 32 + ... + 102)\n\n\n\n\nRef: (12 + 22 + 32 + ... + n2) = \n1\nn(n + 1)(2n + 1)\n\n\u00a0\u00a0\u00a0\n\n\n6\n\n\n\n\n\n=\u00a0\n\n20 x 21 x 41\n-\n10 x 11 x 21\n\n\n\n6\n6\n\n\n= (2870 - 385)\n= 2485."}, {"question": "If the number 5 * 2 is divisible by 6, then * = ?", "opta": "2", "optb": "3", "optc": "6", "optd": "7", "ans": "A", "explanation": "6 = 3 x 2. Clearly, 5 * 2 is divisible by 2. Replace * by x.\nThen, (5 + x + 2) must be divisible by 3. So, x = 2."}, {"question": "Which of the following numbers will completely divide (4915 - 1) ?", "opta": "8", "optb": "14", "optc": "46", "optd": "50", "ans": "A", "explanation": "(xn - 1) will be divisibly by (x + 1) only when n is even.\n(4915 - 1) = {(72)15 - 1} = (730 - 1), which is divisible by (7 +1), i.e., 8."}, {"question": "9 +\n3\n+ 7 +\n2\n-\n\n9 +\n1\n\n= ?\n\n\n4\n17\n15", "opta": "7 +\n719\n\n\n1020", "optb": "719", "ans": "D", "explanation": "Given sum\n\n\n\n = 9 +\n3\n+ 7 +\n2\n-\n\n9 +\n1\n\n\n\n4\n17\n15\n\n\n\n\n\n\n\n\n\n = (9 + 7 - 9) +\n\n3\n+\n2\n-\n1\n\n\n\n4\n17\n15\n\n\n\n\n\n\n\n\n\n= 7 +\n765 + 120 - 68\n\n\n1020\n\n\n\n\n\n\n\n\n\n= 7 +\n817\n\n\n1020"}, {"question": "1 -\n1\n\n+\n\n1 -\n2\n\n+\n\n1 -\n3\n\n+ ... up to n terms = ?\n\n\nn\nn\nn", "opta": "1\nn\n\n\n2", "optb": "n", "ans": "B", "explanation": "Given sum\n\n\n\n = (1 + 1 + 1 + ... to n terms)\n-\n\n1\n+\n2\n+\n3\n+ ... to n terms\n\n\n\nn\nn\nn\n\n\n\n\n\n\n\n\n\n = n -\nn\n\n1\n+ 1\n\n\u00a0\u00a0\u00a0\u00a0[ Ref: nth terms = (n/n) = 1]\n\n\n2\nn\n\n\n\n\n\n\n\n\n\n= n -\nn + 1\n\n\n2\n\n\n\n\n\n\n\n\n\n=\n1\n(n - 1)\n\n\n2"}, {"question": "On dividing 2272 as well as 875 by 3-digit number N, we get the same remainder. The sum of the digits of N is:", "opta": "10", "optb": "11", "optc": "12", "optd": "13", "ans": "A", "explanation": "Clearly, (2272 - 875) = 1397, is exactly divisible by N.\nNow, 1397 = 11 x 127\n The required 3-digit number is 127, the sum of whose digits is 10."}, {"question": "A boy multiplied 987 by a certain number and obtained 559981 as his answer. If in the answer both 9 are wrong and the other digits are correct, then the correct answer would be:", "opta": "553681", "optb": "555181", "optc": "555681", "optd": "556581", "ans": "C", "explanation": "987 = 3 x 7 x 47\nSo, the required number must be divisible by each one of 3, 7, 47\n553681  (Sum of digits = 28, not divisible by 3)\n555181  (Sum of digits = 25, not divisible by 3)\n555681 is divisible by 3, 7, 47."}, {"question": "How many prime numbers are less than 50 ?", "opta": "16", "optb": "15", "optc": "14", "optd": "18", "ans": "B", "explanation": "Prime numbers less than 50 are:\n2, 3, 5, 7, 11, 13, 17, 19, 23, 29, 31, 37, 41, 43, 47\n\nTheir number is 15"}, {"question": "When a number is divided by 13, the remainder is 11. When the same number is divided by 17, then remainder is 9. What is the number ?", "opta": "339", "optb": "349", "optc": "369", "optd": "Data inadequate", "ans": "B", "explanation": "x = 13p + 11 and  x = 17q + 9\n 13p + 11 = 17q + 9\n 17q - 13p = 2\n\n\n\n q =\n2 + 13p\n\n\n17\n\n\n\n\n\n\nThe least value of p for which q =\n2 + 13p\nis a whole number is p = 26\n\n\n17\n\n\n\n x = (13 x 26 + 11)\n\u00a0\u00a0 = (338 + 11)\n\u00a0\u00a0 = 349"}, {"question": "(51 + 52 + 53 + ... + 100) = ?", "opta": "2525", "optb": "2975", "optc": "3225", "optd": "3775", "ans": "D", "explanation": "Sn = (1 + 2 + 3 + ... + 50 + 51 + 52 + ... + 100) - (1 + 2 + 3 + ... + 50)\n\n\n\n\u00a0\u00a0\u00a0\u00a0=\n100\nx (1 + 100) -\n50\nx (1 + 50)\n\n\n2\n2\n\n\n\n\u00a0\u00a0\u00a0\u00a0= (50 x 101) - (25 x 51)\n\u00a0\u00a0\u00a0\u00a0= (5050 - 1275)\n\u00a0\u00a0\u00a0\u00a0= 3775."}, {"question": "(800 \u00f7 64) x (1296 \u00f736) = ?", "opta": "420", "optb": "460", "optc": "500", "optd": "540", "opte": "None of these", "ans": "E", "explanation": "Given Exp. = \n800\nx\n1296\n= 450\n\n\n64\n36"}, {"question": "Which natural number is nearest to 8485, which is completely divisible by 75 ?", "opta": "8475", "optb": "8500", "optc": "8550", "optd": "8525", "opte": "None of these", "ans": "A", "explanation": "On dividing, we get\n\n 75) 8485 (113\n     75\n     ---\n      98\n      75\n      ----\n       235\n       225\n       ---\n        10\n       ---\n \n Required number = (8485 - 10) // Because 10 < (75 - 10)\n                 = 8475."}, {"question": "If the number 42573 * is exactly divisible by 72, then the minimum value of * is:", "opta": "4", "optb": "5", "optc": "6", "optd": "7", "opte": "8", "ans": "C", "explanation": "72 = 9 x8, where 9 and 8 are co-prime.\nThe minimum value of x for which 73x for which 73x is divisible by 8 is, x = 6.\nSum of digits in 425736 = (4 + 2 + 5 + 7 + 3 + 6) = 27, which is divisible by 9.\nRequired value of * is 6."}, {"question": "Which of the following numbers is divisible by each one of 3, 7, 9 and 11 ?", "opta": "639", "optb": "2079", "optc": "3791", "optd": "37911", "opte": "None of these", "ans": "B", "explanation": "639 is not divisible by 7\n2079 is divisible by each of 3, 7, 9, 11."}, {"question": "Which natural number is nearest to 9217, which is completely divisible by 88 ?", "opta": "9152", "optb": "9240", "optc": "9064", "optd": "9184", "opte": "None of these", "ans": "B", "explanation": "On dividing we get, \n\n 88) 9217 (104\n     88\n     ----\n      417\n      352\n      ----\n       65\n      ----\n  \n Therefore, Required number = 9217 + (88 - 65) // Because (88 - 65) < 65.\n                            = 9217 + 23\n                            = 9240."}, {"question": "(4300731) - ? = 2535618", "opta": "1865113", "optb": "1775123", "optc": "1765113", "optd": "1675123", "opte": "None of these", "ans": "C", "explanation": "Let 4300731 - x = 2535618\nThen x, = 4300731 - 2535618  =  1765113"}, {"question": "n is a whole number which when divided by 4 gives 3 as remainder. What will be the remainder when 2n is divided by 4 ?", "opta": "3", "optb": "2", "optc": "1", "optd": "0", "ans": "B", "explanation": "Let n = 4q + 3. Then 2n = 8q + 6 \u00a0\u00a0= 4(2q + 1 ) + 2.\nThus, when 2n is divided by 4, the remainder is 2."}, {"question": "(489 + 375)2 - (489 - 375)2\n= ?\n\n\n(489 x 375)", "opta": "144", "optb": "864", "optc": "2", "optd": "4", "opte": "None of these", "ans": "D", "explanation": "Given Exp. =\n(a + b)2 - (a - b)2\n=\n4ab\n= 4\n\n\nab\nab"}, {"question": "397 x 397 + 104 x 104 + 2 x 397 x 104 = ?", "opta": "250001", "optb": "251001", "optc": "260101", "optd": "261001", "ans": "B", "explanation": "Given Exp.\n= (397)2 + (104)2 + 2 x 397 x 104\n\n\n\n= (397 + 104)2\n\n\n\n= (501)2 = (500 + 1)2\n\n\n\n= (5002) + (1)2 + (2 x 500 x 1) \n\n\n\n= 250000 + 1 + 1000\n\n\n\n= 251001"}, {"question": "(35423 + 7164 + 41720) - (317 x 89) = ?", "opta": "28213", "optb": "84307", "optc": "50694", "optd": "56094", "opte": "None of these", "ans": "D", "explanation": "35423         317 x 89 = 317 x (90 -1 )\r\n+  7164                  = (317 x 90 - 317)\r\n+ 41720                  = (28530 - 317)\r\n  -----                  = 28213\r\n  84307\r\n- 28213\r\n  -----\r\n  56094\r\n  -----"}, {"question": "(xn - an) is completely divisible by (x - a), when", "opta": "n is any natural number", "optb": "n is an even natural number", "optc": "n is and odd natural number", "optd": "n is prime", "ans": "A", "explanation": "For every natural number n, (xn - an) is completely divisible by (x - a)."}, {"question": "Which one of the following numbers is completely divisible by 45?", "opta": "181560", "optb": "331145", "optc": "202860", "optd": "2033555", "opte": "None of these", "ans": "C", "explanation": "45 = 5 x 9, where 5 and 9 are co-primes.\nUnit digit must be 0 or 5 and sum of digits must be divisible by 9.\nAmong given numbers, such number is 202860."}, {"question": "Which of the following numbers will completely divide (325 + 326 + 327 + 328) ?", "opta": "11", "optb": "16", "optc": "25", "optd": "30", "ans": "D", "explanation": "(325 + 326 + 327 + 328) = 325 x (1 + 3 + 32 + 33) = 325 x 40\n\u00a0\u00a0\u00a0\u00a0 = 324 x 3 x 4 x 10\n\u00a0\u00a0\u00a0\u00a0 = (324 x 4 x 30), which is divisible by30."}, {"question": "A number when divide by 6 leaves a remainder 3. When the square of the number is divided by 6, the remainder is:", "opta": "0", "optb": "1", "optc": "2", "optd": "3", "ans": "D", "explanation": "Let x = 6q + 3.\n Then, x2 = (6q + 3)2\n\u00a0\u00a0 = 36q2 + 36q + 9\n\u00a0\u00a0 = 6(6q2 + 6q + 1) + 3\nThus, when x2 is divided by 6, then remainder = 3."}, {"question": "The sum of the two numbers is 12 and their product is 35. What is the sum of the reciprocals of these numbers ?", "opta": "12\n\n\n35", "optb": "35", "ans": "A", "explanation": "Let the numbers be a and b. Then, a + b = 12 and ab = 35.\n\n\n\n\na + b\n=\n12\n\u00a0\u00a0\u00a0\u00a0\u00a0\u00a0\u00a0\u00a0\n\n1\n+\n1\n\n=\n12\n\n\nab\n35\nb\na\n35\n\n\n\n\n\n\n Sum of reciprocals of given numbers =\n12\n\n\n35"}, {"question": "What will be remainder when 17200 is divided by 18 ?", "opta": "17", "optb": "16", "optc": "1", "optd": "2", "ans": "C", "explanation": "When n is even. (xn - an) is completely divisibly by (x + a)\n(17200 - 1200) is completely divisible by (17 + 1), i.e., 18.\n \u00a0\u00a0 (17200 - 1) is completely divisible by 18.\n \u00a0\u00a0 On dividing 17200 by 18, we get 1 as remainder."}, {"question": "If 1400 x x = 1050. Then, x = ?", "opta": "1\n\n\n4", "optb": "4", "ans": "D", "explanation": "1400 x x = 1050 \u00a0\u00a0\u00a0\u00a0   x = \n1050\n=\n3\n\n\n1400\n4"}, {"question": "(12 + 22 + 32 + ... + 102) = ?", "opta": "330", "optb": "345", "optc": "365", "optd": "385", "ans": "D", "explanation": "We know that (12 + 22 + 32 + ... + n2) = \n1\nn(n + 1)(2n + 1)\n\n\n6\n\n\n\n\n\n\nPutting n = 10, required sum = \n\n1\n x 10 x 11 x 21\n\n = 385\n\n\n6"}, {"question": "The difference of the squares of two consecutive even integers is divisible by which of the following integers ?", "opta": "3", "optb": "4", "optc": "6", "optd": "7", "ans": "B", "explanation": "Let the two consecutive even integers  be 2n and (2n + 2). Then,\n(2n + 2)2 = (2n + 2 + 2n)(2n + 2 - 2n)\n\u00a0\u00a0\u00a0\u00a0 = 2(4n + 2)\n\u00a0\u00a0\u00a0\u00a0 = 4(2n + 1), which is divisible by 4."}, {"question": "Which one of the following is a prime number ?", "opta": "119", "optb": "187", "optc": "247", "optd": "551", "opte": "None of these", "ans": "E", "explanation": "551 > 22\nAll prime numbers less than 24 are : 2, 3, 5, 7, 11, 13, 17, 19, 23.\n119 is divisible by 7; 187 is divisible by 11; 247 is divisible by 13 and 551 is divisible by 19.\nSo, none of the given numbers is prime."}, {"question": "The sum all even natural numbers between 1 and 31 is:", "opta": "16", "optb": "128", "optc": "240", "optd": "512", "ans": "C", "explanation": "Required sum = (2 + 4 + 6 + ... + 30)\nThis is an A.P. in which a = 2, d = (4 - 2) = 2 and l = 30.\nLet the number of terms be n. Then,\ntn = 30  \u00a0\u00a0 a + (n - 1)d = 30\n 2 + (n - 1) x 2 = 30\n n - 1 = 14\n n = 15\n\n\n\nSn =\nn\n(a + l)\n=\n15\nx (2 + 30) \u00a0\u00a0= 240.\n\n\n2\n2"}, {"question": "The difference between the place value and the face value of 6 in the numeral 856973 is", "opta": "973", "optb": "6973", "optc": "5994", "optd": "None of these", "ans": "C", "explanation": "(Place value of 6) - (Face value of 6)  = (6000 - 6) = 5994"}, {"question": "If a and b are odd numbers, then which of the following is even ?", "opta": "a + b", "optb": "a + b + 1", "optc": "ab", "optd": "ab + 2", "opte": "None of these", "ans": "A", "explanation": "The sum of two odd number is even. So, a + b is even."}, {"question": "Which one of the following numbers is completely divisible by 99?", "opta": "3572404", "optb": "135792", "optc": "913464", "optd": "114345", "opte": "None of these", "ans": "D", "explanation": "99 = 11 x 9, where 11 and 9 are co-prime.\nBy hit and trial, we find that 114345 is divisibleby 11 as well as 9. So, it is divisible by 99."}, {"question": "The sum of how many terms of the series 6 + 12 + 18 + 24 + ... is 1800 ?", "opta": "16", "optb": "24", "optc": "20", "optd": "18", "opte": "22", "ans": "B", "explanation": "This is an A.P. in which a = 6, d = 6 and Sn = 1800\n\n\n\nThen, \nn\n[2a + (n - 1)d] = 1800\n\n\n2\n\n\n\n\n\n\n\u00a0\nn\n [2 x 6 + (n - 1) x 6] = 1800\n\n\n2\n\n\n\n 3n (n + 1) = 1800\n n(n + 1) = 600\n n2 + n - 600 = 0\n n2 + 25n - 24n - 600 = 0\n n(n + 25) - 24(n + 25) = 0\n (n + 25)(n - 24) = 0\n n = 24\nNumber of terms = 24."}, {"question": "(51+ 52 + 53 + ... + 100) = ?", "opta": "2525", "optb": "2975", "optc": "3225", "optd": "3775", "ans": "D", "explanation": "This is an A.P. in which a = 51, l = 100 and n = 50.\n\n\n\nSum =\nn\n(a + l)\n=\n50\nx (51 + 100) \u00a0\u00a0= (25 x 151) \u00a0\u00a0= 3775.\n\n\n2\n2"}, {"question": "1904 x 1904 = ?", "opta": "3654316", "optb": "3632646", "optc": "3625216", "optd": "3623436", "opte": "None of these", "ans": "C", "explanation": "1904 x 1904\n= (1904)2\n\n\n\n= (1900 + 4)2\n\n\n\n= (1900)2 + (4)2 + (2 x 1900 x 4)\n\n\n\n= 3610000 + 16 + 15200.\n\n\n\n= 3625216."}, {"question": "What is the unit digit in(795 - 358)?", "opta": "0", "optb": "4", "optc": "6", "optd": "7", "ans": "B", "explanation": "Unit digit in 795 = Unit digit in [(74)23 x 73]  \r\n = Unit digit in [(Unit digit in(2401))23 x (343)]\r\n = Unit digit in (123 x 343)\r\n = Unit digit in (343)\r\n = 3\nUnit digit in 358 = Unit digit in [(34)14 x 32]\r\n = Unit digit in [Unit digit in (81)14 x 32]\r\n = Unit digit in [(1)14 x 32]\r\n = Unit digit in (1 x 9)\r\n = Unit digit in (9)\r\n = 9\nUnit digit in (795 - 358) = Unit digit in (343 - 9) = Unit digit in (334) = 4.\r\n\nSo, Option B is the answer."}, {"question": "Which one of the following is a prime number ?", "opta": "161", "optb": "221", "optc": "373", "optd": "437", "opte": "None of these", "ans": "C", "explanation": "437 > 22\nAll prime numbers less than 22 are : 2, 3, 5, 7, 11, 13, 17, 19.\n161 is divisible by 7, and 221 is divisible by 13.\n373 is not divisible by any of the above prime numbers.\n373 is prime."}, {"question": "The smallest 6 digit number exactly divisible by 111 is:", "opta": "111111", "optb": "110011", "optc": "100011", "optd": "110101", "opte": "None of these", "ans": "C", "explanation": "The smallest 6-digit number 100000.\n\n 111) 100000 (900\n      999\n      -----\n        100\n        ---\n\n Required number = 100000 + (111 - 100)\n                 = 100011."}, {"question": "The largest 5 digit number exactly divisible by 91 is:", "opta": "99921", "optb": "99918", "optc": "99981", "optd": "99971", "opte": "None of these", "ans": "B", "explanation": "Largest 5-digit number = 99999\n\n 91) 99999 (1098\n     91\n     ---\n     899\n     819\n     ----\n      809\n      728\n      ---\n       81\n      ---\n \n Required number = (99999 - 81)\n                 = 99918."}, {"question": "768 x 768 x 768 + 232 x 232 x 232\n= ?\n\n\n768 x 768 - 768 x 232 + 232 x 232", "opta": "1000", "optb": "536", "optc": "500", "optd": "268", "opte": "None of these", "ans": "A", "explanation": "Given Exp. =\n(a3 + b3)\n= (a + b) = (768 + 232) = 1000\n\n\n(a2 - ab + b2)"}, {"question": "The smallest 5 digit number exactly divisible by 41 is:", "opta": "1004", "optb": "10004", "optc": "10045", "optd": "10025", "opte": "None of these", "ans": "B", "explanation": "The smallest 5-digit number = 10000.\n\n 41) 10000 (243\n     82\n     ---\n     180\n     164\n     ----\n      160\n      123\n      ---\n       37\n      --- \n\n Required number = 10000 + (41 - 37)\n                 = 10004."}, {"question": "How many terms are there in the G.P. 3, 6, 12, 24, ... , 384 ?", "opta": "8", "optb": "9", "optc": "10", "optd": "11", "opte": "7", "ans": "A", "explanation": "Here a = 3 and r = \n6\n= 2. Let the number of terms be n.\n\n\n3\n\n\n\nThen, tn = 384 \u00a0\u00a0\u00a0 arn-1 = 384\n 3 x 2n - 1 = 384\n 2n-1 = 128 = 27\n n - 1 = 7\n n = 8\n Number of terms = 8."}, {"question": "If x and y are positive integers such that (3x + 7y) is a multiple of 11, then which of the following will be divisible by 11 ?", "opta": "4x + 6y", "optb": "x + y + 4", "optc": "9x + 4y", "optd": "4x - 9y", "ans": "D", "explanation": "By hit and trial, we put x = 5 and y = 1 so that (3x + 7y) = (3 x 5 + 7 x 1) = 22, which is divisible by 11.\n (4x + 6y) = ( 4 x 5 + 6 x 1) = 26, which is not divisible by 11;\n(x + y + 4 ) = (5 + 1 + 4) = 10, which is not divisible by 11;\n(9x + 4y) = (9 x 5 + 4 x 1) = 49, which is not divisible by 11;\n(4x - 9y) = (4 x 5 - 9 x 1) = 11, which is divisible by 11."}, {"question": "9548 + 7314  = 8362 + (?)", "opta": "8230", "optb": "8410", "optc": "8500", "optd": "8600", "opte": "None of these", "ans": "C", "explanation": "9548          16862 = 8362 + x \r\n+ 7314          x  = 16862 - 8362 \r\n -----             = 8500 \r\n 16862\r\n -----"}, {"question": "In a division sum, the remainder is 0. As student mistook the divisor by 12 instead of 21 and obtained 35 as quotient. What is the correct quotient ?", "opta": "0", "optb": "12", "optc": "13", "optd": "20", "ans": "D", "explanation": "Number = (12 x 35)\nCorrect Quotient = 420 \u00f7 21 = 20"}, {"question": "2 + 22 + 23 + ... + 29 = ?", "opta": "2044", "optb": "1022", "optc": "1056", "optd": "None of these", "ans": "B", "explanation": "This is a G.P. in which a = 2, r = \n22\n= 2 and n = 9.\n\n\n2\n\n\n\n\n\n\nSn = \na(rn - 1)\n = \n2 x (29 - 1)\n = 2 x (512 - 1) \u00a0\u00a0= 2 x 511 \u00a0\u00a0= 1022.\n\n\n(r - 1)\n(2 - 1)"}, {"question": "The sum of even numbers between 1 and 31 is:", "opta": "6", "optb": "28", "optc": "240", "optd": "512", "ans": "C", "explanation": "Let Sn = (2 + 4 + 6 + ... + 30). This is an A.P. in which a = 2, d = 2 and l = 30\nLet the number of terms be n. Then,\na + (n - 1)d = 30\n\u00a0\u00a0\u00a0\u00a0 2 + (n - 1) x 2 = 30 \n\u00a0\u00a0\u00a0\u00a0n = 15.\n\n\n\nSn =\nn\n(a + l)\n=\n15\nx (2 + 30) = (15 x 16) = 240.\n\n\n2\n2"}, {"question": "If the number 91876 * 2 is completely divisible by 8, then the smallest whole number in place of * will be:", "opta": "1", "optb": "2", "optc": "3", "optd": "4", "opte": "None of these", "ans": "C", "explanation": "Then number 6x2 must be divisible by 8.\n\u00a0\u00a0 x = 3, as 632 is divisible 8."}, {"question": "2056 x 987 = ?", "opta": "1936372", "optb": "2029272", "optc": "1896172", "optd": "1926172", "opte": "None of these", "ans": "B", "explanation": "2056 x 987\n= 2056 x (1000 - 13)\n\n\n\n= 2056 x 1000 - 2056 x 13\n\n\n\n= 2056000 - 26728\n\n\n\n= 2029272."}, {"question": "On multiplying a number by 7, the product is a number each of whose digits is 3. The smallest such number is:", "opta": "47619", "optb": "47719", "optc": "48619", "optd": "47649", "ans": "A", "explanation": "By hit and trial, we find that\n47619 x 7 = 333333."}, {"question": "If 60% of\n3\nof a number is 36, then the number is:\n\n\n5", "opta": "80", "optb": "100", "optc": "75", "optd": "90", "ans": "B", "explanation": "Let the number be x. Then\n\n\n\n60% of \n3\nof x = 36\n\n\n5\n\n\n\n\n\n\n\n60\nx\n3\nx x = 36\n\n\n100\n5\n\n\n\n\n\n\n x =\n\n36 x\n25\n\n= 100\n\n\n9\n\n\n\n Required number = 100"}, {"question": "If x and y are the two digits of the number 653xy such that this number is divisible by 80, then x + y = ?", "opta": "2 or 6", "optb": "4", "optc": "4 or 8", "optd": "8", "opte": "None of these", "ans": "A", "explanation": "80 = 2 x 5 x 8\nSince 653xy is divisible by 2 and 5 both, so y = 0.\nNow, 653x is divisible by 8, so 13x should be divisible by 8.\nThis happens when x = 6.\nx + y = (6 + 0) = 6."}, {"question": "The difference of the squares of two consecutive odd integers is divisible by which of the following integers ?", "opta": "3", "optb": "6", "optc": "7", "optd": "8", "ans": "D", "explanation": "Let the two consecutive odd integers be (2n + 1) and (2n + 3). Then,\n(2n + 3)2 - (2n + 1)2 = (2n + 3 + 2n + 1) (2n + 3 - 2n - 1)\n\u00a0\u00a0\u00a0\u00a0 = (4n + 4) x 2\n\u00a0\u00a0\u00a0\u00a0 = 8(n + 1), which is divisible by 8."}, {"question": "What is the unit digit in (4137)754?", "opta": "1", "optb": "3", "optc": "7", "optd": "9", "ans": "D", "explanation": "Unit digit in (4137)754 = Unit digit in {[(4137)4]188 x (4137)2}\n =Unit digit in { 292915317923361 x 17114769 }\n = (1 x 9) = 9"}, {"question": "587 x 999 = ?", "opta": "586413", "optb": "587523", "optc": "614823", "optd": "615173", "ans": "A", "explanation": "587 x 999\n= 587 x (1000 - 1)\n\n\n\n= 587 x 1000 - 587 x 1\n\n\n\n= 587000 - 587\n\n\n\n= 586413."}, {"question": "A number was divided successively in order by 4, 5 and 6. The remainders were respectively 2, 3 and 4. The number is:", "opta": "214", "optb": "476", "optc": "954", "optd": "1908", "ans": "A", "explanation": "4 | x            z = 6 x 1 + 4  = 10\n -----------\n 5 | y -2         y = 5 x z + 3  = 5 x 10 + 3  = 53\n -----------\n 6 | z - 3        x = 4 x y + 2  = 4 x 53 + 2  = 214\n -----------\n   | 1 - 4\n   \nHence, required number = 214."}, {"question": "If (64)2 - (36)2 = 20 x x, then x = ?", "opta": "70", "optb": "120", "optc": "180", "optd": "140", "opte": "None of these", "ans": "D", "explanation": "20 x x = (64 + 36)(64 - 36) = 100 x 28\n\n\n\n \u00a0\u00a0\u00a0\u00a0 x =\n100 x 28\n= 140\n\n\n20"}, {"question": "Which one of the following can't be the square of natural number ?", "opta": "32761", "optb": "81225", "optc": "42437", "optd": "20164", "opte": "None of these", "ans": "C", "explanation": "The square of a natural number never ends in 7.\n42437 is not the square of a natural number."}, {"question": "(22 + 42 + 62 + ... + 202) = ?", "opta": "770", "optb": "1155", "optc": "1540", "optd": "385 x 385", "ans": "C", "explanation": "(22 + 42 + 62 + ... + 202)  = (1 x 2)2 + (2 x 2)2 + (2 x 3)2 + ... + (2 x 10)2\n= (22 x 12) + (22 x 22) + (22 x 32) + ... + (22 x 102)\n= 22 x [12 + 22 + 32 + ... + 102]\n\n\n\n\nRef: (12 + 22 + 32 + ... + n2) = \n1\nn(n + 1)(2n + 1)\n\n\u00a0\u00a0\u00a0\n\n\n6\n\n\n\n\n\n\n=\n\n4 x\n1\n x 10 x 11 x 21\n\n\n\n6\n\n\n\n= (4 x 5 x 77)\n= 1540."}, {"question": "854 x 854 x 854 - 276 x 276 x 276\n= ?\n\n\n854 x 854 + 854 x 276 + 276 x 276", "opta": "1130", "optb": "578", "optc": "565", "optd": "1156", "opte": "None of these", "ans": "B", "explanation": "Given Exp. =\n(a3 - b3)\n= (a - b) = (854 - 276) = 578\n\n\n(a2 + ab + b2)"}, {"question": "35 + 15 x 1.5 = ?", "opta": "85", "optb": "51.5", "optc": "57.5", "optd": "5.25", "opte": "None of these", "ans": "C", "explanation": "Given Exp. = 35 + 15 x\n3\n\u00a0\u00a0= 35 +\n45\n\u00a0\u00a0= 35 + 22.5 \u00a0\u00a0= 57.5\n\n\n2\n2"}, {"question": "The sum of first 45 natural numbers is:", "opta": "1035", "optb": "1280", "optc": "2070", "optd": "2140", "ans": "A", "explanation": "Let Sn = (1 + 2 + 3 + ... + 45)\nThis is an A.P. in which a = 1, d = 1, n = 45 and l = 45\n\n\n\nSn =\nn\n(a + l)\n=\n45\nx (1 + 45) \u00a0\u00a0= (45 x 23) \u00a0\u00a0= 1035\n\n\n2\n2\n\n\n\nRequired sum = 1035."}, {"question": "666 \u00f7 6 \u00f7 3 = ?", "opta": "37", "optb": "333", "optc": "111", "optd": "84", "opte": "None of these", "ans": "A", "explanation": "Given Exp. = 666 x \n1\nx\n1\n= 37\n\n\n6\n3"}, {"question": "The sum of all two digit numbers divisible by 5 is:", "opta": "1035", "optb": "1245", "optc": "1230", "optd": "945", "opte": "None of these", "ans": "D", "explanation": "Required numbers are 10, 15, 20, 25, ..., 95\nThis is an A.P. in which a = 10, d = 5 and l = 95.\ntn = 95 \u00a0\u00a0  \u00a0\u00a0 a + (n - 1)d = 95\n 10 + (n - 1) x 5 = 95\n (n - 1) x 5 = 85\n (n - 1) = 17\n n = 18\n\n\n\nRequuired Sum =\nn\n(a + l)\n=\n18\nx (10 + 95) \u00a0\u00a0= (9 x 105) \u00a0\u00a0= 945.\n\n\n2\n2"}, {"question": "The difference between the place values of two sevens in the numeral 69758472 is", "opta": "0", "optb": "6993", "optc": "699930", "optd": "None of these", "ans": "C", "explanation": "Required difference = (700000 - 70) = 699930"}, {"question": "On dividing a number by 68, we get 269 as quotient and 0 as remainder. On dividing the same number by 67, what will the remainder ?", "opta": "0", "optb": "1", "optc": "2", "optd": "3", "ans": "B", "explanation": "Number = 269 x 68 + 0 = 18292\n\n 67) 18292 (273\n     134\n     ----\n      489\n      469\n      ----\n       202\n       201\n       ---\n         1\n       ---\n       \nTherefore, Required remainder = 1"}, {"question": "What is the unit digit in the product (365 x 659 x 771)?", "opta": "1", "optb": "2", "optc": "4", "optd": "6", "ans": "C", "explanation": "Unit digit in 34 = 1  Unit digit in (34)16 = 1\n Unit digit in 365 = Unit digit in [ (34)16 x 3 ] = (1 x 3) = 3\nUnit digit in 659 = 6\nUnit digit in 74  Unit digit in (74)17 is 1.\nUnit digit in 771 = Unit digit in [(74)17 x 73] = (1 x 3) = 3\n Required digit = Unit digit in (3 x 6 x 3) = 4."}, {"question": "3251 + 587 + 369 - ? = 3007", "opta": "1250", "optb": "1300", "optc": "1375", "optd": "1200", "opte": "None of these", "ans": "D", "explanation": "3251          Let 4207 - x = 3007\n+ 587          Then,  x = 4207 - 3007 = 1200\n+ 369\n ----\n 4207\n ----"}, {"question": "7589 - ? = 3434", "opta": "4242", "optb": "4155", "optc": "1123", "optd": "11023", "opte": "None of these", "ans": "B", "explanation": "Let  7589 -x = 3434\nThen, x = 7589 - 3434 = 4155"}, {"question": "217 x 217 + 183 x 183 = ?", "opta": "79698", "optb": "80578", "optc": "80698", "optd": "81268", "ans": "B", "explanation": "(217)2 + (183)2\n= (200 + 17)2 + (200 - 17)2\n\n\n\n= 2 x [(200)2 + (17)2] \u00a0\u00a0\u00a0\u00a0\u00a0\u00a0[Ref: (a + b)2 + (a - b)2 = 2(a2 + b2)]\n\n\n\n= 2[40000 + 289]\n\n\n\n= 2 x 40289\n\n\n\n= 80578."}, {"question": "The unit digit in the product (784 x 618 x 917 x 463) is:", "opta": "2", "optb": "3", "optc": "4", "optd": "5", "ans": "A", "explanation": "Unit digit in the given product = Unit digit in (4 x 8 x 7 x 3) = (672) = 2"}, {"question": "If the number 653 xy is divisible by 90, then (x + y) = ?", "opta": "2", "optb": "3", "optc": "4", "optd": "6", "ans": "C", "explanation": "90 = 10 x 9\nClearly, 653xy is divisible by 10, so y = 0\nNow, 653x0 is divisible by 9.\n So, (6 + 5 + 3 + x + 0) = (14 + x) is divisible by 9. So, x = 4.\nHence, (x + y) = (4 + 0) = 4."}, {"question": "3897 x 999 = ?", "opta": "3883203", "optb": "3893103", "optc": "3639403", "optd": "3791203", "opte": "None of these", "ans": "B", "explanation": "3897 x 999\n= 3897 x (1000 - 1)\n\n\n\n= 3897 x 1000 - 3897 x 1\n\n\n\n= 3897000 - 3897\n\n\n\n= 3893103."}, {"question": "What is the unit digit in 7105 ?", "opta": "1", "optb": "5", "optc": "7", "optd": "9", "ans": "C", "explanation": "Unit digit in 7105 = Unit digit in [ (74)26 x 7 ]\nBut, unit digit in (74)26 = 1\n Unit digit in 7105 = (1 x 7) = 7"}, {"question": "Which of the following numbers will completely divide (461 + 462 + 463 + 464) ?", "opta": "3", "optb": "10", "optc": "11", "optd": "13", "ans": "B", "explanation": "(461 + 462 + 463 + 464) = 461 x (1 + 4 + 42 + 43) = 461 x 85\n\u00a0\u00a0\u00a0\u00a0 = 460 x (4 x 85)\n\u00a0\u00a0\u00a0\u00a0 = (460 x 340), which is divisible by 10."}, {"question": "106 x 106 - 94 x 94 = ?", "opta": "2400", "optb": "2000", "optc": "1904", "optd": "1906", "opte": "None of these", "ans": "A", "explanation": "106 x 106 - 94 x 94\n= (106)2 - (94)2\n\n\n\n= (106 + 94)(106 - 94) \u00a0\u00a0 [Ref: (a2 - b2) = (a + b)(a - b)] \n\n\n\n= (200 x 12)\n\n\n\n= 2400."}, {"question": "A number when divided successively by 4 and 5 leaves remainders 1 and 4 respectively. When it is successively divided by 5 and 4, then the respective remainders will be", "opta": "1, 2", "optb": "2, 3", "optc": "3, 2", "optd": "4, 1", "ans": "B", "explanation": "4 | x            y = (5 x 1 + 4) = 9\n --------\n 5 | y -1         x = (4 x y + 1) = (4 x 9 + 1) = 37\n --------\n   | 1 -4\n\n Now, 37 when divided successively by 5 and 4, we get\n\n 5 | 37\n ---------\n 4 | 7 - 2\n ---------\n   | 1 - 3\n \n Respective remainders are 2 and 3."}, {"question": "8796 x 223 + 8796 x 77 = ?", "opta": "2736900", "optb": "2638800", "optc": "2658560", "optd": "2716740", "opte": "None of these", "ans": "B", "explanation": "8796 x 223 + 8796 x 77\n= 8796 x (223 + 77)  \u00a0\u00a0[Ref: By Distributive Law ]\n\n\n\n= (8796 x 300)\n\n\n\n= 2638800"}, {"question": "8988 \u00f7 8 \u00f7 4 = ?", "opta": "4494", "optb": "561.75", "optc": "2247", "optd": "280.875", "opte": "None of these", "ans": "D", "explanation": "Given Exp. = 8988 x \n1\nx\n1\n=\n2247\n= 280.875\n\n\n8\n4\n8"}, {"question": "287 x 287 + 269 x 269 - 2 x 287 x 269 = ?", "opta": "534", "optb": "446", "optc": "354", "optd": "324", "opte": "None of these", "ans": "D", "explanation": "Given Exp.\n= a2 + b2 - 2ab, where a = 287 and b = 269\n\n\n\n= (a - b)2 = (287 - 269)2\n\n\n\n= (182)\n\n\n\n= 324"}, {"question": "3 + 33 + 333 + 3.33 = ?", "opta": "362.3", "optb": "372.33", "optc": "702.33", "optd": "702", "opte": "None of these", "ans": "B", "explanation": "3\n+  33\n+ 333\n+   3.33\n  ------\n  372.33\n  ------"}, {"question": "Which one of the following can't be the square of natural number ?", "opta": "30976", "optb": "75625", "optc": "28561", "optd": "143642", "opte": "None of these", "ans": "D", "explanation": "The square of a natural number nerver ends in 2.\n 143642 is not the square of natural number."}, {"question": "(1000)9 \u00f7 1024 = ?", "opta": "10000", "optb": "1000", "optc": "100", "optd": "10", "opte": "None of these", "ans": "B", "explanation": "Given Exp. =\n(1000)9\n=\n(103)9\n=\n(10)27\n= 10(27-24) = 103 = 1000\n\n\n1024\n1024\n1024"}, {"question": "{(476 + 424)2 - 4 x 476 x 424} = ?", "opta": "2906", "optb": "3116", "optc": "2704", "optd": "2904", "opte": "None of these", "ans": "C", "explanation": "Given Exp.\n= [(a + b)2 - 4ab], where a = 476 and b = 424\n\n\n\n= [(476 + 424)2 - 4 x 476 x 424]\n\n\n\n= [(900)2 - 807296]\n\n\n\n= 810000 - 807296\n\n\n\n= 2704."}]]}