{"test_questions": [[{"question": "A man purchased a cow for Rs. 3000 and sold it the same day for Rs. 3600, allowing the buyer a credit of 2 years. If the rate of interest be 10% per annum, then the man has a gain of:", "opta": "0%", "optb": "5%", "optc": "7.5%", "optd": "10%", "ans": "A", "explanation": "C.P. = Rs. 3000.\n\n\n\nS.P. = Rs.\n\n3600 x 100\n\n= Rs. 3000.\n\n\n100 + (10 x 2)\n\n\n\nGain = 0%."}, {"question": "The true discount on Rs. 2562 due 4 months hence is Rs. 122. The rate percent is:", "opta": "12%", "optb": "13\n1\n%\n\n\n3", "ans": "C", "explanation": "P.W. = Rs. (2562 - 122) = Rs. 2440.\n S.I. on Rs. 2440 for 4 months is Rs. 122.\n\n\n\n Rate =\n\n100 x 122\n%\n= 15%.\n\n\n\n\n\n2440 x\n1\n\n\n3"}, {"question": "A trader owes a merchant Rs. 10,028 due 1 year hence. The trader wants to settle the account after 3 months. If the rate of interest 12% per annum, how much cash should he pay?", "opta": "Rs. 9025.20", "optb": "Rs. 9200", "optc": "Rs. 9600", "optd": "Rs. 9560", "ans": "B", "explanation": "Required money\n= P.W. of Rs. 10028 due 9 months hence\n\n\n\n\n\n\n= Rs.\n\n10028 x 100\n\n\n\n\n\n\n100 +\n\n12 x\n9\n\n\n\n12\n\n\n\n\n\n\n\n\n\n= Rs. 9200."}, {"question": "A man wants to sell his scooter. There are two offers, one at Rs. 12,000 cash and the other a credit of Rs. 12,880 to be paid after 8 months, money being at 18% per annum. Which is the better offer?", "opta": "Rs. 12,000 in cash", "optb": "s. 12,880 at credit", "ans": "A", "explanation": "P.W. of Rs. 12,880 due 8 months hence\n\n\n\n= Rs.\n\n12880 x 100\n\n\n\n\n\n\n100 +\n\n18 x\n8\n\n\n\n12\n\n\n\n\n\n\n\n\n\n\n\n\n= Rs.\n\n12880 x 100\n\n\n\n112\n\n\n\n\n\n\n= Rs. 11500."}, {"question": "If Rs. 10 be allowed as true discount on a bill of Rs. 110 due at the end of a certain time, then the discount allowed on the same sum due at the end of double the time is:", "opta": "Rs. 20", "optb": "Rs. 21.81", "optc": "Rs. 22", "optd": "Rs. 18.33", "ans": "D", "explanation": "S.I. on Rs. (110 - 10) for a certain time = Rs. 10.\nS.I. on Rs. 100 for double the time = Rs. 20.\nT.D. on Rs. 120 = Rs. (120 - 100) = Rs. 20.\n\n\n\nT.D. on Rs. 110 = Rs.\n\n20\nx 110\n\n= Rs. 18.33\n\n\n120"}, {"question": "Goods were bought for Rs. 600 and sold the same for Rs. 688.50 at a credit of 9 months and thus gaining 2% The rate of interest per annum is:", "opta": "16\n2\n%\n\n\n3", "optb": "2", "ans": "A", "explanation": "S.P. = 102% of Rs. 600 =\n\n102\nx 600\n\n= Rs. 612.\n\n\n100\n\n\n\nNow, P.W. = Rs. 612 and sum = Rs. 688.50.\n T.D. = Rs. (688.50 - 612) = Rs. 76.50.\nThus, S.I. on Rs. 612 for 9 months is Rs. 76.50.\n\n\n\n Rate =\n\n100 x 76.50\n%\n= 16%\n\n\n\n\n\n612 x\n3\n\n\n4"}, {"question": "The true discount on a bill due 9 months hence at 16% per annum is Rs. 189. The amount of the bill is:", "opta": "Rs. 1386", "optb": "Rs. 1764", "optc": "Rs. 1575", "optd": "Rs. 2268", "ans": "B", "explanation": "Let P.W. be Rs. x.\nThen, S.I. on Rs. x at 16% for 9 months = Rs. 189.\n\n\n\n x x 16 x\n9\nx\n1\n= 189 or x = 1575.\n\n\n12\n100\n\n\n\n P.W. = Rs. 1575.\n Sum due = P.W. + T.D. = Rs. (1575 + 189) = Rs. 1764."}, {"question": "A man buys a watch for Rs. 1950 in cash and sells it for Rs. 2200 at a credit of 1 year. If the rate of interest is 10% per annum, the man:", "opta": "gains Rs. 55", "optb": "gains Rs. 50", "optc": "loses Rs. 30", "optd": "gains Rs. 30", "ans": "B", "explanation": "S.P.\n= P.W. of Rs. 2200 due 1 year hence\n\n\n\n\n\n\n= Rs.\n\n2200 x 100\n\n\n\n100 + (10 x 1)\n\n\n\n\n\n\n= Rs. 2000.\n\n\n\n Gain = Rs. (2000 - 1950) = Rs. 50."}, {"question": "The true discount on Rs. 1760 due after a certain time at 12% per annum is Rs. 160. The time after which it is due is:", "opta": "6 months", "optb": "8 months", "optc": "9 months", "optd": "10 months", "ans": "D", "explanation": "P.W. = Rs. (1760 -160) = Rs. 1600.\n S.I. on Rs. 1600 at 12% is Rs. 160.\n\n\n\n Time =\n\n100 x 160\n\n=\n5\nyears =\n\n5\nx 12\nmonths = 10 months.\n\n\n1600 x 12\n6\n6"}, {"question": "The present worth of Rs. 2310 due 2 years hence, the rate of interest being 15% per annum, is:", "opta": "Rs. 1750", "optb": "Rs. 1680", "optc": "Rs. 1840", "optd": "Rs. 1443.75", "ans": "B", "explanation": "P.W. = Rs.\n\n100 x 2310\n\n= Rs. 1680.\n\n\n\n\n\n100 +\n\n15 x\n5\n\n\n\n2"}, {"question": "Rs. 20 is the true discount on Rs. 260 due after a certain time. What will be the true discount on the same sum due after half of the former time, the rate of interest being the same?", "opta": "Rs. 10", "optb": "Rs. 10.40", "optc": "Rs. 15.20", "optd": "Rs. 13", "ans": "B", "explanation": "S.I. on Rs. (260 - 20) for a given time = Rs. 20.\nS.I. on Rs. 240 for half the time = Rs. 10.\nT.D. on Rs. 250 = Rs. 10.\n\n\n\n T.D. on Rs. 260 = Rs.\n\n10\nx 260\n\n= Rs. 10.40\n\n\n250"}, {"question": "The interest on Rs. 750 for 2 years is the same as the true discount on Rs. 960 due 2 years hence. If the rate of interest is the same in both cases, it is:", "opta": "12%", "optb": "14%", "ans": "B", "explanation": "S.I. on Rs. 750 = T.D. on Rs. 960.\nThis means P.W. of Rs. 960 due 2 years hence is Rs. 750.\n T.D. = Rs. (960 - 750) = Rs. 210.\nThus, S.I. on R.s 750 for 2 years is Rs. 210.\n\n\n\n Rate =\n\n100 x 210\n%\n= 14%\n\n\n750 x 2"}, {"question": "The simple interest and the true discount on a certain sum for a given time and at a given rate are Rs. 85 and Rs. 80 respectively. The sum is:", "opta": "Rs. 1800", "optb": "Rs. 1450", "optc": "Rs. 1360", "optd": "Rs. 6800", "ans": "C", "explanation": "Sum =\nS.I. x T.D.\n=\n85 x 80\n= Rs. 1360.\n\n\n(S.I.) - (T.D.)\n(85 - 80)"}, {"question": "The present worth of Rs. 1404 due in two equal half-yearly installments at 8% per annum simple interest is:", "opta": "Rs. 1325", "optb": "Rs. 1300", "optc": "Rs. 1350", "optd": "Rs. 1500", "ans": "A", "explanation": "Required sum\n= P.W. of Rs. 702 due 6 months + P.W. of Rs. 702 due 1 year hence\n\n\n\n\n\n\n= Rs.\n\n\n100 x 702\n\n+\n\n\n\n\n100 x 702\n\n\n\n100 + (8 x 1)\n\n\n\n\n\n\n100 + 8 x \n\n\n\n\n\n\n= Rs. (675 + 650)\n\n\n\n= Rs. 1325."}, {"question": "If the true discount on s sum due 2 years hence at 14% per annum be Rs. 168, the sum due is:", "opta": "Rs. 768", "optb": "Rs. 968", "optc": "Rs. 1960", "optd": "Rs. 2400", "ans": "A", "explanation": "P.W. =\n100 x T.D.\n=\n100 x 168\n= 600.\n\n\nR x T\n14 x 2\n\n\n\n Sum = (P.W. + T.D.) = Rs. (600 + 168) = Rs. 768."}]]}