{"test_questions": [[{"question": "The cube root of .000216 is:", "opta": ".6", "optb": ".06", "optc": "77", "optd": "87", "ans": "B", "explanation": "(.000216)1/3\n=\n\n216\n\n1/3\n\n\n106\n\n\n\n\n\n\n\u00a0\u00a0 =\n\n6 x 6 x 6\n\n1/3\n\n\n102  x 102  x 102\n\n\n\n\n\n\n\u00a0\u00a0 =\n6\n\n\n102\n\n\n\n\n\n\n\u00a0\u00a0 = \n6\n\n\n100\n\n\n\n\u00a0\u00a0 = 0.06"}, {"question": "What should come in place of both x in the equation\nx\n=\n162\n.\n\n\n128\nx", "opta": "12", "optb": "14", "optc": "144", "optd": "196", "ans": "A", "explanation": "Let\nx\n=\n162\n\n\n128\nx\n\n\n\nThen x2 = 128 x 162\n\u00a0\u00a0 = 64 x 2 x 18 x 9\n\u00a0\u00a0 = 82  x 62  x 32\n\u00a0\u00a0 = 8 x 6 x 3\n\u00a0\u00a0 = 144.\n x = 144 = 12."}, {"question": "The least perfect square, which is divisible by each of 21, 36 and 66 is:", "opta": "213444", "optb": "214344", "optc": "214434", "optd": "231444", "ans": "A", "explanation": "L.C.M. of 21, 36, 66 = 2772.\nNow, 2772 = 2 x 2 x 3 x 3 x 7 x 11\nTo make it a perfect square, it must be multiplied by 7 x 11.\nSo, required number = 22  x 32  x 72  x 112 = 213444"}, {"question": "1.5625 = ?", "opta": "1.05", "optb": "1.25", "optc": "1.45", "optd": "1.55", "ans": "B", "explanation": "1|1.5625( 1.25\r\n    |1\r\n    |-------\r\n  22| 56\r\n    | 44\r\n    |-------\r\n 245| 1225\r\n    | 1225\r\n    |-------\r\n    |    X\r\n    |-------     \r\n\n 1.5625 = 1.25."}, {"question": "If 35 + 125 = 17.88, then what will be the value of 80 + 65 ?", "opta": "13.41", "optb": "20.46", "optc": "21.66", "optd": "22.35", "ans": "D", "explanation": "35 + 125 = 17.88\n 35 + 25 x 5 = 17.88\n 35 + 55 = 17.88\n 85 = 17.88\n 5 = 2.235\n 80 + 65 = 16 x 5 + 65\n\u00a0\u00a0 = 45 + 65\n\u00a0\u00a0 = 105 = (10 x 2.235) = 22.35"}, {"question": "If a = 0.1039, then the value of 4a2 - 4a + 1 + 3a is:", "opta": "0.1039", "optb": "0.2078", "optc": "1.1039", "optd": "2.1039", "ans": "C", "explanation": "4a2 - 4a + 1 + 3a \r\n= (1)2 + (2a)2 - 2 x 1 x 2a + 3a\n\u00a0\u00a0 = (1 - 2a)2 + 3a\n\u00a0\u00a0 = (1 - 2a) + 3a\n\u00a0\u00a0 = (1 + a)\n\u00a0\u00a0 = (1 + 0.1039)\n\u00a0\u00a0 = 1.1039"}, {"question": "If x = \n3 + 1\nand  y = \n3 - 1\n, then the value of (x2 + y2) is:\n\n\n3 - 1\n3 + 1", "opta": "10", "optb": "13", "optc": "14", "optd": "15", "ans": "C", "explanation": "x =\n(3 + 1)\nx\n(3 + 1)\n=\n(3 + 1)2\n=\n3 + 1 + 23\n = 2 + 3.\n\n\n(3 - 1)\n(3 + 1)\n(3 - 1)\n2\n\n\n\n\n\n\ny =\n(3 - 1)\nx\n(3 - 1)\n=\n(3 - 1)2\n=\n3 + 1 - 23\n = 2 - 3.\n\n\n(3 + 1)\n(3 - 1)\n(3 - 1)\n2\n\n\n\n x2 + y2 = (2 + 3)2 + (2 - 3)2\n\u00a0\u00a0 = 2(4 + 3)\n\u00a0\u00a0 = 14"}, {"question": "A group of students decided to collect as many paise from each member of group as is the number of members. If the total collection amounts to Rs. 59.29, the number of the member is the group is:", "opta": "57", "optb": "67", "optc": "77", "optd": "87", "ans": "C", "explanation": "Money collected = (59.29 x 100) paise = 5929 paise.\n Number of members = 5929 = 77."}, {"question": "The square root of (7 + 35) (7 - 35) is", "opta": "5", "optb": "2", "optc": "4", "optd": "35", "ans": "B", "explanation": "(7 + 35)(7 - 35)\n=\n(7)2 - (35)2\n\u00a0= 49 - 45 \u00a0= 4 \u00a0= 2."}, {"question": "If 5 = 2.236, then the value of\n5\n-\n10\n+ 125 is equal to:\n\n\n2\n5", "opta": "5.59", "optb": "7.826", "optc": "8.944", "optd": "10.062", "ans": "B", "explanation": "5\n-\n10\n+ 125\n=\n(5)2 - 20 + 25 x 55\n\n\n2\n5\n25\n\n\n\n\n\n\n=\n5 - 20 + 50\n\n\n25\n\n\n\n\n\n\n=\n35\nx\n5\n\n\n25\n5\n\n\n\n\n\n\n=\n355\n\n\n10\n\n\n\n\n\n\n=\n7 x 2.236\n\n\n2\n\n\n\n\n\n\n= 7 x 1.118\n\n\n\n\n\n\n= 7.826"}, {"question": "625\nx\n14\nx\n11\n\n is equal to:\n\n\n11\n25\n196", "opta": "5", "optb": "6", "optc": "8", "optd": "11", "ans": "A", "explanation": "Given Expression =\n25\nx\n14\nx\n11\n= 5.\n\n\n11\n5\n14"}, {"question": "0.0169 x ? = 1.3", "opta": "10", "optb": "100", "optc": "1000", "optd": "None of these", "ans": "B", "explanation": "Let 0.0169 x x = 1.3.\nThen, 0.0169x = (1.3)2 = 1.69\n\n\n\n x =\n1.69\n= 100\n\n\n0.0169"}, {"question": "3 -\n1\n\n2\n simplifies to:\n\n\n3", "opta": "3\n\n\n4", "optb": "4", "ans": "C", "explanation": "3 -\n1\n\n2\n = (3)2 + \n\n1\n\n2\n- 2 x 3 x \n1\n\n\n3\n3\n3\n\n\n\n\n\n\n= 3 +\n1\n- 2\n\n\n3\n\n\n\n\n\n\n= 1 +\n1\n\n\n3\n\n\n\n\n\n\n=\n4\n\n\n3"}, {"question": "How many two-digit numbers satisfy this property.: The last digit (unit's digit) of the square of the two-digit number is 8 ?", "opta": "1", "optb": "2", "optc": "3", "optd": "None of these", "ans": "D", "explanation": "A number ending in 8 can never be a perfect square."}, {"question": "The square root of 64009 is:", "opta": "253", "optb": "347", "optc": "363", "optd": "803", "ans": "A", "explanation": "2|64009( 253\n    |4\n    |----------\n  45|240\n    |225\n    |----------\n 503|  1509\n    |  1509\n    |----------\n    |     X\n    |---------- \n\n 64009 = 253."}]]}