{"test_questions": [[{"question": "A man  has  Rs. 480 in the denominations of one-rupee notes, five-rupee notes and ten-rupee notes. The number of notes of each denomination is equal. What is the total number of notes that he has ?", "opta": "45", "optb": "60", "optc": "75", "optd": "90", "ans": "D", "explanation": "Let number of notes of each denomination be x.\nThen x + 5x + 10x = 480\n 16x = 480\n x = 30.\nHence, total number of notes = 3x = 90."}, {"question": "There are two examinations rooms A and B. If 10 students are sent from A to B, then the number of students in each room is the same. If 20 candidates are sent from B to A, then the number of students in A is double the number of students in B. The number of students in room A is:", "opta": "20", "optb": "80", "optc": "100", "optd": "200", "ans": "C", "explanation": "Let the number of students in rooms A and B be x and y respectively.\nThen, x - 10 = y + 10\u00a0\u00a0 \u00a0\u00a0 x - y = 20 .... (i)\n\u00a0\u00a0\u00a0\u00a0 and x + 20 = 2(y - 20)\u00a0\u00a0 \u00a0\u00a0 x - 2y = -60 .... (ii)\nSolving (i) and (ii) we get: x = 100 , y = 80.\n The required answer A = 100."}, {"question": "The price of 10 chairs is equal to that of 4 tables. The price of 15 chairs and 2 tables together is Rs. 4000. The total price of 12 chairs and 3 tables is:", "opta": "Rs. 3500", "optb": "Rs. 3750", "optc": "Rs. 3840", "optd": "Rs. 3900", "ans": "D", "explanation": "Let the cost of a chair and that of a table be Rs. x and Rs. y respectively.\n\n\n\nThen, 10x = 4y \u00a0\u00a0or\u00a0\u00a0 y = \n5\nx.\n\n\n2\n\n\n\n 15x + 2y = 4000\n\n\n\n 15x + 2 x\n5\nx = 4000\n\n\n2\n\n\n\n 20x = 4000\n x = 200.\n\n\n\nSo, y = \n\n5\nx 200\n\n= 500.\n\n\n2\n\n\n\nHence, the cost of 12 chairs and 3 tables = 12x + 3y\n\u00a0\u00a0\u00a0 = Rs. (2400 + 1500)\n\u00a0\u00a0\u00a0 = Rs. 3900."}, {"question": "If a - b = 3 and a2 + b2 = 29, find the value of ab.", "opta": "10", "optb": "12", "optc": "15", "optd": "18", "ans": "A", "explanation": "2ab = (a2 + b2) - (a - b)2\n\u00a0\u00a0 = 29 - 9 = 20\n\u00a0\u00a0 ab = 10."}, {"question": "The price of 2 sarees and 4 shirts is Rs. 1600. With the same money one can buy 1 saree and 6 shirts. If one wants to buy 12 shirts, how much shall he have to pay ?", "opta": "Rs. 1200", "optb": "Rs. 2400", "optc": "Rs. 4800", "optd": "Cannot be determined", "opte": "None of these", "ans": "B", "explanation": "Let the price of a saree and a shirt be Rs. x and Rs. y respectively.\nThen, 2x + 4y = 1600  .... (i)\n\u00a0\u00a0\u00a0\u00a0and x + 6y = 1600 .... (ii)\n\n\nDivide equation (i) by 2, we get the below equation. \n\n=> x +  2y =  800. --- (iii)\n\nNow subtract (iii) from (ii)\n\n x +  6y = 1600  (-)\n x +  2y =  800  \n----------------\n      4y =  800\n----------------\n\nTherefore, y = 200.\n\nNow apply value of y in (iii)\n\n=>  x + 2 x 200 = 800\n\n=>  x + 400 = 800\n\nTherefore x = 400\n\n\nSolving (i) and (ii) we get x = 400, y = 200.\n Cost of 12 shirts = Rs. (12 x 200) = Rs. 2400."}, {"question": "A sum of Rs. 1360 has been divided among A, B and C such that A gets  of what B gets and B gets  of what C gets. B's share is:", "opta": "Rs. 120", "optb": "Rs. 160", "optc": "Rs. 240", "optd": "Rs. 300", "ans": "C", "explanation": "Let C's share = Rs. x\n\n\n\nThen, B's share = Rs.\nx\n,\u00a0\u00a0 A's share = Rs. \n\n2\nx\nx\n\n= Rs. \nx\n\n\n4\n3\n4\n6\n\n\n\n\n\n\n\nx\n+\nx\n+ x = 1360\n\n\n6\n4\n\n\n\n\n\n\n\n17x\n= 1360\n\n\n12\n\n\n\n\n\n\n x =\n1360 x 12\n= Rs. 960\n\n\n17\n\n\n\n\n\n\nHence, B's share = Rs.\n\n960\n\n =  Rs. 240.\n\n\n4"}, {"question": "One-third of Rahul's savings in National Savings Certificate is equal to one-half of his savings in Public Provident Fund. If he has Rs. 1,50,000 as total savings, how much has he saved in Public Provident Fund ?", "opta": "Rs. 30,000", "optb": "Rs. 50,000", "optc": "Rs. 60,000", "optd": "Rs. 90,000", "ans": "C", "explanation": "Let savings in N.S.C and P.P.F. be Rs. x and Rs. (150000 - x) respectively. Then,\n\n\n\n1\nx =\n1\n(150000 - x)\n\n\n3\n2\n\n\n\n\n\n\n\nx\n+\nx\n= 75000\n\n\n3\n2\n\n\n\n\n\n\n\n5x\n= 75000\n\n\n6\n\n\n\n\n\n\n x =\n75000 x 6\n= 90000\n\n\n5\n\n\n\n Savings in Public Provident Fund = Rs. (150000 - 90000) = Rs. 60000"}, {"question": "A fires 5 shots to B's 3 but A kills only once in 3 shots while B kills once in 2 shots. When B has missed 27 times, A has killed:", "opta": "30 birds", "optb": "60 birds", "optc": "72 birds", "optd": "90 birds", "ans": "A", "explanation": "Let the total number of shots be x. Then,\n\n\n\nShots fired by A =\n5\nx\n\n\n8\n\n\n\n\n\n\nShots fired by B =\n3\nx\n\n\n8\n\n\n\n\n\n\nKilling shots by A =\n1\nof\n5\nx\n=\n5\nx\n\n\n3\n8\n24\n\n\n\n\n\n\nShots missed by B =\n1\nof\n3\nx\n=\n3\nx\n\n\n2\n8\n16\n\n\n\n\n\n\n \n3x\n= 27 or x = \n\n27 x 16\n\n= 144.\n\n\n16\n3\n\n\n\n\n\n\nBirds killed by A = \n5x\n=\n\n5\nx 144\n\n= 30.\n\n\n24\n24"}, {"question": "Eight people are planning to share equally the cost of a rental car. If one person withdraws from the arrangement and the others share equally the entire cost of the car, then the share of each of the remaining persons increased by:", "opta": "1\n\n\n7", "optb": "7", "ans": "A", "explanation": "Original share of 1 person = \n1\n\n\n8\n\n\n\n\n\n\nNew share of 1 person =\n1\n\n\n7\n\n\n\n\n\n\nIncrease =\n\n1\n-\n1\n\n=\n1\n\n\n7\n8\n56\n\n\n\n\n\n\n Required fraction =\n(1/56)\n=\n\n1\nx\n8\n\n=\n1\n\n\n(1/8)\n56\n1\n7"}, {"question": "To fill a tank, 25 buckets of water is required. How many buckets of water will be required to fill the same tank if the capacity of the bucket is reduced to two-fifth of its present ?", "opta": "10", "optb": "35", "optc": "62.5", "optd": "Cannot be determined", "opte": "None of these", "ans": "C", "explanation": "Let the capacity of 1 bucket = x.\nThen, the capacity of tank = 25x.\n\n\n\nNew capacity of bucket =\n2\nx\n\n\n5\n\n\n\n\n\n\n Required number of buckets =\n25x\n\n\n(2x/5)\n\n\n\n\n\n\n=\n 25x\nx\n5\n\n\n\n2x\n\n\n\n\n\n\n=\n125\n\n\n2\n\n\n\n= 62.5"}, {"question": "In a regular week, there are 5 working days and for each day, the working hours are 8. A man gets Rs. 2.40 per hour for regular work and Rs. 3.20 per hours for overtime. If he earns Rs. 432 in 4 weeks, then how many hours does he work for ?", "opta": "160", "optb": "175", "optc": "180", "optd": "195", "ans": "B", "explanation": "Suppose the man works overtime for x hours.\nNow, working hours in 4 weeks = (5 x 8 x 4) = 160.\n 160 x 2.40 + x x 3.20 = 432\n 3.20x = 432 - 384 = 48\n x = 15.\nHence, total hours of work = (160 + 15) = 175."}, {"question": "Free notebooks were distributed equally among children of a class. The number of notebooks each child got was one-eighth of the number of children. Had the number of children been half, each child would have got 16 notebooks. Total how many notebooks were distributed ?", "opta": "256", "optb": "432", "optc": "512", "optd": "640", "opte": "None of these", "ans": "C", "explanation": "Let total number of children be x.\n\n\n\nThen, x x \n1\nx =\nx\nx 16 \u00a0\u00a0\u00a0\u00a0x = 64.\n\n\n8\n2\n\n\n\n\n\n\n Number of notebooks = \n1\nx2 =\n\n1\nx 64 x 64\n\n= 512.\n\n\n8\n8"}, {"question": "A man has some hens and cows. If the number of heads be 48 and the number of feet equals 140, then the number of hens will be:", "opta": "22", "optb": "23", "optc": "24", "optd": "26", "ans": "D", "explanation": "Let the number of hens be x and the number of cows be y.\nThen, x + y = 48 .... (i)\n\u00a0\u00a0and 2x + 4y = 140\u00a0\u00a0 \u00a0\u00a0 x + 2y = 70  .... (ii)\nSolving (i) and (ii) we get: x = 26, y = 22.\n The required answer = 26."}, {"question": "(469 + 174)2 - (469 - 174)2\n= ?\n\n\n(469 x 174)", "opta": "2", "optb": "4", "optc": "295", "optd": "643", "ans": "B", "explanation": "Given exp. = \n(a + b)2 - (a - b)2 \n\n\nab\n\n\n\n\n\n\n\u00a0\u00a0 = \n4ab\n\n\nab\n\n\n\n\u00a0\u00a0 = 4 (where a = 469, b = 174.)"}, {"question": "David gets on the elevator at the 11th floor of a building and rides up at the rate of 57 floors per minute. At the same time, Albert gets on an elevator at the 51st floor of the same building and rides down at the rate of 63 floors per minute. If they continue travelling at these rates, then at which floor will their paths cross ?", "opta": "19", "optb": "28", "optc": "30", "optd": "37", "ans": "C", "explanation": "Suppose their paths cross after x minutes.\nThen, 11 + 57x = 51 - 63x \u00a0\u00a0  \u00a0\u00a0 120x = 40\n\n\nx = \n1\n\n\n3\n\n\n\n\n\nNumber of floors covered by David in (1/3) min. = \n\n1\nx 57\n\n= 19.\n\n\n3\n\n\n\nSo, their paths cross at (11 +19) i.e., 30th floor."}]]}