{"test_questions": [[{"question": "Tickets numbered 1 to 20 are mixed up and then a ticket is drawn at random. What is the probability that the ticket drawn has a number which is a multiple of 3 or 5?", "opta": "1\n\n\n2", "optb": "2", "ans": "D", "explanation": "Here, S = {1, 2, 3, 4, ...., 19, 20}.\nLet E = event of getting a multiple of 3 or 5 = {3, 6 , 9, 12, 15, 18, 5, 10, 20}.\n\n\n\n P(E) =\nn(E)\n=\n9\n.\n\n\nn(S)\n20"}, {"question": "A bag contains 2 red, 3 green and 2 blue balls. Two balls are drawn at random. What is the probability that none of the balls drawn is blue?", "opta": "10\n\n\n21", "optb": "21", "ans": "A", "explanation": "Total number of balls = (2 + 3 + 2) = 7.\nLet S be the sample space.\n\n\n\nThen, n(S)\n= Number of ways of drawing 2 balls out of 7\n\n\n\n= 7C2 `\n\n\n\n\n\n\n=\n(7 x 6)\n\n\n(2 x 1)\n\n\n\n\n\n\n= 21.\n\n\n\nLet E = Event of drawing 2 balls, none of which is blue.\n\n\n\n n(E)\n= Number of ways of drawing 2 balls out of (2 + 3) balls.\n\n\n\n= 5C2\n\n\n\n\n\n\n=\n(5 x 4)\n\n\n(2 x 1)\n\n\n\n\n\n\n= 10.\n\n\n\n\n\n\n P(E) =\nn(E)\n=\n10\n.\n\n\nn(S)\n21"}, {"question": "In a box, there are 8 red, 7 blue and 6 green balls. One ball is picked up randomly. What is the probability that it is neither red nor green?", "opta": "1\n\n\n3", "optb": "3", "ans": "A", "explanation": "Total number of balls = (8 + 7 + 6) = 21.\n\n\n\nLet E\n= event that the ball drawn is neither red nor green\n\n\n\n= event that the ball drawn is blue.\n\n\n\n n(E) = 7.\n\n\n\n P(E) =\nn(E)\n=\n7\n=\n1\n.\n\n\nn(S)\n21\n3"}, {"question": "What is the probability of getting a sum 9 from two throws of a dice?", "opta": "1\n\n\n6", "optb": "6", "ans": "C", "explanation": "In two throws of a dice, n(S) = (6 x 6) = 36.\nLet E = event of getting a sum ={(3, 6), (4, 5), (5, 4), (6, 3)}.\n\n\n\n P(E) =\nn(E)\n=\n4\n=\n1\n.\n\n\nn(S)\n36\n9"}, {"question": "Three unbiased coins are tossed. What is the probability of getting at most two heads?", "opta": "3\n\n\n4", "optb": "4", "ans": "D", "explanation": "Here S = {TTT, TTH, THT, HTT, THH, HTH, HHT, HHH}\nLet E = event of getting at most two heads.\nThen E = {TTT, TTH, THT, HTT, THH, HTH, HHT}.\n\n\n\n P(E) =\nn(E)\n=\n7\n.\n\n\nn(S)\n8"}, {"question": "Two dice are thrown simultaneously. What is the probability of getting two numbers whose product is even?", "opta": "1\n\n\n2", "optb": "2", "ans": "B", "explanation": "In a simultaneous throw of two dice, we have n(S) = (6 x 6) = 36.\n\n\n\nThen, E\n= {(1, 2), (1, 4), (1, 6), (2, 1), (2, 2), (2, 3), (2, 4), (2, 5), (2, 6), (3, 2), (3, 4),\n   \u00a0 \u00a0 \u00a0(3, 6), (4, 1), (4, 2), (4, 3), (4, 4), (4, 5), (4, 6), (5, 2), (5, 4), (5, 6), (6, 1),\n   \u00a0 \u00a0 \u00a0(6, 2), (6, 3), (6, 4), (6, 5), (6, 6)}\n\n\n\n n(E) = 27.\n\n\n\n P(E) =\nn(E)\n=\n27\n=\n3\n.\n\n\nn(S)\n36\n4"}, {"question": "In a class, there are 15 boys and 10 girls. Three students are selected at random. The probability that 1 girl and 2 boys are selected, is:", "opta": "21\n\n\n46", "optb": "46", "ans": "A", "explanation": "Let S be the sample space and E be the event of selecting 1 girl and 2 boys.\n\n\n\nThen, n(S) \n= Number ways of selecting 3 students out of 25\n\n\n\n= 25C3 `\n\n\n\n\n\n\n=\n(25 x 24 x 23)\n\n\n(3 x 2 x 1)\n\n\n\n\n\n\n= 2300.\n\n\n\n\n\n\nn(E)\n= (10C1 x 15C2)\n\n\n\n\n\n\n=\n\n10 x\n(15 x 14)\n\n\n\n(2 x 1)\n\n\n\n\n\n\n= 1050.\n\n\n\n\n\n\n P(E) =\nn(E)\n=\n1050\n=\n21\n.\n\n\nn(S)\n2300\n46"}, {"question": "In a lottery, there are 10 prizes and 25 blanks. A lottery is drawn at random. What is the probability of getting a prize?", "opta": "1\n\n\n10", "optb": "10", "ans": "C", "explanation": "P (getting a prize) =\n10\n=\n10\n=\n2\n.\n\n\n(10 + 25)\n35\n7"}, {"question": "From a pack of 52 cards, two cards are drawn together at random. What is the probability of both the cards being kings?", "opta": "1\n\n\n15", "optb": "15", "ans": "D", "explanation": "Let S be the sample space.\n\n\n\nThen, n(S) = 52C2 =\n(52 x 51)\n= 1326.\n\n\n(2 x 1)\n\n\n\nLet E = event of getting 2 kings out of 4.\n\n\n\n n(E) = 4C2 =\n(4 x 3)\n= 6.\n\n\n(2 x 1)\n\n\n\n\n\n\n P(E) =\nn(E)\n=\n6\n=\n1\n.\n\n\nn(S)\n1326\n221"}, {"question": "Two dice are tossed. The probability that the total score is a prime number is:", "opta": "1\n\n\n6", "optb": "6", "ans": "B", "explanation": "Clearly, n(S) = (6 x 6) = 36.\nLet E = Event that the sum is a prime number.\n\n\n\nThen E\n= { (1, 1), (1, 2), (1, 4), (1, 6), (2, 1), (2, 3), (2, 5), (3, 2), (3, 4), (4, 1), (4, 3),\r\n  \u00a0 \u00a0 \u00a0 (5, 2), (5, 6), (6, 1), (6, 5) }\n\n\n\n n(E) = 15.\n\n\n\n P(E) =\nn(E)\n=\n15\n=\n5\n.\n\n\nn(S)\n36\n12"}, {"question": "A card is drawn from a pack of 52 cards. The probability of getting a queen of club or a king of heart is:", "opta": "1\n\n\n13", "optb": "13", "ans": "C", "explanation": "Here, n(S) = 52.\nLet E = event of getting a queen of club or a king of heart.\nThen, n(E) = 2.\n\n\n\n P(E) =\nn(E)\n=\n2\n=\n1\n.\n\n\nn(S)\n52\n26"}, {"question": "A bag contains 4 white, 5 red and 6 blue balls. Three balls are drawn at random from the bag. The probability that all of them are red, is:", "opta": "1\n\n\n22", "optb": "22", "ans": "C", "explanation": "Let S be the sample space.\n\n\n\nThen, n(S) \n= number of ways of drawing 3 balls out of 15\n\n\n\n= 15C3\n\n\n\n\n\n\n=\n(15 x 14 x 13)\n\n\n(3 x 2 x 1)\n\n\n\n\n\n\n= 455.\n\n\n\nLet E = event of getting all the 3 red balls.\n\n\n\n n(E) = 5C3 = 5C2 =\n(5 x 4)\n= 10.\n\n\n(2 x 1)\n\n\n\n\n\n\n P(E) =\nn(E)\n=\n10\n=\n2\n.\n\n\nn(S)\n455\n91"}, {"question": "Two cards are drawn together from a pack of 52 cards. The probability that one is a spade and one is a heart, is:", "opta": "3\n\n\n20", "optb": "20", "ans": "D", "explanation": "Let S be the sample space.\n\n\n\nThen, n(S) = 52C2 =\n(52 x 51)\n= 1326.\n\n\n(2 x 1)\n\n\n\nLet E = event of getting 1 spade and 1 heart.\n\n\n\n n(E)\n= number of ways of choosing 1 spade out of 13 and 1 heart out of 13\n\n\n\n= (13C1 x 13C1)\n\n\n\n= (13 x 13)\n\n\n\n= 169.\n\n\n\n\n\n\n P(E) =\nn(E)\n=\n169\n=\n13\n.\n\n\nn(S)\n1326\n102"}, {"question": "One card is drawn at random from a pack of 52 cards. What is the probability that the card drawn is a face card (Jack, Queen and King only)?", "opta": "1\n\n\n13", "optb": "13", "ans": "B", "explanation": "Clearly, there are 52 cards, out of which there are 12 face cards.\n\n\n\n P (getting a face card) = \n12\n=\n3\n.\n\n\n52\n13"}, {"question": "A bag contains 6 black and 8 white balls. One ball is drawn at random. What is the probability that the ball drawn is white?", "opta": "3\n\n\n4", "optb": "4", "ans": "B", "explanation": "Let number of balls = (6 + 8) = 14.\nNumber of white balls = 8.\n\n\n\nP (drawing a white ball) = \n8\n=\n4\n.\n\n\n14\n7"}]]}