{"test_questions": [[{"question": "The ratio between the length and the breadth of a rectangular park is 3 : 2. If a man cycling along the boundary of the park at the speed of 12 km/hr completes one round in 8 minutes, then the area of the park (in sq. m) is:", "opta": "15360", "optb": "153600", "optc": "30720", "optd": "307200", "ans": "B", "explanation": "Perimeter = Distance covered in 8 min. =\n\n12000\nx 8\nm = 1600 m.\n\n\n60\n\n\n\nLet length = 3x metres and breadth = 2x  metres.\nThen, 2(3x + 2x) = 1600 or x = 160.\n Length = 480 m and Breadth = 320 m.\n Area = (480 x 320) m2 = 153600 m2."}, {"question": "An error 2% in excess is made while measuring the side of a square. The percentage of error in the calculated area of the square is:", "opta": "2%", "optb": "2.02%", "optc": "4%", "optd": "4.04%", "ans": "D", "explanation": "100 cm is read as 102 cm.\n A1 = (100 x 100) cm2  and A2 (102 x 102) cm2.\n(A2 - A1) = [(102)2 - (100)2]\n= (102 + 100) x (102 - 100)\n= 404 cm2.\n\n\n\n Percentage error =\n\n404\nx 100\n%\n= 4.04%\n\n\n100 x 100"}, {"question": "The ratio between the perimeter and the breadth of a rectangle is 5 : 1. If the area of the rectangle is 216 sq. cm, what is the length of the rectangle?", "opta": "16 cm", "optb": "18 cm", "optc": "24 cm", "optd": "Data inadequate", "opte": "None of these", "ans": "B", "explanation": "2(l + b)\n=\n5\n\n\nb\n1\n\n\n\n 2l + 2b = 5b\n 3b = 2l\n\n\n\nb =\n2\nl\n\n\n3\n\n\n\nThen, Area = 216 cm2\n l x b = 216\n\n\nl x\n2\nl\n= 216\n\n\n3\n\n\n\n l2 = 324\n l = 18 cm."}, {"question": "The percentage increase in the area of a rectangle, if each of its sides is increased by 20% is:", "opta": "40%", "optb": "42%", "optc": "44%", "optd": "46%", "ans": "C", "explanation": "Let original length = x metres and original breadth = y metres.\nOriginal area = (xy) m2.\n\n\n\nNew length =\n\n120\nx\nm\n=\n\n6\nx\nm.\n\n\n100\n5\n\n\n\n\n\n\nNew breadth =\n\n120\ny\nm\n=\n\n6\ny\nm.\n\n\n100\n5\n\n\n\n\n\n\nNew Area =\n\n6\nx x\n6\ny\nm2\n=\n\n36\nxy\nm2.\n\n\n5\n5\n25\n\n\n\nThe difference between the original area = xy and new-area 36/25 xy is\n= (36/25)xy - xy\n= xy(36/25 - 1) \n= xy(11/25) or (11/25)xy\n\n\n\n Increase % =\n\n11\nxy x\n1\nx 100\n%\n= 44%.\n\n\n25\nxy"}, {"question": "A rectangular park 60 m long and 40 m wide has two concrete crossroads running in the middle of the park and rest of the park has been used as a lawn. If the area of the lawn is 2109 sq. m, then what is the width of the road?", "opta": "2.91 m", "optb": "3 m", "optc": "5.82 m", "optd": "None of these", "ans": "B", "explanation": "Area of the park = (60 x 40) m2 = 2400 m2.\nArea of the lawn = 2109 m2.\n Area of the crossroads = (2400 - 2109) m2 = 291 m2.\nLet the width of the road be x metres. Then,\n60x + 40x - x2  = 291\n x2  - 100x + 291 = 0\n (x - 97)(x - 3) = 0\n x = 3."}, {"question": "The diagonal of the floor of a rectangular closet is 7 feet. The shorter side of the closet is 4 feet. What is the area of the closet in square feet?", "opta": "5\n1\n\n\n4", "optb": "1", "ans": "C", "explanation": "Other side\n=\n\n\n\n\n\n15\n\n2\n-\n\n9\n\n2\n\n\n2\n2\n\n\n\nft\n\n\n\n=\n\n\n\n\n225\n-\n81\n\n\n4\n4\n\n\n\n\nft\n\n\n\n=\n\n\n\n\n144\n\n\n4\n\n\n\n\nft\n\n\n\n=\n6 ft.\n\n\n\n Area of closet = (6 x 4.5) sq. ft = 27 sq. ft."}, {"question": "A towel, when bleached, was found to have lost 20% of its length and 10% of its breadth. The percentage of decrease in area is:", "opta": "10%", "optb": "10.08%", "optc": "20%", "optd": "28%", "ans": "D", "explanation": "Let original length = x and original breadth = y.\n\n\n\nDecrease in area\n\n\n\n= xy -\n\n80\nx\nx\n90\ny\n\n\n\n100\n100\n\n\n\n\n\n\n\n\n\n=\n\nxy -\n18\nxy\n\n\n\n25\n\n\n\n\n\n\n\n\n\n=\n7\nxy.\n\n\n25\n\n\n\n\n\n\n\n\n\n Decrease % =\n\n7\nxy x\n1\nx 100\n%\n= 28%.\n\n\n25\nxy"}, {"question": "A man walked diagonally across a square lot. Approximately, what was the percent saved by not walking along the edges?", "opta": "20", "optb": "24", "optc": "30", "optd": "33", "ans": "C", "explanation": "Let the side of the square(ABCD) be x metres.\n\nThen, AB + BC = 2x metres.\nAC = 2x = (1.41x) m.\nSaving on 2x metres = (0.59x) m.\n\n\n\nSaving % =\n\n0.59x\nx 100\n%\n= 30% (approx.)\n\n\n2x"}, {"question": "The diagonal of a rectangle is 41 cm and its area is 20 sq. cm. The perimeter of the rectangle must be:", "opta": "9 cm", "optb": "18 cm", "optc": "20 cm", "optd": "41 cm", "ans": "B", "explanation": "l2 + b2 = 41.\nAlso, lb = 20.\n(l + b)2 = (l2 + b2) + 2lb = 41 + 40 = 81\n (l + b) = 9.\n Perimeter = 2(l + b) = 18 cm."}, {"question": "What is the least number of squares tiles required to pave the floor of a room 15 m 17 cm long and 9 m 2 cm broad?", "opta": "814", "optb": "820", "optc": "840", "optd": "844", "ans": "A", "explanation": "Length of largest tile = H.C.F. of 1517 cm and 902 cm = 41 cm.\nArea of each tile = (41 x 41) cm2.\n\n\n\n Required number of tiles =\n\n1517 x 902\n\n= 814.\n\n\n41 x 41"}, {"question": "The difference between the length and breadth of a rectangle is 23 m. If its perimeter is 206 m, then its area is:", "opta": "1520 m2", "optb": "2420 m2", "optc": "2480 m2", "optd": "2520 m2", "ans": "D", "explanation": "We have: (l - b) = 23 and 2(l + b) = 206 or (l + b) = 103.\nSolving the two equations, we get: l = 63 and b = 40.\n Area = (l x b) = (63 x 40) m2 = 2520 m2."}, {"question": "The length of a rectangle is halved, while its breadth is tripled. What is the percentage change in area?", "opta": "25% increase", "optb": "50% increase", "optc": "50% decrease", "optd": "75% decrease", "ans": "B", "explanation": "Let original length = x and original breadth = y.\nOriginal area = xy.\n\n\nNew length =\nx\n.\n\n\n2\n\n\n\nNew breadth = 3y.\n\n\n\nNew area =\n\nx\nx 3y\n\n=\n3\nxy.\n\n\n2\n2\n\n\n\n\n\n\n Increase % =\n\n1\nxy x\n1\nx 100\n%\n= 50%.\n\n\n2\nxy"}, {"question": "The length of a rectangular plot is 20 metres more than its breadth. If the cost of fencing the plot @ 26.50 per metre is Rs. 5300, what is the length of the plot in metres?", "opta": "40", "optb": "50", "optc": "120", "optd": "Data inadequate", "opte": "None of these", "ans": "E", "explanation": "Let breadth = x metres.\nThen, length = (x + 20) metres.\n\n\n\nPerimeter =\n\n5300\n\nm = 200 m.\n\n\n26.50\n\n\n\n 2[(x + 20) + x] = 200\n 2x + 20 = 100\n 2x = 80\n x = 40.\nHence, length = x + 20 = 60 m."}, {"question": "A rectangular field is to be fenced on three sides leaving a side of 20 feet uncovered. If the area of the field is 680 sq. feet, how many feet of fencing will be required?", "opta": "34", "optb": "40", "optc": "68", "optd": "88", "ans": "D", "explanation": "We have: l = 20 ft and lb = 680 sq. ft.\nSo, b = 34 ft.\n Length of fencing = (l + 2b) = (20 + 68) ft = 88 ft."}, {"question": "A tank is 25 m long, 12 m wide and 6 m deep. The cost of plastering its walls and bottom at 75 paise per sq. m, is:", "opta": "Rs. 456", "optb": "Rs. 458", "optc": "Rs. 558", "optd": "Rs. 568", "ans": "C", "explanation": "Area to be plastered\n= [2(l + b) x h] + (l x b)\n\n\n\n= {[2(25 + 12) x 6] + (25 x 12)} m2\n\n\n\n= (444 + 300) m2\n\n\n\n= 744 m2.\n\n\n\n\n\n\n Cost of plastering = Rs.\n\n744 x\n75\n\n= Rs. 558.\n\n\n100"}]]}