{"test_questions": [[{"question": "A batsman scored 110 runs which included 3 boundaries and 8 sixes. What percent of his total score did he make by running between the wickets?", "opta": "45%", "optb": "45\n5\n%\n\n\n11", "ans": "B", "explanation": "Number of runs made by running = 110 - (3 x 4 + 8 x 6)\n= 110 - (60)\n= 50.\n\n\n\n Required percentage =\n\n50\nx 100\n% = 45\n5\n%\n\n\n110\n11"}, {"question": "Two students appeared at an examination. One of them secured 9 marks more than the other and his marks was 56% of the sum of their marks. The marks obtained by them are:", "opta": "39, 30", "optb": "41, 32", "optc": "42, 33", "optd": "43, 34", "ans": "C", "explanation": "Let their marks be (x + 9) and x.\n\n\n\nThen, x + 9 =\n56\n(x + 9 + x)\n\n\n100\n\n\n\n 25(x + 9) = 14(2x + 9)\n 3x = 99\n x = 33\nSo, their marks are 42 and 33."}, {"question": "A fruit seller had some apples. He sells 40% apples and still has 420 apples. Originally, he had:", "opta": "588 apples", "optb": "600 apples", "optc": "672 apples", "optd": "700 apples", "ans": "D", "explanation": "Suppose originally he had x apples.\nThen, (100 - 40)% of x = 420.\n\n\n\n \n60\nx x = 420\n\n\n100\n\n\n\n\n\n\n x =\n\n420 x 100\n\u00a0 = 700.\n\n\n60"}, {"question": "What percentage of numbers from 1 to 70 have 1 or 9 in the unit's digit?", "opta": "1", "optb": "14", "optc": "20", "optd": "21", "ans": "C", "explanation": "Clearly, the numbers which have 1 or 9 in the unit's digit, have squares that end in the digit 1. Such numbers from 1 to 70 are 1, 9, 11, 19, 21, 29, 31, 39, 41, 49, 51, 59, 61, 69.\nNumber of such number =14\n\n\n\n Required percentage =\n\n14\nx 100\n% = 20%.\n\n\n70"}, {"question": "If A = x% of y and B = y% of x, then which of the following is true?", "opta": "A is smaller than B.", "optb": "A is greater than B", "optc": "Relationship between A and B cannot be determined.", "optd": "If x is smaller than y, then A is greater than B.", "opte": "None of these", "ans": "E", "explanation": "x% of y =\n\nx\nx y\n\n=\n\ny\nx x\n\n= y% of x\n\n\n100\n100\n\n\n\n A = B."}, {"question": "If 20% of  a = b, then b% of 20 is the same as:", "opta": "4% of a", "optb": "5% of a", "optc": "20% of a", "optd": "None of these", "ans": "A", "explanation": "20% of a = b\u00a0\u00a0  \u00a0\u00a0\n20\na = b.\n\n\n100\n\n\n\n\n\n\n b% of 20 =\n\nb\nx 20\n\n=\n\n20\na x\n1\nx 20\n\n=\n4\na = 4% of a.\n\n\n100\n100\n100\n100"}, {"question": "In a certain school, 20% of students are below 8 years of age. The number of students above 8 years of age is  of the number of students of 8 years of age which is 48. What is the total number of students in the school?", "opta": "72", "optb": "80", "optc": "120", "optd": "150", "opte": "100", "ans": "E", "explanation": "Let the number of students be x. Then,\nNumber of students above 8 years of age = (100 - 20)% of x = 80% of x.\n\n\n\n 80% of x = 48 +\n2\nof 48\n\n\n3\n\n\n\n\n\n\n \n80\nx = 80\n\n\n100\n\n\n\n x = 100."}, {"question": "Two numbers A and B are such that the sum of 5% of A and 4% of B is two-third of the sum of 6% of A and 8% of B. Find the ratio of A : B.", "opta": "2 : 3", "optb": "1 : 1", "optc": "3 : 4", "optd": "4 : 3", "ans": "D", "explanation": "5% of A + 4% of B =\n2\n\u00a0(6% of A + 8% of B)\n\n\n3\n\n\n\n\n\n\n \n5\n\u00a0A +\n4\n\u00a0B\n=\n2\n\n6\n\u00a0A +\n8\n\u00a0B\n\n\n\n100\n100\n3\n100\n100\n\n\n\n\n\n\n \n1\n\u00a0A +\n1\n\u00a0B\n=\n1\n\u00a0A +\n4\n\u00a0B\n\n\n20\n25\n25\n75\n\n\n\n\n\n\n \n\n1\n-\n1\n\u00a0A =\u00a0\n\n4\n-\n1\n\u00a0B\n\n\n20\n25\n75\n25\n\n\n\n\n\n\n \n1\n\u00a0A =\n1\n\u00a0B\n\n\n100\n75\n\n\n\n\n\n\nA\n=\n100\n=\n4\n.\n\n\nB\n75\n3\n\n\n\n Required ratio = 4 : 3"}, {"question": "A student multiplied a number by\n3\ninstead of\n5\n.\n\n\n5\n3\n\n\nWhat is the percentage error in the calculation?", "opta": "34%", "optb": "44%", "optc": "54%", "optd": "64%", "ans": "D", "explanation": "Let the number be x.\n\n\n\nThen, error =\n5\nx - \n3\nx =\n16\nx.\n\n\n3\n5\n15\n\n\n\n\n\n\nError% =\n\n16x\nx\n3\nx 100\n% = 64%.\n\n\n15\n5x"}, {"question": "In an election between two candidates,  one got 55% of the total valid votes, 20% of the votes were invalid. If the total number of votes was 7500, the number of valid votes that the other candidate got, was:", "opta": "2700", "optb": "2900", "optc": "3000", "optd": "3100", "ans": "A", "explanation": "Number of valid votes = 80% of 7500 = 6000.\n Valid votes polled by other candidate = 45% of 6000\n\n\n\n=\n\n45\nx 6000\n\n= 2700.\n\n\n100"}, {"question": "Three candidates contested an election and received 1136, 7636 and 11628 votes respectively. What percentage of the total votes did the winning candidate get?", "opta": "57%", "optb": "60%", "optc": "65%", "optd": "90%", "ans": "A", "explanation": "Total number of votes polled = (1136 + 7636 + 11628) = 20400.\n\n\n\n Required percentage =\n\n11628\nx 100\n% = 57%.\n\n\n20400"}, {"question": "Two tailors X and Y are paid a total of Rs. 550 per week by their employer. If X is paid 120 percent of the sum paid to Y, how much is Y paid per week?", "opta": "Rs. 200", "optb": "Rs. 250", "optc": "Rs. 300", "optd": "None of these", "ans": "B", "explanation": "Let the sum paid to Y per week be Rs. z.\nThen, z + 120% of z = 550.\n\n\n\n z +\n120\nz = 550\n\n\n100\n\n\n\n\n\n\n \n11\nz\u00a0= 550\n\n\n5\n\n\n\n\n\n\n z =\n\n550 x 5\n\u00a0 = 250.\n\n\n11"}, {"question": "Gauri went to the stationers and bought things worth Rs. 25, out of which 30 paise went on sales tax on taxable purchases. If the tax rate was 6%, then what was the cost of the tax free items?", "opta": "Rs. 15", "optb": "Rs. 15.70", "optc": "Rs. 19.70", "optd": "Rs. 20", "ans": "C", "explanation": "Let the amount taxable purchases be Rs. x.\n\n\n\nThen, 6% of x =\n30\n\n\n100\n\n\n\n\n\n\n x = \n\n30\nx\n100\n = 5.\n\n\n100\n6\n\n\n\n Cost of tax free items = Rs. [25 - (5 + 0.30)] = Rs. 19.70"}, {"question": "Rajeev buys good worth Rs. 6650. He gets a rebate of 6% on it. After getting the rebate, he pays sales tax @ 10%. Find the amount he will have to pay for the goods.", "opta": "Rs. 6876.10", "optb": "Rs. 6999.20", "optc": "Rs. 6654", "optd": "Rs. 7000", "ans": "A", "explanation": "Rebate = 6% of Rs. 6650 = Rs.\n\n6\nx 6650\n\n= Rs. 399.\n\n\n100\n\n\n\n\n\n\nSales tax = 10% of Rs. (6650 - 399) = Rs.\n\n10\nx 6251\n\n= Rs. 625.10\n\n\n100\n\n\n\n Final amount = Rs. (6251 + 625.10) = Rs. 6876.10"}, {"question": "The population of a town increased from 1,75,000 to 2,62,500 in a decade. The average percent increase of population per year is:", "opta": "4.37%", "optb": "5%", "optc": "6%", "optd": "8.75%", "ans": "B", "explanation": "Increase in 10 years = (262500 - 175000) = 87500.\n\n\n\nIncrease% =\n\n87500\nx 100\n% = 50%.\n\n\n175000\n\n\n\n\n\n\n Required average =\n\n50\n% = 5%.\n\n\n10"}]]}