{"test_questions": [[{"question": "In which numbering system can the binary number 1011011111000101 be easily converted to?", "opta": "Decimal system", "optb": "Hexadecimal system", "optc": "Octal system", "optd": "No need to convert", "ans": "B", "explanation": "Hexadecimal system is better, because each 4-digit binary represents one Hexadecimal digit."}, {"question": "Which bitwise operator is suitable for turning off a particular bit in a number?", "opta": "&& operator", "optb": "& operator", "optc": "|| operator", "optd": "!  operator", "ans": "B", "explanation": "No answer description available for this question. Let us discuss."}, {"question": "Which bitwise operator is suitable for turning on a particular bit in a number?", "opta": "&& operator", "optb": "& operator", "optc": "|| operator", "optd": "|  operator", "ans": "D", "explanation": "No answer description available for this question. Let us discuss."}, {"question": "Which bitwise operator is suitable for checking whether a particular bit is on or off?", "opta": "&& operator", "optb": "& operator", "optc": "|| operator", "optd": "!  operator", "ans": "B", "explanation": "No answer description available for this question. Let us discuss."}]]}