{"test_questions": [[{"question": "In a file contains the line \"I am a boy\\r\\n\" then on reading this line into the array str using fgets(). What will str contain?", "opta": "\"I am a boy\\r\\n\\0\"", "optb": "\"I am a boy\\r\\0\"", "optc": "\"I am a boy\\n\\0\"", "optd": "\"I am a boy\"", "ans": "C", "explanation": "Declaration: char *fgets(char *s, int n, FILE *stream);\n\nfgets reads characters from stream into the string s. It stops when it reads either n - 1 characters or a newline character, whichever comes first.\n\nTherefore, the string str contain \"I am a boy\\n\\0\""}, {"question": "What is the purpose of \"rb\" in fopen() function used below in the code?\nFILE *fp;\nfp = fopen(\"source.txt\", \"rb\");", "opta": "open \"source.txt\" in binary mode for reading", "optb": "open \"source.txt\" in binary mode for reading and writing", "optc": "Create a new file \"source.txt\" for reading and writing", "optd": "None of above", "ans": "A", "explanation": "The file source.txt will be opened in the binary mode."}, {"question": "What does fp point to in the program ?\r\n#include<stdio.h>\r\n\r\nint main()\r\n{\r\n    FILE *fp;\r\n    fp=fopen(\"trial\", \"r\");\r\n    return 0;\r\n}", "opta": "The first character in the file", "optb": "A structure which contains a char pointer which points to the first character of a file.", "optc": "The name of the file.", "optd": "The last character in the file.", "ans": "B", "explanation": "The fp is a structure which contains a char pointer which points to the first character of a file."}, {"question": "Which of the following operations can be performed on the file \"NOTES.TXT\" using the below code?\nFILE *fp;\nfp = fopen(\"NOTES.TXT\", \"r+\");", "opta": "Reading", "optb": "Writing", "optc": "Appending", "optd": "Read and Write", "ans": "D", "explanation": "r+ Open an existing file for update (reading and writing)."}, {"question": "To print out a and b given below, which of the following printf() statement will you use?\n#include<stdio.h>\n\nfloat a=3.14;\ndouble b=3.14;", "opta": "printf(\"%f %lf\", a, b);", "optb": "printf(\"%Lf %f\", a, b);", "optc": "printf(\"%Lf %Lf\", a, b);", "optd": "printf(\"%f %Lf\", a, b);", "ans": "A", "explanation": "To print a float value, %f is used as format specifier.\nTo print a double value, %lf is used as format specifier.\nTherefore, the answer is printf(\"%f %lf\", a, b);"}, {"question": "Which files will get closed through the fclose() in the following program?\n#include<stdio.h>\n\nint main()\n{\n    FILE *fs, *ft, *fp;\n    fp = fopen(\"A.C\", \"r\");\n    fs = fopen(\"B.C\", \"r\");\n    ft = fopen(\"C.C\", \"r\");\n    fclose(fp, fs, ft);\n    return 0;\n}", "opta": "\"A.C\" \"B.C\" \"C.C\"", "optb": "\"B.C\" \"C.C\"", "optc": "\"A.C\"", "optd": "Error in fclose()", "ans": "D", "explanation": "Extra parameter in call to fclose()."}, {"question": "On executing the below program what will be the contents of 'target.txt' file if the source file contains a line \"To err is human\"?\n#include<stdio.h>\n\nint main()\n{\n    int i, fss;\n    char ch, source[20] = \"source.txt\", target[20]=\"target.txt\", t;\n    FILE *fs, *ft;\n    fs = fopen(source, \"r\");\n    ft = fopen(target, \"w\");\n    while(1)\n    {\n        ch=getc(fs);\n        if(ch==EOF)\n            break;\n        else\n        {\n            fseek(fs, 4L, SEEK_CUR);\n            fputc(ch, ft);\n        }\n    }\n    return 0;\n}", "opta": "r n", "optb": "Trh", "optc": "err", "optd": "None of above", "ans": "B", "explanation": "The file source.txt is opened in read mode and target.txt is opened in write mode. The file source.txt contains \"To err is human\".\nInside the while loop,\n ch=getc(fs); The first character('T') of the source.txt is stored in variable ch and it's checked for EOF.\n if(ch==EOF) If EOF(End of file) is true, the loop breaks and program execution stops.\n If not EOF encountered, fseek(fs, 4L, SEEK_CUR); the file pointer advances 4 character from the current position. Hence the file pointer is in 5th character of file source.txt.\n fputc(ch, ft); It writes the character 'T' stored in variable ch to target.txt.\nThe while loop runs three times and it write the character 1st and 5th and 11th characters (\"Trh\") in the target.txt file."}, {"question": "To scan a and b given below, which of the following scanf() statement will you use?\n#include<stdio.h>\n\nfloat a;\ndouble b;", "opta": "scanf(\"%f %f\", &a, &b);", "optb": "scanf(\"%Lf %Lf\", &a, &b);", "optc": "scanf(\"%f %Lf\", &a, &b);", "optd": "scanf(\"%f %lf\", &a, &b);", "ans": "D", "explanation": "To scan a float value, %f is used as format specifier.\nTo scan a double value, %lf is used as format specifier.\nTherefore, the answer is scanf(\"%f %lf\", &a, &b);"}, {"question": "Out of fgets() and gets() which function is safe to use?", "opta": "gets()", "optb": "fgets()", "ans": "B", "explanation": "Because, In fgets() we can specify the size of the buffer into which the string supplied will be stored."}, {"question": "Consider the following program and what will be content of t?\n#include<stdio.h>\n\nint main()\n{\n    FILE *fp;\n    int t;\n    fp = fopen(\"DUMMY.C\", \"w\");\n    t = fileno(fp);\n    printf(\"%d\\n\", t);\n    return 0;\n}", "opta": "size of \"DUMMY.C\" file", "optb": "The handle associated with \"DUMMY.C\" file", "optc": "Garbage value", "optd": "Error in fileno()", "ans": "B", "explanation": "fp = fopen(\"DUMMY.C\", \"w\"); A file DUMMY.C is opened in write mode and returns the file pointer to fp\nt = fileno(fp); returns the handle for the fp stream and it stored in the variable t\nprintf(\"%d\\n\", t); It prints the handle number."}]]}