{"test_questions": [[{"question": "Which of the following is the correct order of evaluation for the below expression?z = x + y * z / 4 % 2 - 1", "opta": "* / % + - =", "optb": "= * / % + -", "optc": "/ * % - + =", "optd": "*  % /  - + =", "ans": "A", "explanation": "C uses left associativity for evaluating expressions to break a tie between two operators having same precedence."}, {"question": "Which of the following correctly shows the hierarchy of arithmetic operations in C?", "opta": "/ + * -", "optb": "* - / +", "optc": "+ - / *", "optd": "/ * + -", "ans": "D", "explanation": "Simply called as BODMAS (Bracket of Division, Multiplication, Addition and Subtraction).\nHow Do I Remember ? BODMAS !\n\nB - Brackets first\nO - Orders (ie Powers and Square Roots, etc.)\nDM - Division and Multiplication (left-to-right)\nAS - Addition and Subtraction (left-to-right)"}, {"question": "Which of the following is the correct usage of conditional operators used in C?", "opta": "a>b ? c=30 : c=40;", "optb": "a>b ? c=30;", "optc": "max = a>b ? a>c?a:c:b>c?b:c", "optd": "return (a>b)?(a:b)", "ans": "C", "explanation": "Option A: assignment statements are always return in paranthesis in the case of conditional operator. It should be a>b? (c=30):(c=40);\nOption B: it is syntatically wrong.\nOption D: syntatically wrong, it should be return(a>b ? a:b); \nOption C: it uses nested conditional operator, this is logic for finding greatest number out of three numbers."}, {"question": "Which of the following is the correct order if calling functions in the below code?\na = f1(23, 14) * f2(12/4) + f3();", "opta": "f1, f2, f3", "optb": "f3, f2, f1", "optc": "Order may vary from compiler to compiler", "optd": "None of above", "ans": "C", "explanation": "Here, Multiplication will happen before the addition, but in which order the functions would be called is undefined. In an arithmetic expression the parenthesis tell the compiler which operands go with which operators but do not force the compiler to evaluate everything within the parenthesis first."}, {"question": "Which of the following are unary operators in C?\n\n\n1.\n!\n\n\n2.\nsizeof\n\n\n3.\n~\n\n\n4.\n&&", "opta": "1, 2", "optb": "1, 3", "optc": "2, 4", "optd": "1, 2, 3", "ans": "D", "explanation": "An operation with only one operand is called unary operation.\nUnary operators:\n! Logical NOT operator.\n~ bitwise NOT operator.\nsizeof Size-of operator.\n\n\n&& Logical AND is a logical operator.\r\n\nTherefore, 1, 2, 3 are unary operators."}, {"question": "In which order do the following gets evaluated\n\n\n1.\nRelational\n\n\n2.\nArithmetic\n\n\n3.\nLogical\n\n\n4.\nAssignment", "opta": "2134", "optb": "1234", "optc": "4321", "optd": "3214", "ans": "A", "explanation": "2. Arithmetic operators: *, /, %, +, - \n1. Relational operators: >, <, >=, <=, ==, !=\n3. Logical operators   : !, &&, ||\n4. Assignment operators: ="}]]}