{"test_questions": [[{"question": "How will you free the allocated memory ?", "opta": "remove(var-name);", "optb": "free(var-name);", "optc": "delete(var-name);", "optd": "dalloc(var-name);", "ans": "B", "explanation": "No answer description available for this question. Let us discuss."}, {"question": "What is the similarity between a structure, union and enumeration?", "opta": "All of them let you define new values", "optb": "All of them let you define new data types", "optc": "All of them let you define new pointers", "optd": "All of them let you define new structures", "ans": "B", "explanation": "No answer description available for this question. Let us discuss."}]]}