{"test_questions": [[{"question": "The keyword used to transfer control from a function back to the calling function is", "opta": "switch", "optb": "goto", "optc": "go back", "optd": "return", "ans": "D", "explanation": "The keyword return is used to transfer control from a function back to the calling function.\nExample:\n\n#include<stdio.h>\nint add(int, int); /* Function prototype */\n\nint main()\n{\n    int a = 4, b = 3, c;\n    c = add(a, b);\n    printf(\"c = %d\\n\", c);\n    return 0;\n}\nint add(int a, int b)\n{\n/* returns the value and control back to main() function */\n   return (a+b);\n}\n\nOutput: \nc = 7"}, {"question": "What is the notation for following functions?\n1.  int f(int a, float b)\n    {\n        /* Some code */\n    }\n\n2.  int f(a, b)\n    int a; float b;\n    {\n        /* Some code */\n    }", "opta": "1. KR Notation 2. ANSI Notation", "optb": "1. Pre ANSI C Notation 2. KR Notation", "optc": "1. ANSI Notation 2. KR Notation", "optd": "1. ANSI Notation 2. Pre ANSI Notation", "ans": "C", "explanation": "KR Notation means Kernighan and Ritche Notation."}, {"question": "How many times the program will print \"IndiaBIX\" ?\n#include<stdio.h>\n\nint main()\n{\n    printf(\"IndiaBIX\");\n    main();\n    return 0;\n}", "opta": "Infinite times", "optb": "32767 times", "optc": "65535 times", "optd": "Till stack overflows", "ans": "D", "explanation": "A call stack or function stack is used for several related purposes, but the main reason for having one is to keep track of the point to which each active subroutine should return control when it finishes executing.\n\nA stack overflow occurs when too much memory is used on the call stack.\nHere function main() is called repeatedly and its return address is stored in the stack. After stack memory is full. It shows stack overflow error."}]]}