{"test_questions": [[{"question": "What will the SWAP macro in the following program be expanded to on preprocessing? will the code compile?\r\n#include<stdio.h>\r\n#define SWAP(a, b, c)(c t; t=a, a=b, b=t)\r\nint main()\r\n{\r\n    int x=10, y=20;\r\n    SWAP(x, y, int);\r\n    printf(\"%d %d\\n\", x, y);\r\n    return 0;\r\n}", "opta": "It compiles", "optb": "Compiles with an warning", "optc": "Not compile", "optd": "Compiles and print nothing", "ans": "C", "explanation": "The code won't compile since declaration of t cannot occur within parenthesis."}, {"question": "In which stage the following code #include<stdio.h>  gets replaced by the contents of the file stdio.h", "opta": "During editing", "optb": "During linking", "optc": "During execution", "optd": "During preprocessing", "ans": "D", "explanation": "The preprocessor replaces the line #include <stdio.h> with the system header file of that name. More precisely, the entire text of the file 'stdio.h' replaces the #include directive."}]]}