{"test_questions": [[{"question": "What is (void*)0?", "opta": "Representation of NULL pointer", "optb": "Representation of void pointer", "optc": "Error", "optd": "None of above", "ans": "A", "explanation": "No answer description available for this question. Let us discuss."}, {"question": "Can you combine the following two statements into one?\nchar *p;\np = (char*) malloc(100);", "opta": "char p = *malloc(100);", "optb": "char *p = (char) malloc(100);", "optc": "char *p = (char*)malloc(100);", "optd": "char *p = (char *)(malloc*)(100);", "ans": "C", "explanation": "No answer description available for this question. Let us discuss."}, {"question": "In which header file is the NULL macro defined?", "opta": "stdio.h", "optb": "stddef.h", "optc": "stdio.h and stddef.h", "optd": "math.h", "ans": "C", "explanation": "The macro \"NULL\" is defined in locale.h, stddef.h, stdio.h, stdlib.h, string.h, time.h, and wchar.h."}, {"question": "How many bytes are occupied by near, far and huge pointers (DOS)?", "opta": "near=2 far=4 huge=4", "optb": "near=4 far=8 huge=8", "optc": "near=2 far=4 huge=8", "optd": "near=4 far=4 huge=8", "ans": "A", "explanation": "near=2, far=4 and huge=4 pointers exist only under DOS. Under windows and Linux every pointers is 4 bytes long."}, {"question": "If a variable is a pointer to a structure, then which of the following operator is used to access data members of the structure through the pointer variable?", "opta": ".", "optb": "&", "optc": "*", "optd": "->", "ans": "D", "explanation": "No answer description available for this question. Let us discuss."}, {"question": "What would be the equivalent pointer expression for referring the array element a[i][j][k][l]", "opta": "((((a+i)+j)+k)+l)", "optb": "*(*(*(*(a+i)+j)+k)+l)", "optc": "(((a+i)+j)+k+l)", "optd": "((a+i)+j+k+l)", "ans": "B", "explanation": "No answer description available for this question. Let us discuss."}, {"question": "A pointer is", "opta": "A keyword used to create variables", "optb": "A variable that stores address of an instruction", "optc": "A variable that stores address of other variable", "optd": "All of the above", "ans": "C", "explanation": "No answer description available for this question. Let us discuss."}, {"question": "The operator used to get value at address stored in a pointer variable is", "opta": "*", "optb": "&", "optc": "&&", "optd": "||", "ans": "A", "explanation": "No answer description available for this question. Let us discuss."}]]}