{"test_questions": [[{"question": "The maximum combined length of the command-line arguments including the spaces between adjacent arguments is", "opta": "128 characters", "optb": "256 characters", "optc": "67 characters", "optd": "It may vary from one operating system to another", "ans": "D", "explanation": "No answer description available for this question. Let us discuss."}, {"question": "According to ANSI specifications which is the correct way of declaring main when it receives command-line arguments?", "opta": "int main(int argc, char *argv[])", "optb": "int main(argc, argv)\nint argc; char *argv;", "optc": "int main()\n{\n    int argc; char *argv;\n}", "optd": "None of above", "ans": "A", "explanation": "No answer description available for this question. Let us discuss."}, {"question": "What do the 'c' and 'v' in argv stands for?", "opta": "'c' means argument control 'v' means argument vector", "optb": "'c' means argument count 'v' means argument vertex", "optc": "'c' means argument count 'v' means argument vector", "optd": "'c' means argument configuration 'v' means argument visibility", "ans": "C", "explanation": "No answer description available for this question. Let us discuss."}]]}