{"test_questions": [[{"question": "Which header file should be included to use functions like malloc() and calloc()?", "opta": "memory.h", "optb": "stdlib.h", "optc": "string.h", "optd": "dos.h", "ans": "B", "explanation": "No answer description available for this question. Let us discuss."}, {"question": "What function should be used to free the memory allocated by calloc() ?", "opta": "dealloc();", "optb": "malloc(variable_name, 0)", "optc": "free();", "optd": "memalloc(variable_name, 0)", "ans": "C", "explanation": "No answer description available for this question. Let us discuss."}, {"question": "How will you free the memory allocated by the following program?\n#include<stdio.h>\n#include<stdlib.h>\n#define MAXROW 3\n#define MAXCOL 4\n\nint main()\n{\n    int **p, i, j;\n    p = (int **) malloc(MAXROW * sizeof(int*));\n    return 0;\n}", "opta": "memfree(int p);", "optb": "dealloc(p);", "optc": "malloc(p, 0);", "optd": "free(p);", "ans": "D", "explanation": "No answer description available for this question. Let us discuss."}, {"question": "Specify the 2 library functions to dynamically allocate memory?", "opta": "malloc() and memalloc()", "optb": "alloc() and memalloc()", "optc": "malloc() and calloc()", "optd": "memalloc() and faralloc()", "ans": "C", "explanation": "No answer description available for this question. Let us discuss."}]]}