{"test_questions": [[{"question": "In the following code, the P2 is Integer Pointer or Integer?\r\ntypedef int *ptr;\r\nptr p1, p2;", "opta": "Integer", "optb": "Integer pointer", "optc": "Error in declaration", "optd": "None of above", "ans": "B", "explanation": "No answer description available for this question. Let us discuss."}, {"question": "In the following code what is 'P'?\ntypedef char *charp;\nconst charp P;", "opta": "P is a constant", "optb": "P is a character constant", "optc": "P is character type", "optd": "None of above", "ans": "A", "explanation": "No answer description available for this question. Let us discuss."}, {"question": "What is x in the following program?\n#include<stdio.h>\n\nint main()\n{\n    typedef char (*(*arrfptr[3])())[10];\n    arrfptr x;\n    return 0;\n}", "opta": "x is a pointer", "optb": "x is an array of three pointer", "optc": "x is an array of three function pointers", "optd": "Error in x declaration", "ans": "C", "explanation": "No answer description available for this question. Let us discuss."}]]}