{"test_questions": [[{"question": "How many molecules of ATP are hydrolysed to form two molecule of ammonia?", "opta": "10", "optb": "5", "optc": "16", "optd": "15", "ans": "C", "explanation": "No answer description available for this question. Let us discuss."}, {"question": "The nitrogen atoms of urea produced in the urea cycle are derived from", "opta": "nitrate", "optb": "ammonia and aspartic acid", "optc": "nitrite", "optd": "ammonia", "ans": "B", "explanation": "No answer description available for this question. Let us discuss."}, {"question": "The products of urea cycle are", "opta": "1 molecule of urea, 1 molecule of ammonia, 1 molecule of ATP and 1 molecule of fumaric acid", "optb": "1 molecule of fumaric acid, 1 molecule of urea, 1 molecule of AMP, 2 molecules of ADP", "optc": "1 molecule of aspartic acid, 1 molecule of ammonia, 1 molecule of fumaric acid, 1 molecule of ATP", "optd": "None of the above", "ans": "B", "explanation": "No answer description available for this question. Let us discuss."}, {"question": "Nitrate reduction can be carried out by", "opta": "only microorganism", "optb": "plant and microorganism", "optc": "only plants", "optd": "none of these", "ans": "B", "explanation": "No answer description available for this question. Let us discuss."}, {"question": "Which of the following is used as carbon atom source while producing urea in the urea cycle?", "opta": "Arginine", "optb": "Aspartic acid", "optc": "Carbon dioxide", "optd": "Glucose", "ans": "C", "explanation": "No answer description available for this question. Let us discuss."}, {"question": "Which of the following amino acid do not fall under the category of essential amino acid?", "opta": "Histidine", "optb": "Leucine", "optc": "Glycine", "optd": "Methionine", "ans": "C", "explanation": "No answer description available for this question. Let us discuss."}, {"question": "Urea cycle converts", "opta": "ammonia into a less toxic form", "optb": "ketoacids into amino acids", "optc": "amino acids into ketoacids", "optd": "none of these", "ans": "A", "explanation": "No answer description available for this question. Let us discuss."}, {"question": "The inputs to one cycle of the urea cycle are", "opta": "1 molecule of aspartic acid, 1 molecule of ammonia, 1 molecule of carbon dioxide, 3 molecules of ATP", "optb": "1 molecule of urea, 1 molecule of ammonia, 3 molecules of ATP and 1 molecule of fumaric acid", "optc": "1 molecule of fumaric acid, 1 molecule of urea, 3 molecules of AMP", "optd": "None of the above", "ans": "A", "explanation": "No answer description available for this question. Let us discuss."}]]}