{"test_questions": [[{"question": "What is shielding in NMR?", "opta": "Using a curved piece of metal to block an opponents attack", "optb": "Putting metal around an Rf source", "optc": "When the magnetic moment of an atom blocks the full induced magnetic field from surrounding nuclei", "optd": "Blocking parts of a molecule from Rf radiation", "ans": "C", "explanation": "No answer description available for this question. Let us discuss."}, {"question": "What is used to cool the superconducting coil?", "opta": "Hydrogen", "optb": "Ice", "optc": "Dry ice", "optd": "Liquid helium", "ans": "D", "explanation": "No answer description available for this question. Let us discuss."}, {"question": "Coupling causes the peaks in 1H NMR spectra to be split into", "opta": "two peaks", "optb": "multiple peaks equal to the number of hydrogens on surrounding atoms", "optc": "multiple peaks equal to the number of surrounding carbon atoms", "optd": "multiple peaks equal to the number of hydrogen on surrounding atoms, plus one", "ans": "D", "explanation": "No answer description available for this question. Let us discuss."}, {"question": "When placed in a magnetic field, all the random spins of the nuclei", "opta": "stop", "optb": "reverse direction", "optc": "align with the magnetic field", "optd": "rotate to 90\u00b0 away from the induced field", "ans": "C", "explanation": "No answer description available for this question. Let us discuss."}, {"question": "Better understanding of the nuclei is possible,", "opta": "with the help of wavelength spectrum", "optb": "with the help of frequencies ranges", "optc": "with the help of a mathematical translator called the fourier transfer algorithm", "optd": "none of the above", "ans": "C", "explanation": "No answer description available for this question. Let us discuss."}, {"question": "All hydrogen atoms", "opta": "have the same resonance frequency", "optb": "resonate at different frequencies depending on their environment.", "optc": "are attached to carbon", "optd": "resonate at about the same frequency as carbon", "ans": "B", "explanation": "No answer description available for this question. Let us discuss."}, {"question": "Why is it important to use a deuterated solvent?", "opta": "NMR uses least of  this solvent", "optb": "So the spectrometer can lock onto the sample to prevent the spectrum from drifting during aquisition", "optc": "Expensive solvents work best with NMR", "optd": "They dissolve polymer the fastest", "ans": "B", "explanation": "No answer description available for this question. Let us discuss."}]]}