{"test_questions": [[{"question": "Thin layer chromatography is", "opta": "partition chromatography", "optb": "electrical mobility of ionic species", "optc": "adsorption chromatography", "optd": "none of the above", "ans": "C", "explanation": "No answer description available for this question. Let us discuss."}, {"question": "In gas chromatography, the basis for separation of the components of the volatile material is the difference in", "opta": "partition coefficients", "optb": "conductivity", "optc": "molecular weight", "optd": "molarity", "ans": "A", "explanation": "No answer description available for this question. Let us discuss."}, {"question": "In reverse phase chromatography, the stationary phase is made", "opta": "non-polar", "optb": "polar", "optc": "either non-polar or polar", "optd": "none of these", "ans": "A", "explanation": "No answer description available for this question. Let us discuss."}, {"question": "Ion exchange chromatography is based on the", "opta": "electrostatic attraction", "optb": "electrical mobility of ionic species", "optc": "adsorption chromatography", "optd": "partition chromatography", "ans": "A", "explanation": "No answer description available for this question. Let us discuss."}, {"question": "The general expression for the appearance of a solute in an effluent is (where V is the elution volume of a substance , V0 void volume, kD distribution constant and Vi internal water volume)", "opta": "V = V0 + kDVi", "optb": "V = V0/Vi", "optc": "V = V0 - kDVi", "optd": "V/V0 = kDVi", "ans": "A", "explanation": "No answer description available for this question. Let us discuss."}, {"question": "A combination of paper chromatography and electrophoresis involves", "opta": "partition chromatography", "optb": "electrical mobility of the ionic species", "optc": "both (a) and (b)", "optd": "none of these", "ans": "C", "explanation": "No answer description available for this question. Let us discuss."}]]}