{"test_questions": [[{"question": "Synthetic seeds are", "opta": "artificially synthesized seeds", "optb": "somatic embryos encapsulated in suitable matrix", "optc": "seeds of plants modified genetically", "optd": "none of these", "ans": "B", "explanation": "No answer description available for this question. Let us discuss."}, {"question": "Somatic embryoids are", "opta": "identical with zygotic embryos and without seed coats", "optb": "identical with zygotic embryos and with seed coats", "optc": "non-identical with zygotic embryos and without seed coats", "optd": "non-identical with zygotic embryos and with seed coats", "ans": "A", "explanation": "No answer description available for this question. Let us discuss."}, {"question": "The production of high quality and uniform embryos has been limited to only", "opta": "carrot", "optb": "alfalfa", "optc": "both (a) and (b)", "optd": "sandalwood", "ans": "C", "explanation": "No answer description available for this question. Let us discuss."}, {"question": "The preserved embryoids are termed as", "opta": "synthetic seeds", "optb": "semi-synthetic seeds", "optc": "natural seeds", "optd": "fermented seeds", "ans": "A", "explanation": "No answer description available for this question. Let us discuss."}, {"question": "Encapsulation is necessary to produce and protect synthetic seeds. The encapsulation is carried out by various types of hydrogels, which are", "opta": "soluble in water", "optb": "soluble in organic solvents", "optc": "insoluble in water", "optd": "insoluble in organic solvents", "ans": "A", "explanation": "No answer description available for this question. Let us discuss."}, {"question": "Which of the following is not true about synthetic seeds?", "opta": "Can be stored for a year without the loss of valuables", "optb": "Easy to handle", "optc": "Can be directly sown in the soil like natural seeds", "optd": "Need hardening in the green house", "ans": "D", "explanation": "No answer description available for this question. Let us discuss."}, {"question": "Recalcitrant seeds are", "opta": "resistant to drying and freezing temperature", "optb": "killed by drying and freezing temperature", "optc": "both (a) and (b)", "optd": "none of above", "ans": "B", "explanation": "No answer description available for this question. Let us discuss."}, {"question": "The encapsulation of somatic embryos can be carried out by", "opta": "automatic encapsulation process", "optb": "gel complexation", "optc": "both (a) and (b)", "optd": "coating proteins", "ans": "C", "explanation": "No answer description available for this question. Let us discuss."}]]}