{"test_questions": [[{"question": "What does the following C#.NET code snippet will print?\nint i = 0, j = 0; \n\nlabel:\n    i++;\n    j+=i;\nif (i < 10)\n{\n    Console.Write(i +\" \");\n    goto label; \n}", "opta": "Prints 1 to 9", "optb": "Prints 0 to 8", "optc": "Prints 2 to 8", "optd": "Prints 2 to 9", "opte": "Compile error at label:.", "ans": "A", "explanation": "No answer description available for this question. Let us discuss."}, {"question": "Which of the following is the correct output for the C#.NET program given below?\nint i = 20 ;\nfor( ; ; )\n{\n    Console.Write(i + \" \"); \n    if (i >= -10)\n        i -= 4; \n    else \n        break;\n}", "opta": "20 16 12 84 0 -4 -8", "optb": "20 16 12 8 4 0", "optc": "20 16 12 8 4 0 -4 -8 -12", "optd": "16 12 8 4 0", "opte": "16 8 0 -8", "ans": "C", "explanation": "No answer description available for this question. Let us discuss."}, {"question": "Which of the following statements is correct?", "opta": "It is not possible to extend the if statement to handle multiple conditions using the else-if arrangement.", "optb": "The  switch  statement  can  include  any  number  of case instances with two case statements having the same value.", "optc": "A jump statement such as a break is required after each case block excluding the last block if it is a default statement.", "optd": "The if statement selects a statement for execution based on the value of a Boolean expression.", "opte": "C# always supports an implicit fall through from one case label to another.", "ans": "D", "explanation": "No answer description available for this question. Let us discuss."}, {"question": "What is the output of the C#.NET code snippet given below?\n\nnamespace IndiabixConsoleApplication\n{\n    public enum color\n    { red, green, blue };\n    \n    class SampleProgram\n    {\n        static void Main (string[ ] args)\n        {\n            color c = color.blue;\n            switch (c)\n            {\n                case color.red:\n                    Console.WriteLine(color.red); \n                    break; \n                \n                case color.green: \n                    Console.WriteLine(color.green); \n                    break; \n                \n                case color.blue: \n                    Console.WriteLine(color.blue); \n                    break; \n            } \n        } \n    } \n}", "opta": "red", "optb": "blue", "optc": "0", "optd": "1", "opte": "2", "ans": "B", "explanation": "No answer description available for this question. Let us discuss."}, {"question": "Which of the following is the correct way to rewrite the following C#.NET code snippet given below?\nint i = 0; \ndo\n{\n    Console.WriteLine(i);\n    i+ = 1; \n} while (i <= 10);", "opta": "int i = 0; \ndo\n{\n    Console.WriteLine(i);\n} until (i <= 10);", "optb": "int i;\nfor (i = 0; i <= 10 ; i++)\n    Console.WriteLine(i);", "optc": "int i = 0; \nwhile (i <= 11)\n{\n    Console.WriteLine(i);\n    i += 1; \n}", "optd": "int i = 0;\ndo while ( i <= 10)\n{\n    Console.WriteLine(i); \n    i += 1;\n}", "opte": "int i = 0;\ndo until (i <= 10)\n{\n    Console.WriteLine(i);\n    i+=1; \n}", "ans": "B", "explanation": "No answer description available for this question. Let us discuss."}, {"question": "What will be the output of the C#.NET code snippet given below?\nint val;\nfor (val = -5; val <= 5; val++)\n{\n    switch (val)\n    {\n        case 0:\n            Console.Write (\"India\"); \n            break;\n    }\n    \n    if (val > 0)\n        Console.Write (\"B\"); \n    else if (val < 0)\n        Console.Write (\"X\");\n}", "opta": "XXXXXIndia", "optb": "IndiaBBBBB", "optc": "XXXXXIndiaBBBBB", "optd": "BBBBBIndiaXXXXX", "opte": "Zero", "ans": "C", "explanation": "No answer description available for this question. Let us discuss."}, {"question": "What will be the output of the C#.NET code snippet given below?\nchar ch = Convert.ToChar ('a' | 'b' | 'c'); \nswitch (ch)\n{\n    case 'A': \n    case 'a':\n    Console.WriteLine (\"case A | case a\");\n    break;\n    \n    case 'B': \n    case 'b':\n    Console.WriteLine (\"case B | case b\");\n    break;\n    \n    case 'C':\n    case 'c':\n    case 'D':\n    case 'd':\n    Console.WriteLine (\"case D | case d\");\n    break;\n}", "opta": "case A | case a", "optb": "case B | case b", "optc": "case D | case d", "optd": "Compile Error", "opte": "No output", "ans": "C", "explanation": "No answer description available for this question. Let us discuss."}, {"question": "Which of the following is the incorrect form of Decision Control instruction?", "opta": "if (Condition1) \n{// Some statement}", "optb": "if (Condition1) {// Some statement} \nelse {// Some statement}", "optc": "if (Condition1) {// Some statement} \nelse {// Some statement} \nelse if ( Condition2){//Some statement}", "optd": "if ( Condition1 ) {// Some statement} \nelse if ( Condition2 ) {// Some statement} \nelse {// Some statement}", "opte": "if ( Condition1 ) {// Some statement} \nelse if ( Condition2 ) {// Some statement} \nelse if ( Condition3 ) {// Some statement} \nelse {// Some statement}", "ans": "C", "explanation": "No answer description available for this question. Let us discuss."}, {"question": "Which of the following code snippets are the correct way to determine whether a is Odd or Even?\nint a;\nString res; \nif (a % 2 == 0)\n    res = \"Even\"; \nelse \n    res = \"Odd\";\nint a; \nString res; \nif (a Mod 2 == 0) \n    res = \"Even\"; \nelse\n    res = \"Odd\";\nint a;\nConsole.WriteLine(a Mod 2 == 0 ? \"Even\": \"Odd\");\nint a; \nString res;\na % 2 == 0 ? res = \"Even\" : res = \"Odd\";\nConsole.WriteLine(res);", "opta": "1, 3", "optb": "1 Only", "optc": "2, 3", "optd": "4 Only", "opte": "None of these", "ans": "B", "explanation": "No answer description available for this question. Let us discuss."}, {"question": "Which of the following can be used to terminate a while loop and transfer control outside the loop?\nexit while\ncontinue\nexit statement\nbreak\ngoto", "opta": "1, 3", "optb": "2, 4", "optc": "3, 5", "optd": "4, 5", "opte": "None of these", "ans": "D", "explanation": "No answer description available for this question. Let us discuss."}, {"question": "The C#.NET code snippet given below generates ____ numbers series as output?\nint i = 1, j = 1, val;\nwhile (i < 25)\n{\n    Console.Write(j + \" \");\n    val = i + j;\n    j = i;\n    i = val;\n}", "opta": "Prime", "optb": "Fibonacci", "optc": "Palindrome", "optd": "Odd", "opte": "Even", "ans": "B", "explanation": "No answer description available for this question. Let us discuss."}, {"question": "Which of the following statements are correct about the C#.NET code snippet given below?\nif (age > 18 && no < 11)\n    a = 25;\nThe condition no < 11 will be evaluated only if age > 18 evaluates to True.\nThe statement a = 25 will get executed if any one condition is True.\nThe condition no < 11 will be evaluated only if age > 18 evaluates to False.\nThe statement a = 25 will get executed if both the conditions are True.\n&& is known as a short circuiting logical operator.", "opta": "1, 3", "optb": "2, 5", "optc": "1, 4, 5", "optd": "3, 4, 5", "opte": "None of these", "ans": "C", "explanation": "No answer description available for this question. Let us discuss."}, {"question": "Which of the following statements are correct?\nA switch statement can act on numerical as well as Boolean types.\nA  switch  statement  can  act  on  characters,   strings  and enumerations types.\nWe cannot declare variables within a case statement if it is not enclosed by { }.\nThe foreach statement is used to iterate through the collection to get the desired information and should be used to change the contents of the collection to avoid unpredictable side effects.\nAll of the expressions of the for statement are not optional.", "opta": "1, 2", "optb": "2, 3", "optc": "3, 5", "optd": "4, 5", "opte": "None of these", "ans": "A", "explanation": "No answer description available for this question. Let us discuss."}, {"question": "What will be the output of the C#.NET code snippet given below?\nint i = 2, j = i;\nif (Convert.ToBoolean((i | j & 5) & (j - 25 * 1)))\n    Console.WriteLine(1); \nelse\n    Console.WriteLine(0);", "opta": "0", "optb": "1", "optc": "Compile Error", "optd": "Run time Error", "ans": "A", "explanation": "No answer description available for this question. Let us discuss."}, {"question": "Which of the following statements is correct about the C#.NET code snippet given below?\nswitch (id)\n{\n    case 6: \n        grp = \"Grp B\"; \n        break;\n    \n    case 13:\n        grp = \"Grp D\";\n        break;\n    \n    case 1:\n        grp = \"Grp A\";\n        break;\n    \n    case ls > 20:\n        grp = \"Grp E\";\n        break ;\n    \n    case Else:\n        grp = \"Grp F\";\n        break;\n}", "opta": "Compiler will report an error in case ls > 20 as well as in case Else.", "optb": "There is no error in this switch case statement.", "optc": "Compiler will report an error only in case Else.", "optd": "Compiler will report an error as there is no default case.", "opte": "The order of the first three cases should be case 1, case 6, case 13 (ascending).", "ans": "A", "explanation": "No answer description available for this question. Let us discuss."}, {"question": "Which of the following is another way to rewrite the code snippet given below?\nint a = 1, b = 2, c = 0;\nif (a < b) c = a;", "opta": "int a = 1, b = 2, c = 0;\nc = a < b ? a : 0;", "optb": "int a = 1, b = 2, c = 0;\na < b ? c = a : c = 0;", "optc": "int a = 1, b = 2, c = 0;\na < b ? c = a : c = 0 ? 0 : 0;", "optd": "int a = 1, b = 2, c = 0;\na < b ? return (c): return (0);", "opte": "int a = 1, b = 2,c = 0;\nc = a < b : a ? 0;", "ans": "A", "explanation": "No answer description available for this question. Let us discuss."}, {"question": "Which of the following statements are correct?\nThe switch statement is a control statement that handles multiple selections and enumerations by passing control to one of the case statements within its body.\nThe goto statement passes control to the next iteration of the enclosing iteration statement in which it appears.\nBranching is performed using jump statements which cause an immediate transfer of the program control.\nA common use of continue is to transfer control to a specific switch-case label or the default label in a switch statement.\nThe do statement executes a statement or a block of statements enclosed in {} repeatedly until a specified expression evaluates to false.", "opta": "1, 2, 4", "optb": "1, 3, 5", "optc": "2, 3, 4", "optd": "3, 4, 5", "opte": "None of these", "ans": "B", "explanation": "No answer description available for this question. Let us discuss."}, {"question": "Which of the following statements are correct about the C#.NET code snippet given below?\nif (age > 18 || no < 11)\n    a = 25;\nThe condition no < 11 will get evaluated only if age > 18 evaluates to False.\nThe condition no < 11 will get evaluated if age > 18 evaluates to True.\nThe statement a = 25 will get evaluated if any one one of the two conditions is True.\n|| is known as a short circuiting logical operator.\nThe statement a = 25 will get evaluated only if both the conditions are True.", "opta": "1, 4, 5", "optb": "2, 4", "optc": "1, 3, 4", "optd": "2, 3, 5", "opte": "None of these", "ans": "C", "explanation": "No answer description available for this question. Let us discuss."}, {"question": "What will be the output of the code snippet given below?\nint i;\nfor(i = 0; i<=10; i++)\n{\n    if(i == 4)\n    {\n        Console.Write(i + \" \"); continue;\n    }\n    else if (i != 4)\n        Console.Write(i + \" \"); else\n    break;\n}", "opta": "1 2 3 4 5 6 7 8 9 10", "optb": "1 2 3 4", "optc": "0 1 2 3 4 5 6 7 8 9 10", "optd": "4 5 6 7 8 9 10", "opte": "4", "ans": "C", "explanation": "No answer description available for this question. Let us discuss."}, {"question": "Which of the following loop correctly prints the elements of the array?\nchar[ ] arr = new char[ ] {'k', 'i','C', 'i','t'} ;", "opta": "do\n{\n    Console.WriteLine((char) i); \n} \nwhile (int i = 0; i < arr; i++);", "optb": "foreach (int i in arr)\n{\n    Console.WriteLine((char) i);\n}", "optc": "for (int i = 0; i < arr; i++)\n{\n    Console.WriteLine((char) i);\n}", "optd": "while (int i = 0; i < arr; i++)\n{\n    Console.WriteLine((char) i);\n}", "opte": "do\n{\n    Console.WriteLine((char) i); \n} \nuntil (int i = 0; i < arr; i++);", "ans": "B", "explanation": "No answer description available for this question. Let us discuss."}, {"question": "Which of the following statements is correct about the C#.NET code snippet given below?\nint i, j, id = 0; switch (id)\n{ \n    case i:\n        Console.WriteLine(\"I am in Case i\");\n        break; \n    \n    case j:\n        Console.WriteLine(\"I am in Case j\");\n        break;\n}", "opta": "The compiler will report case i and case j as errors since variables cannot be used in cases.", "optb": "Compiler will report an error since there is no default case in the switch case statement.", "optc": "The code snippet prints the result as \"I am in Case i\"\".", "optd": "The code snippet prints the result as \"I am in Case j\".", "opte": "There is no error in the code snippet.", "ans": "A", "explanation": "No answer description available for this question. Let us discuss."}]]}