{"test_questions": [[{"question": "What is the ratio of the total sales of branch B2 for both years to the total sales of branch B4 for both years?", "opta": "2:3", "optb": "3:5", "optc": "4:5", "optd": "7:9", "ans": "D", "explanation": "Required ratio =\n(75 + 65)\n=\n140\n=\n7\n.\n\n\n(85 + 95)\n180\n9"}, {"question": "Total sales of branch B6 for both the years is what percent of the total sales of branches B3 for both the years?", "opta": "68.54%", "optb": "71.11%", "optc": "73.17%", "optd": "75.55%", "ans": "C", "explanation": "Required percentage\n\n\n\n=\n\n(70 + 80)\nx 100\n\n%\n\n\n(95 + 110)\n\n\n\n\n\n\n\n\n\n=\n\n150\nx 100\n\n%\n\n\n205\n\n\n\n\n\n\n= 73.17%."}, {"question": "What percent of the average sales of branches B1, B2 and B3 in 2001 is the average sales of branches B1, B3 and B6 in 2000?", "opta": "75%", "optb": "77.5%", "optc": "82.5%", "optd": "87.5%", "ans": "D", "explanation": "Average sales (in thousand number) of branches B1, B3 and B6 in 2000\n\n\n\n\u00a0 \u00a0 =\n1\nx (80 + 95 + 70)\n=\n\n245\n\n.\n\n\n3\n3\n\n\n\nAverage sales (in thousand number) of branches B1, B2 and B3 in 2001\n\n\n\n\u00a0 \u00a0 =\n1\nx (105 + 65 + 110)\n=\n\n280\n\n.\n\n\n3\n3\n\n\n\n\n\n\n Required percentage =\n\n245/3\nx 100\n\n% =\n\n245\nx 100\n\n% = 87.5%.\n\n\n280/3\n280"}, {"question": "What is the average sales of all the branches (in thousand numbers) for the year 2000?", "opta": "73", "optb": "80", "optc": "83", "optd": "88", "ans": "B", "explanation": "Average sales of all the six branches (in thousand numbers) for the year 2000\n\n\n\n\u00a0 \u00a0 =\n1\nx [80 + 75 + 95 + 85 + 75 + 70]\n\n\n6\n\n\n\n\u00a0 \u00a0 = 80."}, {"question": "Total sales of branches B1, B3 and B5 together for both the years (in thousand numbers) is?", "opta": "250", "optb": "310", "optc": "435", "optd": "560", "ans": "D", "explanation": "Total sales of branches B1, B3 and B5 for both the years (in thousand numbers)\n\u00a0 \u00a0 = (80 + 105) + (95 + 110) + (75 + 95)\n\u00a0 \u00a0 = 560."}]]}