{"test_questions": [[{"question": "For which of the following pairs of years the total exports from the three Companies together are equal?", "opta": "1995 and 1998", "optb": "1996 and 1998", "optc": "1997 and 1998", "optd": "1995 and 1996", "ans": "D", "explanation": "Total exports of the three Companies X, Y and Z together, during various years are:\nIn 1993 = Rs. (30 + 80 + 60) crores = Rs. 170 crores.\nIn 1994 = Rs. (60 + 40 + 90) crores = Rs. 190 crores.\nIn 1995 = Rs. (40 + 60 + 120) crores = Rs. 220 crores.\nIn 1996 = Rs. (70 + 60 + 90) crores = Rs. 220 crores.\nIn 1997 = Rs. (100 + 80 + 60) crores = Rs. 240 crores.\nIn 1998 = Rs. (50 + 100 + 80) crores = Rs. 230 crores.\nIn 1999 = Rs. (120 + 140 + 100) crores = Rs. 360 crores.\nClearly, the total exports of the three Companies X, Y and Z together are same during the years 1995 and 1996."}, {"question": "Average annual exports during the given period for Company Y is approximately what percent of the average annual exports for Company Z?", "opta": "87.12%", "optb": "89.64%", "optc": "91.21%", "optd": "93.33%", "ans": "D", "explanation": "Analysis of the graph: From the graph it is clear that\n\n\nThe amount of exports of Company X (in crore Rs.) in the years 1993, 1994, 1995, 1996, 1997, 1998 and 1999 are 30, 60, 40, 70, 100, 50 and 120 respectively.\nThe amount of exports of Company Y (in crore Rs.) in the years 1993, 1994,  1995, 1996, 1997, 1998 and 1999 are 80, 40, 60, 60, 80, 100 and 140 respectively.\nThe amount of exports of Company Z (in crore Rs.) in the years 1993, 1994,  1995, 1996, 1997, 1998 and 1999 are 60, 90,, 120, 90, 60, 80 and 100 respectively.\n\n\n\nAverage annual exports (in Rs. crore) of Company Y during the given period\n\n\n\n\u00a0 \u00a0 =\n1\nx (80 + 40 + 60 + 60 + 80 + 100 + 140) =\n560\n= 80.\n\n\n7\n7\n\n\n\nAverage annual exports (in Rs. crore) of Company Z during the given period\n\n\n\n\u00a0 \u00a0 =\n1\nx (60 + 90 + 120 + 90 + 60 + 80 + 100) =\n\n600\n\n.\n\n\n7\n7\n\n\n\n\n\n\n Required percentage =\n\n80\nx 100\n\n%  93.33%.\n\n\n\n\n\n\n600\n\n\n\n7"}, {"question": "In which year was the difference between the exports from Companies X and Y the minimum?", "opta": "1994", "optb": "1995", "optc": "1996", "optd": "1997", "ans": "C", "explanation": "The difference between the exports from the Companies X and Y during the various years are:\nIn 1993 = Rs. (80 - 30) crores = Rs. 50 crores.\nIn 1994 = Rs. (60 - 40) crores = Rs. 20 crores.\nIn 1995 = Rs. (60 - 40) crores = Rs. 20 crores.\nIn 1996 = Rs. (70 - 60) crores = Rs. 10 crores.\nIn 1997 = Rs. (100 - 80) crores = Rs. 20 crores.\nIn 1998 = Rs. (100 - 50) crores = Rs. 50 crores.\nIn 1999 = Rs. (140 - 120) crores = Rs. 20 crores.\nClearly, the difference is minimum in the year 1996."}, {"question": "What was the difference between the average exports of the three Companies in 1993 and the average exports in 1998?", "opta": "Rs. 15.33 crores", "optb": "Rs. 18.67 crores", "optc": "Rs. 20 crores", "optd": "Rs. 22.17 crores", "ans": "C", "explanation": "Average exports of the three Companies X, Y and Z in 1993\n\n\n\n\u00a0 \u00a0 = Rs.\n\n1\nx (30 + 80 + 60)\n\ncrores = Rs.\n\n170\n\ncrores.\n\n\n3\n3\n\n\n\nAverage exports of the three Companies X, Y and Z in 1998\n\n\n\n\u00a0 \u00a0 = Rs.\n\n1\nx (50 + 100 + 80)\n\ncrores = Rs.\n\n230\n\ncrores.\n\n\n3\n3\n\n\n\n\n\n\nDifference\n\n\n\n= Rs.\n\n\n230\n\n-\n\n170\n\n\ncrores\n\n\n3\n3\n\n\n\n\n\n\n\n\n\n= Rs.\n\n60\n\ncrores\n\n\n3\n\n\n\n\n\n\n= Rs. 20 crores."}, {"question": "In how many of the given years, were the exports from Company Z more than the average annual exports over the given years?", "opta": "2", "optb": "3", "optc": "4", "optd": "5", "ans": "C", "explanation": "Average annual exports of Company Z during the given period\n\n\n\n\u00a0 \u00a0 =\n1\nx (60 + 90 + 120 + 90 + 60 + 80 + 100)\n\n\n7\n\n\n\n\n\n\n\u00a0 \u00a0 = Rs.\n\n600\n\ncrores\n\n\n7\n\n\n\n\u00a0 \u00a0 = Rs. 85.71 crores.\nFrom the analysis of graph the exports of Company Z are more than the average annual exports of Company Z (i.e., Rs. 85.71 crores) during the years 1994, 1995, 1996 and 1999, i.e., during 4 of the given years."}]]}