{"test_questions": [[{"question": "What is the average amount of interest per year which the company had to pay during this period?", "opta": "Rs. 32.43 lakhs", "optb": "Rs. 33.72 lakhs", "optc": "Rs. 34.18 lakhs", "optd": "Rs. 36.66 lakhs", "ans": "D", "explanation": "Average amount of interest paid by the Company during the given period\n\n\n\n\u00a0 \u00a0 = Rs.\n\n23.4 + 32.5 + 41.6 + 36.4 + 49.4\n\nlakhs\n\n\n5\n\n\n\n\n\n\n\u00a0 \u00a0 = Rs.\n\n183.3\n\nlakhs\n\n\n5\n\n\n\n\u00a0 \u00a0 = Rs. 36.66 lakhs."}, {"question": "The total amount of bonus paid by the company during the given period is approximately what percent of the total amount of salary paid during this period?", "opta": "0.1%", "optb": "0.5%", "optc": "1%", "optd": "1.25%", "ans": "C", "explanation": "Required percentage\n\n\n\n=\n\n(3.00 + 2.52 + 3.84 + 3.68 + 3.96)\nx 100\n\n%\n\n\n(288 + 342 + 324 + 336 + 420)\n\n\n\n\n\n\n\n\n\n=\n\n17\nx 100\n\n%\n\n\n1710\n\n\n\n\n\n\n 1%."}, {"question": "Total expenditure on all these items in 1998 was approximately what percent of the total expenditure in 2002?", "opta": "62%", "optb": "66%", "optc": "69%", "optd": "71%", "ans": "C", "explanation": "Required percentage\n\n\n\n=\n\n(288 + 98 + 3.00 + 23.4 + 83)\nx 100\n\n%\n\n\n(420 + 142 + 3.96 + 49.4 + 98)\n\n\n\n\n\n\n\n\n\n=\n\n495.4\nx 100\n\n%\n\n\n713.36\n\n\n\n\n\n\n 69.45%."}, {"question": "The total expenditure of the company over these items during the year 2000 is?", "opta": "Rs. 544.44 lakhs", "optb": "Rs. 501.11 lakhs", "optc": "Rs. 446.46 lakhs", "optd": "Rs. 478.87 lakhs", "ans": "A", "explanation": "Total expenditure of the Company during 2000\n\u00a0 \u00a0 = Rs. (324 + 101 + 3.84 + 41.6 + 74) lakhs\n\u00a0 \u00a0 = Rs. 544.44 lakhs."}, {"question": "The ratio between the total expenditure on Taxes for all the years and the total expenditure on Fuel and Transport for all the years respectively is approximately?", "opta": "4:7", "optb": "10:13", "optc": "15:18", "optd": "5:8", "ans": "B", "explanation": "Required ratio\n\n\n\n=\n\n(83 + 108 + 74 + 88 + 98)\n\n\n\n(98 + 112 + 101 + 133 + 142)\n\n\n\n\n\n\n\n\n\n=\n\n451\n\n\n\n586\n\n\n\n\n\n\n\n\n\n=\n1\n\n\n1.3\n\n\n\n\n\n\n\n\n\n=\n10\n.\n\n\n13"}]]}