{"test_questions": [[{"question": "If for a certain quantity of books, the publisher has to pay Rs. 30,600 as printing cost, then what will be amount of royalty to be paid for these books?", "opta": "Rs. 19,450", "optb": "Rs. 21,200", "optc": "Rs. 22,950", "optd": "Rs. 26,150", "ans": "C", "explanation": "Let the amount of Royalty to be paid for these books be Rs. r.\n\n\n\nThen, 20 : 15 = 30600 : r \u00a0 \u00a0  \u00a0 \u00a0 r = Rs.\n\n30600 x 15\n\n= Rs. 22,950.\n\n\n20"}, {"question": "What is the central angle of the sector corresponding to the expenditure incurred on Royalty?", "opta": "15\u00ba", "optb": "24\u00ba", "optc": "54\u00ba", "optd": "48\u00ba", "ans": "C", "explanation": "Central angle corresponding to Royalty \n= (15% of 360)\u00ba\n\n\n\n\n\n\n=\n\n15\nx 360\n\n\u00ba\n\n\n100\n\n\n\n\n\n\n= 54\u00ba."}, {"question": "The price of the book is marked 20% above the C.P. If the marked price of the book is Rs. 180, then what is the cost of the paper used in a single copy of the book?", "opta": "Rs. 36", "optb": "Rs. 37.50", "optc": "Rs. 42", "optd": "Rs. 44.25", "ans": "B", "explanation": "Clearly, marked price of the book = 120% of C.P.\nAlso, cost of paper = 25% of C.P\nLet the cost of paper for a single book be Rs. n.\n\n\n\nThen, 120 : 25 = 180 : n \u00a0 \u00a0  \u00a0 \u00a0 n = Rs.\n\n25 x 180\n\n= Rs. 37.50 .\n\n\n120"}, {"question": "If 5500 copies are published and the transportation cost on them amounts to Rs. 82500, then what should be the selling price of the book so that the publisher can earn a profit of 25%?", "opta": "Rs. 187.50", "optb": "Rs. 191.50", "optc": "Rs. 175", "optd": "Rs. 180", "ans": "A", "explanation": "For the publisher to earn a profit of 25%, S.P. = 125% of C.P.\nAlso Transportation Cost = 10% of C.P.\nLet the S.P. of 5500 books be Rs. x.\n\n\n\nThen, 10 : 125 = 82500 : x \u00a0 \u00a0  \u00a0 \u00a0 x = Rs.\n\n125 x 82500\n\n= Rs. 1031250.\n\n\n10\n\n\n\n\n\n\n S.P. of one book = Rs.\n\n1031250\n\n= Rs. 187.50 .\n\n\n5500"}, {"question": "Royalty on the book is less than the printing cost by:", "opta": "5%", "optb": "33\n1\n%\n\n\n5", "ans": "D", "explanation": "Printing Cost of book = 20% of C.P.\nRoyalty on book = 15% of C.P.\nDifference = (20% of C.P.) - (15% of C.P) = 5% of C.P.\n\n\n\n Percentage difference\n=\n\nDifference\nx 100\n\n%\n\n\nPrinting Cost\n\n\u00a0\n\n\u00a0\n=\n\n5% of C.P.\nx 100\n\n% = 25%.\n\n\nPrinting Cost"}, {"question": "If the difference between the two expenditures are represented by 18\u00ba in the pie-chart, then these expenditures possibly are", "opta": "Binding Cost and Promotion Cost", "optb": "Paper Cost and Royalty", "optc": "Binding Cost and Printing Cost", "optd": "Paper Cost and Printing Cost", "ans": "D", "explanation": "Central angle of 18\u00ba =\n\n18\nx 100\n\n% of the total expenditure\n\n\n360\n\n\n\n = 5% of the total expenditure.\nFrom the given chart it is clear that:\nOut of the given combinations, only in combination (d) the difference is 5% i.e.\n\n\n\nPaper Cost - Printing Cost\n= (25% - 20%) of the total expenditure\n\n\n\n= 5% of the total expenditure."}, {"question": "For an edition of 12,500 copies, the amount of Royalty paid by the publisher is Rs. 2,81,250. What should be the selling price of the book if the publisher desires a profit of 5%?", "opta": "Rs. 152.50", "optb": "Rs. 157.50", "optc": "Rs. 162.50", "optd": "Rs. 167.50", "ans": "B", "explanation": "Clearly, S.P. of the book = 105% of C.P.\nLet the selling price of this edition (of 12500 books) be Rs. x.\n\n\n\nThen, 15 : 105 = 281250 : x \u00a0 \u00a0  \u00a0 \u00a0 x = Rs.\n\n105 x 281250\n\n= Rs. 1968750.\n\n\n15\n\n\n\n\n\n\n S.P. of one book = Rs.\n\n1968750\n\n = Rs. 157.50 .\n\n\n12500"}, {"question": "If for an edition of the book, the cost of paper is Rs. 56250, then find the promotion cost for this edition.", "opta": "Rs. 20,000", "optb": "Rs. 22,500", "optc": "Rs. 25,500", "optd": "Rs. 28,125", "ans": "B", "explanation": "Let the Promotion Cost for this edition be Rs. p.\n\n\n\nThen, 25 : 10 = 56250 : p \u00a0 \u00a0  \u00a0 \u00a0 p = Rs.\n\n56250 x 10\n\n= Rs. 22,500.\n\n\n25"}, {"question": "Which two expenditures together have central angle of 108\u00ba?", "opta": "Biding Cost and Transportation Cost", "optb": "Printing Cost and Paper Cost", "optc": "Royalty and Promotion Cost", "optd": "Binding Cost and Paper Cost", "ans": "A", "explanation": "Central angle of 108\u00ba =\n\n108\nx 100\n\n% of the total expenditure\n\n\n360\n\n\n\n = 30% of the total expenditure.\nFrom the pie chart it is clear that:\n\n\n\nBinding Cost + Transportation Cost\n= (20% + 10%) of the total expenditure\n\n\n\n= 30% of the total expenditure.\n\n\n\n Binding Cost and Transportation Cost together have a central angle of 108\u00ba."}]]}