{"test_questions": [[{"question": "For the system in the given figure the characteristic equation is", "opta": "", "optb": "", "optc": "K(s + 1)(s + 3) = 0", "optd": "s(s + 2) = 0", "ans": "A", "explanation": "Transfer function = . \nHence characteristic equation is ."}, {"question": "Mechanical impedance is the ratio of", "opta": "rms force to rms velocity", "optb": "rms force to rms displacement", "optc": "rms velocity to rms displacement", "optd": "none of the above", "ans": "A", "explanation": "In force voltage analogy force is analogous to voltage and velocity to current. Just as , force/velocity = mechanical impedance."}, {"question": "For the system in the given figure. The transfer function C(s)/R(s) is", "opta": "G1 + G2 + 1", "optb": "G1 G2 + 1", "optc": "G1 G2 + G2 + 1", "optd": "G1 G2 + G1 + 1", "ans": "C", "explanation": "Transfer function = (G1 + 1) G2 + 1 = G1 G2 + G2 + 1."}, {"question": "Whether a linear system is stable or unstable that it", "opta": "is a property of the system only", "optb": "depends on the input function only", "optc": "both (a) and (b)", "optd": "either (a) or (b)", "ans": "A", "explanation": "Stability is a property of the system only."}, {"question": "For the system of the given figure the transfer function =", "opta": "", "optb": "", "optc": "", "optd": "", "ans": "B", "explanation": ", E0(s) = [I(s)][Z2(s)] or ."}, {"question": "In the given figure shows pole-zero plot. If steady state gain is 2 the transfer function G(s) is", "opta": "", "optb": "", "optc": "", "optd": "", "ans": "A", "explanation": "The zero at - 1 gives the term (s + 1) in the numerator. \nThe poles at (- 2 + j1) and (- 2 - j1) give (s2 + 4s + 5) term is the denominator. Gain is 2."}, {"question": "If a system is to follow arbitrary inputs accurately the bandwidth should be", "opta": "large", "optb": "small", "optc": "very small", "optd": "neither small nor large", "ans": "A", "explanation": "Arbitrary inputs require large bandwidth."}, {"question": "For the system of the given figure, the damping ratio of closed loop poles is", "opta": "1.5", "optb": "1", "optc": "0.5", "optd": "0.25", "ans": "C", "explanation": "The standard form of characteristic equation is . \nTherefore ."}, {"question": "Assertion (A):  Potentiometers can not be used as error detectors in position control systems.Reason (R): The resolution of a potentiometer places an upper limit on its accuracy", "opta": "Both A and R are correct and R is correct explanation of A", "optb": "Both A and R are correct but R is not correct explanation of A", "optc": "A is correct but R is wrong", "optd": "R is correct but A is wrong", "ans": "D", "explanation": "Potentiometers are used as error detectors."}, {"question": "For a first order system having transfer function , the unit impulse response is", "opta": "e-t/T", "optb": "T e-t/T", "optc": "", "optd": "T2 e-t/T", "ans": "C", "explanation": ""}, {"question": "For the given figure C(s)/R(s)", "opta": "", "optb": "", "optc": "", "optd": "", "ans": "B", "explanation": "."}, {"question": "A stepper motor is", "opta": "a two phase induction motor", "optb": "is a kind of rotating amplifier", "optc": "is an electromagnetic transducer used to convert an angular position of shaft into electrical signal", "optd": "is an electromechanical device which actuates a train of step angular movements in response to a train of input pulses on one to one basis", "ans": "D", "explanation": "When input pulses are applied, the motor moves in steps."}, {"question": "In a two phase ac servomotor rotor resistance is R and rotor reactance is X. The speed curve will be linear if", "opta": "", "optb": "", "optc": "", "optd": "X2 = R", "ans": "A", "explanation": "In a two phase servomotor  \u2220 < 1 so that torque speed curve is almost linear."}, {"question": "In the given figure, the input frequency is such that R = XC. Then", "opta": "v0 lags vi by 45\u00b0", "optb": "v0 lags vi by 90\u00b0", "optc": "v0 leads vi by 45\u00b0", "optd": "v0 leads vi by 90\u00b0", "ans": "A", "explanation": "R = XC, voltage drops across R and XC are equal and at 90\u00b0 with respect by each other. V0 lags Vi by 45\u00b0."}, {"question": "From the noise point of view, bandwidth should", "opta": "be large", "optb": "not be too large", "optc": "should be as large as possible", "optd": "should be infinite", "ans": "B", "explanation": "If noise is to be eliminated, bandwidth cannot be large."}, {"question": "First column elements of Routh's tabulation are 3, 5, , 2. It means that there", "opta": "is one root in left half s plane", "optb": "are two roots in left half s plane", "optc": "are two roots in right half s plane", "optd": "is one root in right half s plane", "ans": "C", "explanation": "Since there are two sign changes in the first column, hence two roots in right half plane."}, {"question": "When a unit step voltage drives a lag network the output", "opta": "remains constant at unit step value", "optb": "increases exponentially from zero to final value", "optc": "decreases exponentially from 1 to 0", "optd": "either (b) of (c) depending on values of R and C", "ans": "B", "explanation": "At t = 0 the capacitor behaves as a short-circuit and output voltage is 0. At t = \u221e capacitor behaves as an open-circuit and V0 = Vi."}, {"question": "For the given figure C(s)/R(s)", "opta": "", "optb": "", "optc": "", "optd": "", "ans": "A", "explanation": "."}, {"question": "For the circuit in the given figure,", "opta": "", "optb": "", "optc": "", "optd": "", "ans": "C", "explanation": "."}, {"question": "A system has its two poles on the negative real axis and one pair of poles lies on j\u03c9 axis. The system is", "opta": "stable", "optb": "unstable", "optc": "limitedly stable", "optd": "either (a) or (c)", "ans": "C", "explanation": "Poles on j x-axis lead to oscillations."}, {"question": "In the given figure the input frequency is such that R << Xc, then", "opta": "v0 lags vi by 90\u00b0", "optb": "v0 leads vi by 90\u00b0", "optc": "v0 and vi are in phase", "optd": "either (b) or (c)", "ans": "A", "explanation": "Voltage across capacitor lags by 90\u00b0."}, {"question": "In the given figure, of potentiometer V0 = Vi (R0/Ri) only when", "opta": "RL = 0", "optb": "RL = \u221e", "optc": "RL is neither low nor high", "optd": "RL is low but not zero", "ans": "B", "explanation": "If RL is not infinite, the voltage ratio of potentiometer depends on the value of RL. This is called loading effect."}, {"question": "A unity feedback system has open loop transfer function The closed loop transfer function is", "opta": "", "optb": "", "optc": "", "optd": "", "ans": "B", "explanation": "."}, {"question": "Bellows converts", "opta": "pressure difference into displacement", "optb": "pressure difference into voltage", "optc": "displacement into pressure difference", "optd": "either (a) or (c)", "ans": "A", "explanation": "To measure pressure, it is convenient to convert pressure into displacement and then use a displacement transducer."}, {"question": "Assertion (A):  The steady state response, of a stable, linear, time invariant system, to sinusoidal input depends on initial conditions. Reason (R): Frequency response, in steady state, is obtained by replacing s in the transfer function by j\u03c9", "opta": "Both A and R are correct and R is correct explanation of A", "optb": "Both A and R are correct but R is not correct explanation of A", "optc": "A is correct but R is wrong", "optd": "R is correct but A is wrong", "ans": "D", "explanation": "Steady state response does not depend on initial conditions."}, {"question": "Consider the systems with following open loop transfer functions   If unity feedback is used, the increasing order of time taken for unit step response to settle is", "opta": "1, 2, 3", "optb": "3, 1, 2", "optc": "2, 3, 1", "optd": "3, 2, 1", "ans": "C", "explanation": ". For the three systems the values of \u03be\u03c9n are 1.8, 2.5 and 2 respectively. \nHence values of T are 0.55, 0.4 and 0.5 respectively."}, {"question": "The phase margin and damping ratio have no relation.", "opta": "True", "optb": "False", "ans": "B", "explanation": "They are related."}, {"question": "For the transport lag G(j\u03c9) = e-j\u03c9T, the magnitude is always equal to", "opta": "0", "optb": "1", "optc": "10", "optd": "0.5", "ans": "B", "explanation": "Magnitude is 1."}, {"question": "The log magnitude curve for a constant gain K is a", "opta": "horizontal straight line", "optb": "horizontal straight line of magnitude 20 log K decibels", "optc": "an inclined line having slope K", "optd": "an inclined line having slope -K", "ans": "B", "explanation": "The factor K in the numerator of G(j\u03c9) gives is straight line at 20 log10 K in Bode plot."}, {"question": "The compensator of the given figure is a", "opta": "lag compensator", "optb": "lead compensator", "optc": "lag-lead compensator", "optd": "none of the above", "ans": "B", "explanation": "Obtain transfer function."}, {"question": "If error voltage is e(t), integral square error =", "opta": "e2(t) dt", "optb": "", "optc": "", "optd": "none of the above", "ans": "B", "explanation": "Error is squared and integrated."}, {"question": "A lag compensator is essentially a", "opta": "low pass filter", "optb": "high pass filter", "optc": "band pass filter", "optd": "either (a) or (b)", "ans": "A", "explanation": "See transfer function in the equation , \u03b2 > 1 \nwhere t1 = R1C1, t2 = R2C2 and t > 1."}, {"question": "Stepper motors find applications in", "opta": "X-Y plotters", "optb": "numerically controlled machining equipment", "optc": "printers", "optd": "all of the above", "ans": "D", "explanation": "Stepper motors are used in all these applications."}, {"question": "For type 2 system, the magnitude and phase angle of the term (j\u03c9)2 in the denominator, at \u03c9 = 0, are respectively", "opta": "0 and - 90\u00b0", "optb": "0 and + 90\u00b0", "optc": "infinity and - 180\u00b0", "optd": "infinity and + 180\u00b0", "ans": "C", "explanation": "If \u03c9 = 0,  has a magnitude of infinity and phase angle -180\u00b0."}, {"question": "In an integral controller", "opta": "the output is proportional to input", "optb": "the rate of change of output is proportional to input", "optc": "the output is proportional to rate of change of input", "optd": "none of the above", "ans": "B", "explanation": "Output is proportional to integral of input or rate of change of output is proportional to input."}, {"question": "In Bode diagram (log magnitude plot) the factor  in the transfer function gives a line having slope", "opta": "-20 dB per octave", "optb": "-10 dB per octave", "optc": "-6 dB per octave", "optd": "-2 dB per octave", "ans": "C", "explanation": "For  term the slope is -20 dB/decade or -6 dB/octave because - 20 log 2 = -6 dB."}, {"question": "In the given figure the input is x(t) = A sin \u03c9t. The steady state output y(t) =", "opta": "A sin (\u03c9t + \u03c6) where \u03c6 = tan-1 |G(j\u03c9)|", "optb": "|G(j\u03c9)| A sin [\u03c9t + \u2220G(j\u03c9)]", "optc": "|G(j\u03c9)| A sin [2\u03c9t + \u2220G(j\u03c9)]", "optd": "A G(j\u03c9) sin [\u03c9t + \u2220G(j\u03c9)]", "ans": "B", "explanation": "The magnitudes A and G(j\u03c9) are multiplied and phase angles are added."}, {"question": "In the given figure x6 =", "opta": "de(ax1 + bx2 + cx3)", "optb": "(a + b + c) (x1 + x2 + x3) (d + e)", "optc": "(ax1 + bx2 + cx3) (d + e)", "optd": "a b c d e (x1 + x2 + x3)", "ans": "A", "explanation": "The input x1 is multiplied by a, x2, by b and x3 by c. The sum total is multiplied by d and e."}, {"question": "A negative feedback system has . The closed loop system is stable for", "opta": "K > 20", "optb": "15 < K < 19", "optc": "8 \u2264 K \u2264 14", "optd": "K < 6", "ans": "D", "explanation": "Find characteristic equation."}, {"question": "For the given figure,", "opta": "", "optb": "", "optc": "", "optd": "", "ans": "B", "explanation": "For the inner loop, transfer function =  \nThen ."}, {"question": "For the control system in the given figure, the value of K for critical damping is", "opta": "1", "optb": "5.125", "optc": "6.831", "optd": "10", "ans": "B", "explanation": "since \u03b6 = 1, \u03c9n = 3.5 Hence 2 + 2k = 3.52 = 12.25 or K = 5.125 ."}, {"question": "Bode magnitude plot is drawn between", "opta": "magnitude of network function and \u03c9", "optb": "dB magnitude and log \u03c9", "optc": "dB magnitude and \u03c9", "optd": "loge (magnitude) and log \u03c9", "ans": "B", "explanation": "Frequency is plotted on log scale and magnitude is taken in dB."}, {"question": "For the system in the given figure,", "opta": "", "optb": "", "optc": "", "optd": "none of the above", "ans": "B", "explanation": "For inner loop we have transfer function =  \nThen  = ."}, {"question": "In the given figure, if R = XC, voltage gain is", "opta": "0 dB", "optb": "3 dB", "optc": "-3 dB", "optd": "20 dB", "ans": "C", "explanation": "If R = XC, V0 = 0.5 Vi Hence gain is -3 dB."}, {"question": "For the circuit in the given figure, V2(s)/V1(s) =", "opta": "", "optb": "", "optc": "", "optd": "", "ans": "B", "explanation": "."}, {"question": "The system in the given figure, has", "opta": "good gain and phase margin", "optb": "poor gain and phase margin", "optc": "good gain margin but poor phase margin", "optd": "poor gain margin but good phase margin", "ans": "D", "explanation": "Since the plot is very near (-1 + j0) point, gain margin is poor."}, {"question": "The given figure shows a pole zero diagram. The transfer function G(j1) is", "opta": "0.5 \u22200", "optb": "2.7 \u2220- 31\u00b0", "optc": "2 \u222045\u00b0", "optd": "2 \u2220- 67.4\u00b0", "ans": "A", "explanation": "Join j1 point with the zero and poles. Find magnitude and phase angles of all these lines."}, {"question": "For very low frequencies, v0/vi in the given figure equals", "opta": "1", "optb": "0", "optc": "\u221e", "optd": "0.5", "ans": "A", "explanation": "For low frequencies Xc is very high as compared to R. Hence ."}, {"question": "In a minimum phase system", "opta": "all poles lie in the left half plane", "optb": "all zeros lie in the left half plane", "optc": "all poles lie in the right half plane", "optd": "all except one pole or zero lie in the left half plane", "ans": "B", "explanation": "For stability poles must be in left half plane. Zeros in left half plane lead to minimum phase shift."}, {"question": "For the system of the given figure the transfer function is", "opta": "", "optb": "", "optc": "", "optd": "", "ans": "D", "explanation": "Transfer function = ."}]]}