{"test_questions": [[{"question": "In a parallel resonant circuit, the circuit current at resonance is maximum.", "opta": "True", "optb": "False", "ans": "B", "explanation": "In parallel resonance current is minimum."}, {"question": "The rms value of wave in figure is", "opta": "about 95 V", "optb": "about 80 V", "optc": "about 50 V", "optd": "about 25 V", "ans": "B", "explanation": ""}, {"question": "An RLC series circuit is underdamped. To make it overdamped, the value of R", "opta": "has to be increased", "optb": "has to be decreased", "optc": "has to be increased to infinity", "optd": "has to be reduced to zero", "ans": "A", "explanation": "For overdamping R is more."}, {"question": "Henry is equivalent to", "opta": "Volts/Ampere", "optb": "Weber/Volt", "optc": "Weber/Ampere", "optd": "Weber/Ampere2", "ans": "C", "explanation": "Inductance is flux per ampere."}, {"question": "In a minimum function", "opta": "the degree of numerator and denominator are equal", "optb": "the degree of numerator and denominator are unequal", "optc": "the degree of numerator is one more than degree of denominator", "optd": "the degree of numerator is one less than degree of denominator", "ans": "A", "explanation": "If degrees of numerator and denominator were unequal, a pole or zero can be removed. Such a function cannot be a minimum function. Therefore degrees of numerator and denominator must be equal."}, {"question": "When a current source I is suddenly connected across a two terminal relaxed RC circuit at time t = 0, the voltage across the current source is shown in figure. The RC circuit is", "opta": "a series combination of R and C", "optb": "a parallel combination of R and C", "optc": "a series combination of R and parallel combination of R and C", "optd": "a pure capacitor", "ans": "C", "explanation": "Initially capacitor behaves as short-circuit and finally as open circuit."}, {"question": "The driving-point impedance Z(s) of a network has a pole-zero locations as shown in the figure. If Z(0) = 3, then Z (s) is", "opta": "", "optb": "", "optc": "", "optd": "", "ans": "B", "explanation": "From figure, The impedance function\n \nand Z(0) =  while in question Z(0) = 3\n  = 3  k = 2."}, {"question": "and i(t) is a unit step, then V(t) in the steady state is given by", "opta": "4/9", "optb": "4/3", "optc": "0", "optd": "\u221e", "ans": "A", "explanation": "= 4/9."}, {"question": "For a transmission line open circuit and short circuit impedances are 20 &ohm; and 5 &ohm;. Then characteristic impedance is", "opta": "100 &ohm;", "optb": "50 &ohm;", "optc": "25 &ohm;", "optd": "10 &ohm;", "ans": "D", "explanation": "Z0 = Zoc Zsc ."}, {"question": "The terms RMS and average values apply only to sine waves.", "opta": "True", "optb": "False", "ans": "B", "explanation": "These terms are applicable to all waveshapes."}, {"question": "The drift velocity of electrons is", "opta": "very small as compared to speed of light", "optb": "equal to speed of light", "optc": "almost equal to speed of light", "optd": "half the speed of light", "ans": "A", "explanation": "Drift velocity of electrons is very small."}, {"question": "Wave A = 100 sin \u03c9t and wave B = 100 cos \u03c9t. Then", "opta": "rms values of the two waves are equal", "optb": "rms values of A is more than that of B", "optc": "rms values of A is less than that of B", "optd": "rms values of the two waves may or may not be equal", "ans": "A", "explanation": "Since peak values are equal, their rms values are equal irrespective of phase difference."}, {"question": "Z(c) for the network shown in the figure is  The value of C and R are, respectively", "opta": "1/6 F and 4 &ohm;", "optb": "2/9 F and 9/2 &ohm;", "optc": "2/3 F and 1/2 &ohm;", "optd": "1/2 F and 1 &ohm;", "ans": "A", "explanation": "No answer description available for this question. Let us discuss."}, {"question": "In an R-C series circuit excited by a voltage E, the charge across capacitor at t = 0+ is", "opta": "0", "optb": "CE", "optc": "CE (1 - e-t/RC)", "optd": "none of the above", "ans": "A", "explanation": "Voltage across a capacitor cannot change instantaneously."}, {"question": "Two networks are cascaded through an ideal buffer. If td1 and td2 are delay times of network, the overall delay time is", "opta": "td1 + td2", "optb": "t2d1 + t2d2", "optc": "td1 + td2", "optd": "", "ans": "C", "explanation": "In cascaded networks delay times are added."}, {"question": "A series RC circuit has R = 5 &ohm; and C = 10 \u03bcF. The current in the circuit is 5 sin 20000t. The applied voltage is", "opta": "252 sin (20000t + 45\u00b0)", "optb": "252 sin (20000t - 45\u00b0)", "optc": "252 sin 20000t", "optd": "252 sin (20000t - 90\u00b0)", "ans": "B", "explanation": "Z = R2 + XC2 = 50\nV = 550 sin(20000 t - 45\u00b0)\nV = 252 sin(20000 t - 45\u00b0)"}, {"question": "A capacitor stores 0.15C at 5 V. Its capacitance is", "opta": "0.75 F", "optb": "0.75 \u03bcF", "optc": "0.03 F", "optd": "0.03 \u03bcF", "ans": "C", "explanation": "Q = CV or 0.15 = C(5) or C = 0.03 F."}, {"question": "A 0.5 \u03bcF capacitor is connected across a 10 V battery. After a long time, the circuit current and voltage across capacitor will be", "opta": "0.5 A and 0 V", "optb": "0 A and 10 V", "optc": "20 A and 5 V", "optd": "0.05 A and 5 V", "ans": "B", "explanation": "When the capacitor is fully charged, i = 0 and voltage across capacitor is equal to battery voltage."}, {"question": "For node 1 in figure, KCL equation is", "opta": "", "optb": "", "optc": "", "optd": "none of the above", "ans": "C", "explanation": "i(t) is the incoming current. The currents leaving node 1 are"}, {"question": "In the circuit of figure, the switch is closed at t = 0. At t = 0+ the current through C is", "opta": "4 A", "optb": "2.5 A", "optc": "3.1 A", "optd": "0", "ans": "A", "explanation": "Capacitor behaves as a short-circuit at t = 0."}, {"question": "A cable has an insulation resistance of 1010 ohms. If the length is doubled, the insulation resistance will be", "opta": "2 x 1010 &ohm;", "optb": "0.5 x 1010 &ohm;", "optc": "1010 &ohm;", "optd": "4 x 1010 &ohm;", "ans": "B", "explanation": "Insulation resistance of cable is inversely proportional to length."}, {"question": ", i(t) =", "opta": "3e-4t - e-5t", "optb": "3e-4t - 2e-3t", "optc": "2e-4t - 5e-2t", "optd": "3e-4t - e-t", "ans": "B", "explanation": "i(t) = 3e-4t - 2e-3t"}, {"question": "In the figure shown, A1, A2, A3 are identical Ammeters. If A1 and A3 read 5 and 13 A respectively, reading of A2 will be", "opta": "8", "optb": "13 A", "optc": "18", "optd": "12 A", "ans": "D", "explanation": "A2 = 132 - 25  12 A."}, {"question": "Which of the following pairs are correctly matched? Brune's realisation : realisation with ideal transformer.Cauer realisation : ladder realisation.Bott Duffin realisation : with non ideal transformer. Select the answer using the following codes:", "opta": "1, 2 and 3", "optb": "2 and 3", "optc": "1 and 3", "optd": "1 and 2", "ans": "D", "explanation": "Bott Duffins realisation does not use transformer."}, {"question": "The synthesis of minimum function was suggested by", "opta": "O'Brune", "optb": "R. Richards", "optc": "Bott and Duffin", "optd": "none of the above", "ans": "A", "explanation": "The procedure is called Brune's synthesis."}, {"question": "C = (2) (energy)/V2", "opta": "True", "optb": "False", "ans": "A", "explanation": ""}, {"question": "A 3 phase balanced supply feeds 3 phase unbalanced load. Power supplied to the load can be measured by using 2 wattmeterone wattmeter3 wattmeter Which of the above statements is correct?", "opta": "1 and 2", "optb": "1 and 3", "optc": "2 and 3", "optd": "3 alone", "ans": "B", "explanation": "A minimum of 2 wattmeters is required to measure 3 phase power. Of course power can be measured by putting one wattmeter in each phase."}, {"question": "Which of the following is correct for a driving point functions?", "opta": "The real parts of all poles must be negative", "optb": "The real parts of all poles and zeros must be negative", "optc": "The real parts of all poles and zeros must be negative or zero", "optd": "The real parts of all zeros must be negative", "ans": "C", "explanation": "It is a necessary condition for response to be stable."}, {"question": "An infinite ladder is constructed with 1 &ohm; and 2 &ohm; resistors shown below.", "opta": "8.18 A", "optb": "0 A", "optc": "9 A", "optd": "can't determined", "ans": "C", "explanation": "R = 1 + (2 || R)\n R = 2\n."}, {"question": "In the circuit of figure the voltage across capacitor when switch is closed at t = \u221e is", "opta": "0 V", "optb": "20 V", "optc": "very large", "optd": "7.5 V", "ans": "D", "explanation": "Voltage across capacitor = voltage across 3&ohm; resistance ="}, {"question": "In the series circuit shown in figure, for series resonance, the value of the coupling coefficient, K will be", "opta": "0.25", "optb": "0.5", "optc": "0.1", "optd": "1", "ans": "A", "explanation": "Mutual inductance wm = \u03c9k L1L2\n m = k. 2. 8j2 = 4k. j\nZ = 20 - j10 + j2 + j6 + 2.4kj - 2j + 8kj = 0 at resonance\n -2 = -8k\nk = 1/4  0.25 ."}, {"question": "The degree of the nodes 1, 2, 3, 4 is", "opta": "2", "optb": "3", "optc": "2 for 1, 2, 3, and 3 for 4", "optd": "all 3", "ans": "D", "explanation": "Degree of node is the no.of branch incident to it."}, {"question": "In an RC series circuit R = 100 &ohm; and XC = 10 &ohm;. In this circuit", "opta": "the current and voltage are in phase", "optb": "the current leads the voltage by about 6\u00b0", "optc": "the current leads the voltage by about 84\u00b0", "optd": "the current lags the voltage by about 6\u00b0", "ans": "B", "explanation": "In RC circuit the current leads the voltage."}, {"question": "The impedance of an RC series circuit is 12 &ohm; at f= 50 Hz. At f= 200 Hz, the impedance will be", "opta": "more than 12", "optb": "less than 3", "optc": "more than 3 &ohm; but less than 12 &ohm;", "optd": "more than 12 &ohm; but less than 24 &ohm;", "ans": "C", "explanation": "Z = R2 + XC2. When f is made four times, XC becomes one-fourth but R remains the same."}, {"question": "A current is flowing through a conductor with non-uniform area of cross-section. Then", "opta": "current will be different at different cross-sections.", "optb": "current will be the same at all the cross-sections.", "optc": "current will be different but current density will be same at all the cross-sections", "optd": "current will be the same but current density will be different at different cross-sections.", "ans": "D", "explanation": "Current density = current/area of cross-section. Same current throughout the conductor. \nSince, area of cross-section is non-uniform, current density will be different at different cross-sections."}, {"question": "A series RL circuit has . If a voltage 4 sint + 4t is applied, the steady state current will be", "opta": "4 sin (4t - 45\u00b0)", "optb": "", "optc": "", "optd": "", "ans": "B", "explanation": "R = 4 &ohm;, L = 1 H, \u03c9 = 4 rad/sec, XL = 4 &ohm;"}, {"question": "The electrical energy required to heat a bucket of water to a certain temperature is 2 kWh. If heat losses, are 25%, the energy input is", "opta": "2.67 kWh", "optb": "3 kWh", "optc": "2.5 kWh", "optd": "3.5 kWh", "ans": "A", "explanation": "Since 25% of input is lost, 0.75 Input = 2 or input ="}, {"question": "The circuit in figure will act as ideal current source with respect to terminals A and B when frequency is", "opta": "0", "optb": "1 rad/sec", "optc": "4 rad/sec", "optd": "16 rad/sec", "ans": "B", "explanation": "When \u03c9 = 4 rad/sec \u03c9L and  are equal."}, {"question": "The current rating of a cable depends on", "opta": "length of cable", "optb": "diameter of cable", "optc": "both length and diameter of cable", "optd": "none of the above", "ans": "B", "explanation": "Current rating depends only on area of cross-section and hence diameter."}, {"question": "In an ac circuit, the maximum and minimum values of power factor can be", "opta": "2 and 0", "optb": "1 and 0", "optc": "0 and -1", "optd": "1 and -1", "ans": "B", "explanation": "Power factor is maximum and equal to 1 for purely resistive load. Power factor is minimum and equal to zero for purely reactive load."}, {"question": "The time constant of the circuit in figure shown.", "opta": "RC", "optb": "", "optc": "", "optd": "", "ans": "B", "explanation": "Time constant  Req.C\nwhen V is shorted and R is seen from C then Req = R || R = R/2 \n."}, {"question": "In the circuit shown in given figure, the values of i(0+) and I(\u221e), will be respectively", "opta": "zero and 1.5 A", "optb": "1.5 A and 3 A", "optc": "3 A and zero", "optd": "3 A and 1.5 A", "ans": "C", "explanation": "I(t) = 6 e-t - 3 e-0.5t\nat t = 0, I(0) = 3A\nat t = \u221e, I(\u221e) = 0."}, {"question": "A two branch parallel circuit has a 20 &ohm; resistance and 1 H inductance in one branch and a 100 \u03bcF capacitor in the second branch. It is fed from 100 V ac supply, at resonance, the input impedance of the circuit is", "opta": "500 &ohm;", "optb": "50 &ohm;", "optc": "20 &ohm;", "optd": "5 &ohm;", "ans": "A", "explanation": "At parallel resonance circuit impedance = ."}, {"question": "The impedance matrices of two, two-port network are given by  and . If these two networks are connected in series, the impedance matrix of the resulting two-port network will be", "opta": "", "optb": "", "optc": "", "optd": "indeterminate", "ans": "B", "explanation": "Impedance matrices will be added."}, {"question": "As compared to the number of network elements in Brune synthesis, the number of network elements Bott-and Duffin in realization is", "opta": "more", "optb": "less", "optc": "equal", "optd": "any of the above", "ans": "A", "explanation": "To avoid mutually coupled inductors, more elements are needed."}, {"question": "A sinusoidal voltage has peak to peak value of 100 V. The rms value is", "opta": "50 V", "optb": "70.7 V", "optc": "35.35 V", "optd": "141.41 V", "ans": "C", "explanation": "Peak value = 50 V, rms value =  = 35.35 V."}, {"question": "A capacitor is needed for an ac circuit of 230 V, 50 Hz the peak voltage rating of the capacitor should be", "opta": "230 V", "optb": "0.5 x 230 V", "optc": "2 x 230V", "optd": "230/2V", "ans": "C", "explanation": "Peak voltage rating = 2 (rms voltage rating)."}, {"question": "The current wave shape shown in figure (1) is applied to a circuit element. The voltage across the element is shown in figure (2). The element is", "opta": "R", "optb": "L", "optc": "C", "optd": "Semiconductor", "ans": "C", "explanation": "When a current pulse is applied to a capacitor the voltage rises linearly and becomes constant at the end of pulse."}, {"question": "In figure, the current supplied by battery immediately after switching on the circuit is", "opta": "1 A", "optb": "4 A", "optc": "10 A", "optd": "0", "ans": "A", "explanation": "At t = 0, inductance behaves as open circuit."}, {"question": "RMS value of i(t) = 10[1 + sin (- t)] is", "opta": "10", "optb": "10/2", "optc": "l50", "optd": "102", "ans": "C", "explanation": "."}]]}