{"test_questions": [[{"question": "To prevent a DC return between source and load, it is necessary to use", "opta": "resistor between source and load", "optb": "inductor between source and load", "optc": "capacitor between source and load", "optd": "either (a) or (b)", "ans": "C", "explanation": "Capacitor offers infinite impedance to DC."}, {"question": "For a base current of 10 \u03bcA, what is the value of collector current in common emitter if \u03b2dc = 100", "opta": "10 \u03bcA", "optb": "100 \u03bcA", "optc": "1 mA", "optd": "10 mA", "ans": "C", "explanation": "IC = 10 x 100 \u03bcA = 1 mA."}, {"question": "Which of the following oscillators is suitable for frequencies in the range of mega hertz?", "opta": "RC phase shift", "optb": "Wien bridge", "optc": "Hartley", "optd": "Both (a) and (c)", "ans": "C", "explanation": "Only LC oscillators are suitable for MHz range."}, {"question": "If the input to the ideal comparator shown in the figure is a sinusoidal signal of 8 V (peak to peak) without any DC component, then the output of the comparator has a duty cycle of", "opta": "1/2", "optb": "1/3", "optc": "1/6", "optd": "1/12", "ans": "B", "explanation": ""}, {"question": "A half wave diode circuit using ideal diode has an input voltage 20 sin \u03c9t volts. Then average and rms values of output voltage are", "opta": "and 10 V", "optb": "and 10 V", "optc": "and 5 V", "optd": "and 5 V", "ans": "B", "explanation": "and VC = 0.5 x 20 = 10 V."}, {"question": "An RC coupled amplifier has an open loop gain of 200 and a lower cutoff frequency of 50 Hz. If negative feedback with \u03b2 = 0.1 is used, the lower cut off frequency will be", "opta": "about 50 Hz", "optb": "about 5 Hz", "optc": "about 2.38 Hz", "optd": "about 70.5 Hz", "ans": "C", "explanation": "New lower cutoff frequency =  ."}, {"question": "In figure v1 = 8 V and v2 = 4 V. Which diode will conduct?", "opta": "D2 only", "optb": "D1 only", "optc": "Both D1 and D2", "optd": "Neither D1 nor D2", "ans": "B", "explanation": "D1 will conduct and the output voltage will be about 7 V. Therefore D2 will be reverse biased and will not conduct."}, {"question": "The load impedance ZL of a CE amplifier has R and L in series. The phase difference between output and input will be", "opta": "180\u00b0", "optb": "0", "optc": "more than 90\u00b0 but less than 180\u00b0", "optd": "more than 180\u00b0 but less than 270\u00b0", "ans": "D", "explanation": "It is 180\u00b0 for purely resistive load and between 180\u00b0 and 270\u00b0 for R-L load."}, {"question": "Gain of the amplifier is 'A'. Then the I/P impedance and O/P impedance of the closed loop amplifier shown below would be", "opta": "", "optb": "", "optc": "", "optd": "", "ans": "B", "explanation": "By using Miller theorem circuit can be redrawn as\n\n."}, {"question": "If an amplifier with gain of - 1000 and feedback factor \u03b2 = - 0.1 had a gain change of 20% due to temperature, the change in gain of the feedback amplifier would be", "opta": "10%", "optb": "5%", "optc": "0.2%", "optd": "0.01%", "ans": "C", "explanation": "As we know, Gain with feedback\n\n\nA = - 1000, \u03b2 = -0.1 ."}, {"question": "In figure The minimum and maximum load currents are", "opta": "0 and 60 mA", "optb": "0 and 120 mA", "optc": "10 mA and 60 mA", "optd": "10 mA and 120 mA", "ans": "B", "explanation": "When RL = \u221e, IL = 0, \nWhen RL = 100 &ohm;,  or 120 mA."}, {"question": "In figure, VEB = 0.6 V, \u03b2 = 99. Then VC and IC are", "opta": "9.3 V and 1.98 mA respectively", "optb": "4.6 V and 1.98 mA respectively", "optc": "9.3 V and 0.02 mA respectively", "optd": "4.6 V and 0.02 mA respectively", "ans": "A", "explanation": "VC = 20 - 1.98 x 10-3 x 5.4 x 103  9.3 V."}, {"question": "The input impedance of op-amp circuit of figure is", "opta": "120 k ohm", "optb": "110 k ohm", "optc": "infinity", "optd": "10 k ohm", "ans": "D", "explanation": "Due to the presence of virtual ground at input, the resistance in the series path of input of inverting amplifier is input impedance."}, {"question": "In a BJT circuit a pnp transistor is replaced by npn transistor. To analyse the new circuit", "opta": "all calculations done earlier have to be repeated", "optb": "replace all calculated voltages by reverse values", "optc": "replace all calculated currents by reverse values", "optd": "replace all calculated voltages and currents by reverse values", "ans": "D", "explanation": "All voltages and currents have reverse polarity."}, {"question": "To protect the diodes in a rectifier and capacitor input filter circuit it is necessary to use", "opta": "surge resistor", "optb": "surge inductor", "optc": "surge capacitor", "optd": "both (a) and (b)", "ans": "A", "explanation": "Resistor reduces surge current."}, {"question": "The output V0 in figure is", "opta": "-100 V", "optb": "-100 mV", "optc": "10 V", "optd": "10 mV", "ans": "B", "explanation": "Input to non-inverting op-amp is -10 x 10-6 x 103 = -10 mV.\nTherefore output =  = -100 mV."}, {"question": "In a CE amplifier the input impedance is equal to the ratio of", "opta": "ac base voltage to ac base current", "optb": "ac base voltage to ac emitter current", "optc": "ac emitter voltage to ac collector current", "optd": "ac collector voltage to ac collector current", "ans": "A", "explanation": "Input is applied to base with emitter grounded. The input impedance is the ratio of ac base voltage to ac base current."}, {"question": "For a system to work, as oscillator the total phase shift of the loop gain must be equal to", "opta": "90\u00b0", "optb": "45\u00b0", "optc": "270\u00b0", "optd": "360\u00b0", "ans": "D", "explanation": "Gain of system with + ve feedback =  for oscillation \nbut V0 \u2260 0\nso, that 1 - AB = 0  AB = 1 \u22200\u00b0 or 360\u00b0."}, {"question": "An amplifier has a large ac input signal. The clipping occurs on both the peaks. The output voltage will be nearly a", "opta": "sine wave", "optb": "square wave", "optc": "triangular wave", "optd": "(a) or (c)", "ans": "B", "explanation": "When a sinusoidal voltage is clipped on both sides it resembles a square wave."}, {"question": "The transistor of following figure in Si diode with a base current of 40 \u03bcA and ICBO = 0, if VBB = 6V, RE = 2 k&ohm; and \u03b2 = 90, IBQ = 20 \u03bcA then RB =", "opta": "200 k&ohm;", "optb": "265 k&ohm;", "optc": "150 k&ohm;", "optd": "100 k&ohm;", "ans": "B", "explanation": "."}, {"question": "In the amplifier circuit of figure hfe = 100 and hie = 1000 &ohm;. The voltage gain of amplifier is about", "opta": "0.33", "optb": "0.5", "optc": "0.66", "optd": "1", "ans": "D", "explanation": "."}, {"question": "The efficiency of a full wave rectifier using centre tapped transformer is twice that in full wave bridge rectifier.", "opta": "True", "optb": "False", "ans": "B", "explanation": "Efficiency of full wave rectifier with centre tapped transformer is slightly higher than that of bridge rectifier."}, {"question": "Assertion (A):  CE amplifier is the most widely used BJT amplifierReason (R):  CE amplifier has zero phase difference between input and output", "opta": "Both A and R are correct and R is correct explanation for A", "optb": "Both A and R are correct but R is not correct explanation for A", "optc": "A is correct R is wrong", "optd": "A is wrong R is correct", "ans": "C", "explanation": "There is 180\u00b0 phase difference between input and output."}, {"question": "Assertion (A):  For large signal variations an amplifier circuit has to be analysed graphicallyReason (R):  The output characteristics of a transistor is nonlinear.", "opta": "Both A and R are correct and R is correct explanation for A", "optb": "Both A and R are correct but R is not correct explanation for A", "optc": "A is correct R is wrong", "optd": "A is wrong R is correct", "ans": "A", "explanation": "Since the characteristics is non-linear, graphical analysis is needed."}, {"question": "Negative feedback reduces noise originating at the amplifier input.", "opta": "True", "optb": "False", "ans": "B", "explanation": "It has no effect on noise originating at amplifier input."}, {"question": "Maximum efficiency of class B power amplifier is 50%.", "opta": "True", "optb": "False", "ans": "B", "explanation": "Maximum efficiency for class B-operation can be 78.5% ."}, {"question": "In figure what is the base current if VBE = 0.7 V", "opta": "10 mA", "optb": "9.3 mA", "optc": "10 \u03bcA", "optd": "9.3 \u03bcA", "ans": "D", "explanation": "."}, {"question": "In figure ID = 4 mA. Then VS =", "opta": "20 V", "optb": "4.4 V", "optc": "0.4 V", "optd": "0.44 V", "ans": "B", "explanation": "VS = ISRS = 4 x 10-3 x 1.1 x 103 = 4.4 V."}, {"question": "The self bias provides", "opta": "stable Q point", "optb": "large voltage gain", "optc": "high input impedance", "optd": "high base current", "ans": "A", "explanation": "Stable Q point is the advantage of self bias circuit."}, {"question": "In figure what is value of IC if \u03b2dc = 100. Neglect VBE", "opta": "5 mA", "optb": "5 \u03bcA", "optc": "10 mA", "optd": "10 \u03bcA", "ans": "C", "explanation": "Since IB = 100 \u03bcA, IC = \u03b2IB = 10 mA."}, {"question": "In figure the saturation collector current is", "opta": "", "optb": "", "optc": "", "optd": "none of the above", "ans": "C", "explanation": "Since IE  IC, ."}, {"question": "Consider the following statements : A clamper circuit adds or subtracts a dc voltage to a waveformdoes not change the waveformamplifiers the waveform Which are correct?", "opta": "1, 2", "optb": "1, 3", "optc": "1, 2, 3", "optd": "2, 3", "ans": "A", "explanation": "Clamper does not amplify the waveform. Hence 1 and 2 are correct."}, {"question": "In figure v1 = 8 V and v2 = 8 V. Which diode will conduct?", "opta": "D1 only", "optb": "D2 only", "optc": "Both D1 and D2", "optd": "Neither D1 nor D2", "ans": "C", "explanation": "Both D1 and D2 are forward biased."}, {"question": "A forward voltage of 9 V is applied to a diode in series with a 1 k&ohm; load resistor. The voltage across load resistor is zero. It indicates that", "opta": "diode is short circuited", "optb": "diode is open circuited", "optc": "resistor is open circuited", "optd": "diode is either short circuited or open circuited", "ans": "B", "explanation": "Since load voltage is zero, the current is zero and diode is open-circuited. If load was open-circuited, load voltage would be about 9 V."}, {"question": "Which power amplifier can deliver maximum load power?", "opta": "Class A", "optb": "Class AB", "optc": "Class B", "optd": "Class C", "ans": "D", "explanation": "Since efficiency of class C operation is high, maximum load power is delivered."}, {"question": "A CB amplifier has re = 6 &ohm;, RL = 600 &ohm; and a = 0.98. The voltage gain is", "opta": "100", "optb": "600 x 0.98", "optc": "98", "optd": "6", "ans": "C", "explanation": ""}, {"question": "A bridge rectifier circuit has input of 50 Hz frequency. The load resistance is RL and filter capacitance is C. For good output wave shape, the time constant RLC should be at least equal to", "opta": "10 ms", "optb": "20 ms", "optc": "50 ms", "optd": "100 ms", "ans": "D", "explanation": "Time constant RLC must be about 5 x 20 ms."}, {"question": "Si transistor of following figure has a = 0.9 and ICE= 0, VEE = 5 V and VCC = 13 V, then RE will be if IEQ = 1 mA", "opta": "3 k&ohm;", "optb": "4 k&ohm;", "optc": "5 k&ohm;", "optd": "4.3 k&ohm;", "ans": "D", "explanation": ""}, {"question": "In class C operation of an amplifier circuit, the collector current exists for", "opta": "360\u00b0 of input wave", "optb": "180\u00b0 of input wave", "optc": "more than 180\u00b0 of input wave", "optd": "less than 180\u00b0 of input wave", "ans": "D", "explanation": "In class C operation output is in the form of short duration pulses."}, {"question": "The 'h' parameters of the circuit shown in the figure are hib = 25 &ohm;, hfb = 0.999 and hob = 10-6&ohm; The Voltage gain is", "opta": "0.99", "optb": "1.98", "optc": "2.0", "optd": "4", "ans": "D", "explanation": "Zi = 25 + 10-6 x 0.99 x 104  25\n."}, {"question": "An exponential amplifier has diode in feedback path.", "opta": "True", "optb": "False", "ans": "B", "explanation": "It has resistance in feedback path."}, {"question": "DC amplifiers have a tendency to be unstable.", "opta": "True", "optb": "False", "ans": "A", "explanation": "Due to drift."}, {"question": "A half wave diode rectifier has a capacitance input filter. If input voltage is Vm sin \u03c9t, PIV is", "opta": "Vm", "optb": "2 Vm", "optc": "3 Vm", "optd": "4 Vm", "ans": "B", "explanation": "Because capacitor charge is retained."}, {"question": "An amplifier with loop gain A\u03b2 will be more stable for value of A\u03b2 as", "opta": "0.95", "optb": "0.7", "optc": "1.2", "optd": "1.5", "ans": "B", "explanation": "A feedback amplifier is stable if loop gain is less than unity. More less, more stable, hence \u03b2 will be more stable."}, {"question": "Study the circuit of figure and examine the following statements It is an active low pass finer.It is a second order filter.The change in gain is 40 dB/decade. Which of the above statements are correct?", "opta": "1, 2 and 3", "optb": "1 and 2", "optc": "1 and 3", "optd": "2 and 3", "ans": "A", "explanation": "The circuit is a second order active low pass filter for which gain is 40 dB/decade."}, {"question": "In a circuit of figure, Vs = 10 cos(\u03c9t) power drawn by the 2&ohm; resistor is 4 watts. The power factor is", "opta": "0.3", "optb": "0.4", "optc": "0.6", "optd": "none", "ans": "C", "explanation": "Vs = 10 cos \u03c9t, \nLet I be the current, then P = I2 R \nI is the rms current.\n Prms =  I2 R  4  I2 = 4  I = 2A.\nTotal power drawn =  Vm Im cos \u03b8\n  10 x 2 cos \u03b8 = 10 cos \u03b8\nTotal power cannot be determine until value of R = 12 &ohm; is given."}, {"question": "The quiescent collector current IC, and collector to emitter voltage VCE in a CE connection are the values when", "opta": "ac signal is zero", "optb": "ac signal is low", "optc": "ac signal is negative", "optd": "either (a) or (b)", "ans": "A", "explanation": "Quiescent-operation means operation when ac signal is not applied."}, {"question": "In the op-amp circuit of figure, V0 =", "opta": "Vi", "optb": "3 Vi", "optc": "5 Vi", "optd": "0.5 Vi", "ans": "C", "explanation": "."}, {"question": "Figure shows the self bias circuit for CE amplifier and its equivalent circuit. VBB and RB respectively are", "opta": "10 V and 4 k ohm", "optb": "5 V and 4 k ohm", "optc": "2 V and 4 k ohm", "optd": "2 V and 10 k ohm", "ans": "C", "explanation": "."}]]}