{"test_questions": [[{"question": "Who is the father of Geometry?", "opta": "Aristotle", "optb": "Euclid", "optc": "Pythagoras", "optd": "Kepler", "ans": "B", "explanation": "No answer description available for this question. Let us discuss."}, {"question": "What is common between Kutty, Shankar, Laxman and Sudhir Dar?", "opta": "Film Direction", "optb": "Drawing Cartoons", "optc": "Instrumental Music", "optd": "Classical Dance", "ans": "B", "explanation": "No answer description available for this question. Let us discuss."}, {"question": "Who was known as Iron man of India?", "opta": "Govind Ballabh Pant", "optb": "Jawaharlal Nehru", "optc": "Subhash Chandra Bose", "optd": "Sardar Vallabhbhai Patel", "ans": "D", "explanation": "No answer description available for this question. Let us discuss."}, {"question": "The Indian to beat the computers in mathematical wizardry is", "opta": "Ramanujam", "optb": "Rina Panigrahi", "optc": "Raja Ramanna", "optd": "Shakunthala Devi", "ans": "D", "explanation": "No answer description available for this question. Let us discuss."}, {"question": "Jude Felix is a famous Indian player in which of the fields?", "opta": "Volleyball", "optb": "Tennis", "optc": "Football", "optd": "Hockey", "ans": "D", "explanation": "No answer description available for this question. Let us discuss."}, {"question": "Who among the following was an eminent painter?", "opta": "Sarada Ukil", "optb": "Uday Shanker", "optc": "V. Shantaram", "optd": "Meherally", "ans": "A", "explanation": "No answer description available for this question. Let us discuss."}, {"question": "Professor Amartya Sen is famous in which of the fields?", "opta": "Biochemistry", "optb": "Electronics", "optc": "Economics", "optd": "Geology", "ans": "C", "explanation": "No answer description available for this question. Let us discuss."}, {"question": "Which of the following was Satyajit Ray associated with?", "opta": "Classical music", "optb": "Commercial art", "optc": "Film Direction", "optd": "Classical dance", "ans": "C", "explanation": "No answer description available for this question. Let us discuss."}, {"question": "Dr. Joon Lew of korea, the recipient of international Gandhi Award is known for his service in the?", "opta": "Eradication of leprosy", "optb": "Campaigning against AIDS", "optc": "Against Drugs", "optd": "Against child labour", "ans": "A", "explanation": "No answer description available for this question. Let us discuss."}, {"question": "Amjad Ali Khan is associated with which of the following musical instruments?", "opta": "Sarod", "optb": "Veena", "optc": "Violin", "optd": "Sitar", "ans": "A", "explanation": "No answer description available for this question. Let us discuss."}, {"question": "Guru Gopi Krishna was a maestro of which of the following dance forma?", "opta": "Kuchipudi", "optb": "Kathak", "optc": "Manipuri", "optd": "Bahratanatyam", "ans": "B", "explanation": "No answer description available for this question. Let us discuss."}, {"question": "Ms. Bachendri Pal had undertaken a unique expedition for focusing attention on which of these?", "opta": "One Nation one Family", "optb": "The Girl Child", "optc": "National Integration", "optd": "Sprit of Adventure", "ans": "D", "explanation": "No answer description available for this question. Let us discuss."}, {"question": "Which of the following fields A. Nageshwara Rao is associated with?", "opta": "Sports", "optb": "Literature", "optc": "Motion Pictures", "optd": "Politics", "ans": "C", "explanation": "No answer description available for this question. Let us discuss."}, {"question": "Jamini Roy was a famous?", "opta": "Producer", "optb": "Painter", "optc": "Dancer", "optd": "Actor", "ans": "B", "explanation": "No answer description available for this question. Let us discuss."}, {"question": "In which field 'Aachan Maharaj' has distinguished himself?", "opta": "Painting", "optb": "Drama", "optc": "Dance", "optd": "Vocal Music", "ans": "C", "explanation": "No answer description available for this question. Let us discuss."}, {"question": "The name of Pierre Cardin is associated with which of the following fields?", "opta": "Painting", "optb": "Films", "optc": "Pop Music", "optd": "Fashion Designing", "ans": "D", "explanation": "No answer description available for this question. Let us discuss."}, {"question": "Who is well known collector of artefacts and curios?", "opta": "Wadeyar", "optb": "Salar Jung", "optc": "Rabindranath Tagore", "optd": "Motilal Nehru", "ans": "C", "explanation": "No answer description available for this question. Let us discuss."}, {"question": "Ms. Vijaya Mehta has earned distinction in which of the field?", "opta": "Theatre", "optb": "Film Direction", "optc": "Classical Dance", "optd": "Journalism", "ans": "A", "explanation": "No answer description available for this question. Let us discuss."}, {"question": "Dr. M. S. Swaminathan has distinguished himself in which of the following fields?", "opta": "Agriculture", "optb": "Medicine", "optc": "Astrophysics", "optd": "Physics", "ans": "A", "explanation": "No answer description available for this question. Let us discuss."}, {"question": "Satyen Bose has shown his excellence in which of the following fields?", "opta": "Stage Acting", "optb": "Drawing and Painting", "optc": "Classical Dance", "optd": "Motion Picture", "ans": "D", "explanation": "Satyen Bose (22 January 1916 - 9 June 1993) was a film director from India. He has directed both Bengali and Hindi films. Among his most notable films are: Raat Aur Din, Chalti Ka Naam Gaadi, Dosti and Jagriti. Jagriti won the Filmfare Best Movie Award in 1956 and Dosti won same award in 1964."}, {"question": "Charles Correa has distinguished himself in which of the following fields?", "opta": "Painting", "optb": "Ballet", "optc": "Architecture", "optd": "Western Music", "ans": "C", "explanation": "No answer description available for this question. Let us discuss."}, {"question": "Who declared that his ultimate aim was to wipe 'every tear from every eye'?", "opta": "Rajendra Prasad", "optb": "Sardar Patel", "optc": "Jawaharlal Nehru", "optd": "Mahatma Gandhi", "ans": "C", "explanation": "No answer description available for this question. Let us discuss."}, {"question": "Ashok Pandit is known for his outstanding performance in which field?", "opta": "Wrestling", "optb": "Kabaddi", "optc": "Shooting", "optd": "Swimming", "ans": "C", "explanation": "No answer description available for this question. Let us discuss."}, {"question": "Who among the following is a social activist campaigning against child labour?", "opta": "Baba Amte", "optb": "Shabana Amzi", "optc": "Mira Nair", "optd": "Swami Agnivesh", "ans": "D", "explanation": "No answer description available for this question. Let us discuss."}, {"question": "Pandit K. G. Ginde, was well known for his contribution in the field of?", "opta": "Music", "optb": "Sanskrit", "optc": "Dance", "optd": "Ayurveda", "ans": "A", "explanation": "No answer description available for this question. Let us discuss."}, {"question": "Who fits with this description 'Indian Cotton merchant, Banker, Congressman, a close associate of Mahatma Gandhi'?", "opta": "M. R. Jayakar", "optb": "V. S. Sastri", "optc": "G. D. Birla", "optd": "Jamanlal Bajaj", "ans": "C", "explanation": "No answer description available for this question. Let us discuss."}, {"question": "Pandit Jasraj has established his reputation in which of the following fields?", "opta": "Music", "optb": "Literature", "optc": "Sanskrit", "optd": "Dance", "ans": "A", "explanation": "No answer description available for this question. Let us discuss."}, {"question": "Ustad Nisar hussain Khan earned distinction in which of the following fields?", "opta": "Vocal Music", "optb": "Instrumental music", "optc": "Acting", "optd": "Classical dance", "ans": "A", "explanation": "No answer description available for this question. Let us discuss."}, {"question": "R. K. Laxman is a renowned", "opta": "Dance master", "optb": "Writer", "optc": "Cartoonist", "optd": "Journalist", "ans": "C", "explanation": "No answer description available for this question. Let us discuss."}, {"question": "Dr. Amiya Chakravarthy is known for his", "opta": "work in the Chipko movement", "optb": "composing music for Ray's films", "optc": "being literary Secretary to R. N. Tagore", "optd": "patenting a living organism", "ans": "C", "explanation": "No answer description available for this question. Let us discuss."}, {"question": "The first woman in space was", "opta": "Valentina Tereshkova", "optb": "Sally Ride", "optc": "Naidia Comenci", "optd": "Tamara Press", "ans": "A", "explanation": "Valentina Vladimirovna Tereshkova is a retired Soviet cosmonaut and the first woman to have flown in space, having been selected from more than four hundred applicants and five finalists to pilot Vostok 6 on 16 June 1963."}, {"question": "Mr. Sham Lal has done commendable work in the field of?", "opta": "Journalism", "optb": "Politics", "optc": "Socail Service", "optd": "Trade Unionism", "ans": "A", "explanation": "No answer description available for this question. Let us discuss."}, {"question": "Ali Akbar plays which of the following musical instruments?", "opta": "Flute", "optb": "Tabla", "optc": "Sitar", "optd": "Sarod", "ans": "D", "explanation": "No answer description available for this question. Let us discuss."}, {"question": "Professor Malcolm Adiseshaih had earned worldwide distinction in which of the fields?", "opta": "Literature", "optb": "Defence", "optc": "Economics", "optd": "Medicine", "ans": "C", "explanation": "No answer description available for this question. Let us discuss."}, {"question": "Samantha Fox is associated with", "opta": "Politics", "optb": "Pop music", "optc": "Journalism", "optd": "Sports", "ans": "B", "explanation": "No answer description available for this question. Let us discuss."}, {"question": "Greta Garbo is associated with", "opta": "Classical dance", "optb": "Literature", "optc": "Journalism", "optd": "Acting", "ans": "D", "explanation": "No answer description available for this question. Let us discuss."}, {"question": "Who is the Flying Sikh of India?", "opta": "Mohinder Singh", "optb": "Joginder Singh", "optc": "Ajit Pal Singh", "optd": "Milkha singh", "ans": "D", "explanation": "No answer description available for this question. Let us discuss."}, {"question": "Ben kingsley is associated with which of the following fields?", "opta": "Politics", "optb": "Social Service", "optc": "Sports", "optd": "Motion Pictures", "ans": "D", "explanation": "No answer description available for this question. Let us discuss."}, {"question": "In which of the following dance forms 'Guru Kelucharan Mohapatra' is associated with?", "opta": "Odissi", "optb": "Bharathanatiyam", "optc": "Kathak", "optd": "Kathakali", "ans": "A", "explanation": "Guru Kelucharan Mohapatra (January 26, 1924 - April 7, 2004) was an Indian classical dancer, guru and proponent of Odissi dance, who is credited for the revival of the classical dance form in the 20th century."}, {"question": "Bismillah Khan was associated with?", "opta": "Sarod", "optb": "Shehnai", "optc": "Flute", "optd": "Tabla", "ans": "B", "explanation": "No answer description available for this question. Let us discuss."}, {"question": "Who among the following is not a dramatist?", "opta": "Girish R. Karnad", "optb": "Badal Sircar", "optc": "Jayanta Mahapatra", "optd": "Vijay Tendulkar", "ans": "C", "explanation": "No answer description available for this question. Let us discuss."}, {"question": "Who headed the committee on 'computerisation' in Indian Banks(1988)?", "opta": "C. Rangarajan", "optb": "R.N. Malhotra", "optc": "S. Venkitramanan", "optd": "M.Narasimhan", "ans": "A", "explanation": "No answer description available for this question. Let us discuss."}, {"question": "Who is the famous Sarod player?", "opta": "Hari Prasad", "optb": "Zakir Hussain", "optc": "Ram Narain", "optd": "Amjad Ali Khan", "ans": "D", "explanation": "No answer description available for this question. Let us discuss."}, {"question": "Sanjay Dutt, a noted film actor was held under", "opta": "TADA", "optb": "Narcotics Act", "optc": "Act 302", "optd": "Anti - Defection Act", "ans": "A", "explanation": "No answer description available for this question. Let us discuss."}, {"question": "Shovna Narayan is a reputed personality in which of the following fields?", "opta": "Classical dance", "optb": "Literature", "optc": "Journalism", "optd": "Classical music", "ans": "A", "explanation": "No answer description available for this question. Let us discuss."}, {"question": "Hari Prasad Chaurasia is a renowned player of", "opta": "Sitar", "optb": "Flute", "optc": "Sarod", "optd": "Tabla", "ans": "B", "explanation": "No answer description available for this question. Let us discuss."}, {"question": "Graham Green was associated with which of the fields?", "opta": "Science", "optb": "Music", "optc": "Painting", "optd": "Literature", "ans": "D", "explanation": "No answer description available for this question. Let us discuss."}, {"question": "Dr. V. Kurien is famous in the field of ?", "opta": "Atomic Power", "optb": "poultry farms", "optc": "Dairy development", "optd": "Economic Reforms", "ans": "C", "explanation": "No answer description available for this question. Let us discuss."}, {"question": "Which of the following pairs of artists and their areas of specialization is not correct?", "opta": "Pt. Ravi Shankar - Sitar", "optb": "M. S. Subbulakshmi - Dance", "optc": "Hari Prasad Chaurasia - Flute", "optd": "Ustad Zakir Hussain Khan - Tabla", "ans": "B", "explanation": "No answer description available for this question. Let us discuss."}, {"question": "Miss Universe 1994, Ms. Sushmita Sen hails from which of the following cities?", "opta": "Mumbai", "optb": "Chandigarh", "optc": "New Delhi", "optd": "Bangalore", "ans": "C", "explanation": "No answer description available for this question. Let us discuss."}, {"question": "Who is Tania Sachdev?", "opta": "Chess player", "optb": "Cricketer", "optc": "Actress", "optd": "Dancer", "ans": "A", "explanation": "No answer description available for this question. Let us discuss."}, {"question": "Limba Ram is associated in which fields?", "opta": "Sports", "optb": "Politics", "optc": "Social Service", "optd": "Motion Picture", "ans": "A", "explanation": "No answer description available for this question. Let us discuss."}, {"question": "Ms. Meera Sahib Fathima Beevi is distinguished as the first lady", "opta": "Prime minister of Bangladesh", "optb": "Judge of Supreme Court", "optc": "Judge of the High court", "optd": "Governor of a state", "ans": "B", "explanation": "No answer description available for this question. Let us discuss."}, {"question": "Who is the creator of the Rock Garden in Chandigarh?", "opta": "Pupal Jayakar", "optb": "Le Corbousier", "optc": "Glen", "optd": "Nek Chand", "ans": "D", "explanation": "No answer description available for this question. Let us discuss."}, {"question": "Hitendra Desai was famous in the which field?", "opta": "Social Service", "optb": "Journalism", "optc": "Politics", "optd": "Literature", "ans": "C", "explanation": "No answer description available for this question. Let us discuss."}, {"question": "Naina Devi, was associated with field of?", "opta": "Social Service", "optb": "Stage acting", "optc": "Classical dance", "optd": "Vocal music", "ans": "D", "explanation": "No answer description available for this question. Let us discuss."}, {"question": "Who is known as 'Trimurthy of Carnatic Music'?", "opta": "Muthuswami Dikshitar", "optb": "Purandardasa", "optc": "Swami Thirunal", "optd": "None of these", "ans": "A", "explanation": "Three great saint composers - Thyagaraja, Muthuswami Dikshitar and Shyama Sastri are known as the 'Trimurti' of Carnatic music. They were not only contemporaries during the later half of the 18th century and the beginning of the 19th century, but were also, incredibly, born in the same town of Thiruvarur in the Thanjavur district of Tamil Nadu."}, {"question": "Gangubai hangal is the name associated with", "opta": "Literature", "optb": "Music", "optc": "Journalism", "optd": "Environment", "ans": "B", "explanation": "No answer description available for this question. Let us discuss."}, {"question": "Who is known as the 'Lady with the Lamp'?", "opta": "Florence Nightingale", "optb": "Sarojini Naidu", "optc": "Indira Gandhi", "optd": "Joan of Arc", "ans": "A", "explanation": "No answer description available for this question. Let us discuss."}, {"question": "Girilal Jain was a noted figure in which of the following fields?", "opta": "Social Service", "optb": "Journalism", "optc": "Literature", "optd": "Politics", "ans": "B", "explanation": "No answer description available for this question. Let us discuss."}, {"question": "Who is Larry Pressler?", "opta": "Politician", "optb": "Painter", "optc": "Actor", "optd": "Tennis player", "ans": "A", "explanation": "No answer description available for this question. Let us discuss."}, {"question": "Pandit Vishwa Mohan Bhatt, who has won the prestigious 'Grammy Awards' is an exponent in which of the following musical instruments?", "opta": "Guitar", "optb": "Violin", "optc": "sarod", "optd": "Tabla", "ans": "A", "explanation": "No answer description available for this question. Let us discuss."}, {"question": "Raja Ravi Verma, was famous in which of the fields?", "opta": "Painting", "optb": "Politics", "optc": "Dance", "optd": "Music", "ans": "A", "explanation": "No answer description available for this question. Let us discuss."}, {"question": "Who is known as 'Desert Fox'?", "opta": "Bismarck", "optb": "Eisenhower", "optc": "Gen. Rommel", "optd": "Walter Scott", "ans": "C", "explanation": "No answer description available for this question. Let us discuss."}, {"question": "The title of 'sparrow' given to", "opta": "Napoleon", "optb": "Major General Rajinder Singh", "optc": "T. T. Krishnamachari", "optd": "Sardar Patel", "ans": "B", "explanation": "No answer description available for this question. Let us discuss."}, {"question": "Who headed the first scientific group to leave for Antarctica in 1982?", "opta": "Dr. D.R. Sengupta", "optb": "Dr. S.Z. Kasim", "optc": "Dr. V. K. Raina", "optd": "Dr. H. K. Gupta", "ans": "B", "explanation": "No answer description available for this question. Let us discuss."}, {"question": "Which among the famous danseuses is not an exponent of the Odissi dance style?", "opta": "Sanjukta Panigrahi", "optb": "Madhavi Mudgal", "optc": "Sonal Man Singh", "optd": "Yamini Krishnamurthy", "ans": "D", "explanation": "No answer description available for this question. Let us discuss."}, {"question": "Michael Jackson is a distinguished person in the field of?", "opta": "Pop Music", "optb": "Jounalism", "optc": "Sports", "optd": "Acting", "ans": "A", "explanation": "No answer description available for this question. Let us discuss."}, {"question": "Ms Kim Campbell is the first woman Prime Minister of", "opta": "Portugal", "optb": "Canada", "optc": "Switzerland", "optd": "Congo", "ans": "B", "explanation": "No answer description available for this question. Let us discuss."}, {"question": "The first Indian to swim across English channel was", "opta": "V. Merchant", "optb": "P. K. Banerji", "optc": "Mihir Sen", "optd": "Arati Saha", "ans": "C", "explanation": "No answer description available for this question. Let us discuss."}, {"question": "Who is known as 'Indian Bismarck'?", "opta": "Kamaraj", "optb": "Sardar Vallabhbhai Patel", "optc": "Nehru", "optd": "Rajaji", "ans": "B", "explanation": "No answer description available for this question. Let us discuss."}]]}