{"test_questions": [[{"question": "The Centre for Cellular and Molecular Biology is situated at", "opta": "Patna", "optb": "Jaipur", "optc": "Hyderabad", "optd": "New Delhi", "ans": "C", "explanation": "No answer description available for this question. Let us discuss."}, {"question": "Where is the Railway Staff College located?", "opta": "Pune", "optb": "Allahabad", "optc": "Vadodara", "optd": "Delhi", "ans": "C", "explanation": "No answer description available for this question. Let us discuss."}, {"question": "The famous Dilwara Temples are situated in", "opta": "Uttar Pradesh", "optb": "Rajasthan", "optc": "Maharashtra", "optd": "Madhya Pradesh", "ans": "B", "explanation": "No answer description available for this question. Let us discuss."}, {"question": "Wadia Institute of Himalayan Geology is located at", "opta": "Delhi", "optb": "Shimla", "optc": "Dehradun", "optd": "Kulu", "ans": "C", "explanation": "No answer description available for this question. Let us discuss."}, {"question": "Bijapur is known for its", "opta": "severe drought condition", "optb": "Gol Gumbaz", "optc": "heavy rainfall", "optd": "statue of Gomateswara", "ans": "B", "explanation": "No answer description available for this question. Let us discuss."}, {"question": "The headquarters of the National Power Training institute is located in", "opta": "Pune", "optb": "Bhopal", "optc": "Faridabad", "optd": "Lucknow", "ans": "C", "explanation": "No answer description available for this question. Let us discuss."}, {"question": "The Dr. Babasaheb Ambedkar Marathwada University is at which of the following places?", "opta": "Aurangabad", "optb": "Nanded", "optc": "Parbhani", "optd": "Nagpur", "ans": "A", "explanation": "No answer description available for this question. Let us discuss."}, {"question": "The Indian Institute of Science is located at", "opta": "Kerala", "optb": "Madras", "optc": "Bangalore", "optd": "New Delhi", "ans": "C", "explanation": "No answer description available for this question. Let us discuss."}, {"question": "'Bagh', a village in Gwalior is famous for", "opta": "Sculptures", "optb": "Architecture", "optc": "Cave Painting", "optd": "All of the above", "ans": "C", "explanation": "No answer description available for this question. Let us discuss."}, {"question": "Which city is known as 'Electronic City of India'?", "opta": "Mumbai", "optb": "Hyderabad", "optc": "Guragon", "optd": "Bangalore", "ans": "D", "explanation": "No answer description available for this question. Let us discuss."}, {"question": "Indian School of Mines is located in", "opta": "Dhanbad", "optb": "Asansol", "optc": "Tatanagar", "optd": "Rourkela", "ans": "A", "explanation": "No answer description available for this question. Let us discuss."}, {"question": "Which of the following place is famous for its gigantic rock-cut statue of Buddha?", "opta": "Bamiyan", "optb": "Borobudur", "optc": "Anuradhapuram", "optd": "Angor Vat", "ans": "A", "explanation": "No answer description available for this question. Let us discuss."}, {"question": "Siachen is a", "opta": "desert frontier zone between India and Pakistan", "optb": "frontier zone between China and India", "optc": "frontier zone between India and Myanmar", "optd": "glacier frontier zone between India and Pakistan", "ans": "D", "explanation": "No answer description available for this question. Let us discuss."}, {"question": "Golden Temple is situated in", "opta": "New Delhi", "optb": "Agra", "optc": "Amritsar", "optd": "Mumbai", "ans": "C", "explanation": "Golden Temple is located in the holy city of Amritsar in the state of Punjab, India."}, {"question": "Where is the headquarters of Oil and Natural Gas Commission?", "opta": "Dehradun", "optb": "Vadodara", "optc": "Digboi", "optd": "Mumbai", "ans": "A", "explanation": "No answer description available for this question. Let us discuss."}, {"question": "'Vijay Stambha' is situated in", "opta": "Jaipur", "optb": "Agra", "optc": "Delhi", "optd": "Chittor", "ans": "D", "explanation": "No answer description available for this question. Let us discuss."}, {"question": "The 'Char Minar' is in", "opta": "Ahmedabad", "optb": "Hyderabad", "optc": "Delhi", "optd": "Sikri", "ans": "B", "explanation": "No answer description available for this question. Let us discuss."}, {"question": "Where is the National Institute of Virology situated?", "opta": "Pune", "optb": "Delhi", "optc": "Kolkata", "optd": "Madras", "ans": "A", "explanation": "No answer description available for this question. Let us discuss."}, {"question": "The 'satellite freight city' is being developed near which of the following cities?", "opta": "New Delhi", "optb": "Orissa", "optc": "Gurgaon", "optd": "Kolkata", "ans": "C", "explanation": "No answer description available for this question. Let us discuss."}, {"question": "Central Arid Zone Research Institute is located in", "opta": "Bihar", "optb": "Gujarat", "optc": "Rajasthan", "optd": "Madhya Pradesh", "ans": "C", "explanation": "No answer description available for this question. Let us discuss."}, {"question": "National Institute of Nutrition is located in which of the following place?", "opta": "Bangalore", "optb": "Kerala", "optc": "Gandhinagar", "optd": "Hyderabad", "ans": "D", "explanation": "No answer description available for this question. Let us discuss."}, {"question": "National Institute of Aeronautical Engineering is located at", "opta": "Dehradun", "optb": "Lucknow", "optc": "Bangalore", "optd": "Delhi", "ans": "D", "explanation": "No answer description available for this question. Let us discuss."}, {"question": "The world famous 'Khajuraho' sculptures are located in", "opta": "Gujarat", "optb": "Madhya Pradesh", "optc": "Orissa", "optd": "Maharashtra", "ans": "B", "explanation": "The Khajuraho Group of Monuments in Khajuraho, a town in the Indian state of Madhya Pradesh, located in Chhatarpur District, about 620 kilometres (385 mi) southeast of New Delhi, are one of the most popular tourist destinations in India."}, {"question": "'Kandla' is situated on the Gulf of Kachh is well known for which of the following?", "opta": "Export Processing Zone", "optb": "Centre for Marine Food products", "optc": "Cutting and Polishing of diamonds", "optd": "Ship breaking industry", "ans": "A", "explanation": "No answer description available for this question. Let us discuss."}, {"question": "National Police Academy is located at", "opta": "Bangalore", "optb": "Hyderabad", "optc": "Abu Road", "optd": "Dehradun", "ans": "B", "explanation": "No answer description available for this question. Let us discuss."}, {"question": "National Archives is located at?", "opta": "Calcutta", "optb": "Dehradun", "optc": "Bombay", "optd": "New Delhi", "ans": "D", "explanation": "No answer description available for this question. Let us discuss."}, {"question": "Which is known as 'Garden City of India'?", "opta": "Trivandram", "optb": "Imphal", "optc": "Simla", "optd": "Bangalore", "ans": "D", "explanation": "No answer description available for this question. Let us discuss."}, {"question": "The Central Rice Research institute is located at", "opta": "Rajamundry", "optb": "Madra", "optc": "Cuttack", "optd": "Cochin", "ans": "C", "explanation": "No answer description available for this question. Let us discuss."}, {"question": "Where is the 'National Remote Sensing Agency' situated?", "opta": "Shadnagar", "optb": "Bangalore", "optc": "Chennai", "optd": "Dehradun", "ans": "A", "explanation": "No answer description available for this question. Let us discuss."}, {"question": "Badrinath is situated on the bank of river", "opta": "Ganga", "optb": "Yamuna", "optc": "Alaknanda", "optd": "Saraswathi", "ans": "C", "explanation": "No answer description available for this question. Let us discuss."}, {"question": "Indian Cancer Research institute is located at", "opta": "New Delhi", "optb": "Calcutta", "optc": "Chennai", "optd": "Mumbai", "ans": "D", "explanation": "No answer description available for this question. Let us discuss."}, {"question": "Central Drug Research Institute is located at", "opta": "Trissur", "optb": "Nagpur", "optc": "Mysore", "optd": "Lucknow", "ans": "D", "explanation": "No answer description available for this question. Let us discuss."}, {"question": "Ajanta-Ellora caves are situated near", "opta": "Ajmer", "optb": "Jaipur", "optc": "Patna", "optd": "Aurangabad", "ans": "D", "explanation": "No answer description available for this question. Let us discuss."}, {"question": "National School of Mines is located in ?", "opta": "Dhanbad", "optb": "Kavalpur", "optc": "Udaipur", "optd": "Hyderabad", "ans": "A", "explanation": "No answer description available for this question. Let us discuss."}, {"question": "Sun Temple is situated at?", "opta": "Konark", "optb": "Bangalore", "optc": "Haridwar", "optd": "Kerala", "ans": "A", "explanation": "No answer description available for this question. Let us discuss."}, {"question": "The 'Golconda Fort' is in which state?", "opta": "Telangana", "optb": "Uttar Pradesh", "optc": "Bihar", "optd": "Karnataka", "ans": "A", "explanation": "No answer description available for this question. Let us discuss."}, {"question": "Under Mother Teresa's guidance, the Missionaries of Charit built near Asansol, a lep er  colony is called", "opta": "Peace City", "optb": "Sahara", "optc": "Shanti Nagar", "optd": "SOS", "ans": "C", "explanation": "No answer description available for this question. Let us discuss."}, {"question": "'Kanchipuram' is in which of the following states?", "opta": "Andhra Pradesh", "optb": "Orissa", "optc": "Kerala", "optd": "Tamil Nadu", "ans": "D", "explanation": "No answer description available for this question. Let us discuss."}, {"question": "The famous Meenakshi temple is located in", "opta": "Bihar", "optb": "Madurai", "optc": "Madras", "optd": "Trichy", "ans": "B", "explanation": "No answer description available for this question. Let us discuss."}, {"question": "'Tin Bhiga' lease by India to Bangladesh, was a part of", "opta": "West Bengal", "optb": "Assam", "optc": "Meghalaya", "optd": "Tripura", "ans": "A", "explanation": "No answer description available for this question. Let us discuss."}, {"question": "Vikram Sarabhai Space Centre is located at", "opta": "Pune", "optb": "Ahmedabad", "optc": "Sriharikota", "optd": "Thiruvananthapuram", "ans": "D", "explanation": "No answer description available for this question. Let us discuss."}, {"question": "'Mandi House' is a", "opta": "the office of the P.M.", "optb": "the office of Director General of Doordarshan", "optc": "the office of NFDC", "optd": "the Doordarshan C.P.C", "ans": "B", "explanation": "No answer description available for this question. Let us discuss."}, {"question": "The National Institute of Community Development is located at", "opta": "Chennai", "optb": "Pant Nagar", "optc": "Hyderabad", "optd": "Bangalore", "ans": "C", "explanation": "No answer description available for this question. Let us discuss."}, {"question": "The famous Rock Garden is located in which city?", "opta": "Jaipur", "optb": "Lucknow", "optc": "Simla", "optd": "Chandigarh", "ans": "D", "explanation": "No answer description available for this question. Let us discuss."}, {"question": "Sanchi Stupa is located near", "opta": "Gaya", "optb": "Bhopal", "optc": "Varanasi", "optd": "Bijapur", "ans": "B", "explanation": "No answer description available for this question. Let us discuss."}, {"question": "National Science Centre is located at", "opta": "Bangalore", "optb": "Bombay", "optc": "Kolkata", "optd": "Delhi", "ans": "D", "explanation": "No answer description available for this question. Let us discuss."}, {"question": "Central Road Research Institute is in", "opta": "Delhi", "optb": "Bangalore", "optc": "Roorkee", "optd": "Hyderabad", "ans": "A", "explanation": "No answer description available for this question. Let us discuss."}, {"question": "The world famous Ajanta caves are situated in", "opta": "Orissa", "optb": "Andhra Pradesh", "optc": "Kerala", "optd": "Maharashtra", "ans": "D", "explanation": "No answer description available for this question. Let us discuss."}, {"question": "Where is Chitrakut situated?", "opta": "Maharashtra", "optb": "Uttar Pradesh", "optc": "Bihar", "optd": "Madhya Pradesh", "ans": "B", "explanation": "No answer description available for this question. Let us discuss."}, {"question": "Which city is called 'White City' of Rajasthan?", "opta": "Bihar", "optb": "Jaipur", "optc": "Udaipur", "optd": "Jodhpur", "ans": "C", "explanation": "No answer description available for this question. Let us discuss."}]]}