{"test_questions": [[{"question": "The nucleus of an atom consists of", "opta": "electrons and neutrons", "optb": "electrons and protons", "optc": "protons and neutrons", "optd": "All of the above", "ans": "C", "explanation": "No answer description available for this question. Let us discuss."}, {"question": "The number of moles of solute present in 1 kg of a solvent is called its", "opta": "molality", "optb": "molarity", "optc": "normality", "optd": "formality", "ans": "A", "explanation": "No answer description available for this question. Let us discuss."}, {"question": "The most electronegative element among the following is", "opta": "sodium", "optb": "bromine", "optc": "fluorine", "optd": "oxygen", "ans": "C", "explanation": "No answer description available for this question. Let us discuss."}, {"question": "The metal used to recover copper from a solution of copper sulphate is", "opta": "Na", "optb": "Ag", "optc": "Hg", "optd": "Fe", "ans": "D", "explanation": "No answer description available for this question. Let us discuss."}, {"question": "The number of d-electrons in Fe2+ (Z = 26) is not equal to that of", "opta": "p-electrons in Ne(Z = 10)", "optb": "s-electrons in Mg(Z = 12)", "optc": "d-electrons in Fe(Z = 26)", "optd": "p-electrons in CI(Z = 17)", "ans": "D", "explanation": "No answer description available for this question. Let us discuss."}, {"question": "The metallurgical process in which a metal is obtained in a fused state is called", "opta": "smelting", "optb": "roasting", "optc": "calcinations", "optd": "froth floatation", "ans": "A", "explanation": "No answer description available for this question. Let us discuss."}, {"question": "The molecules of which gas have highest speed?", "opta": "H2 at -73oC", "optb": "CH4 at 300 K", "optc": "N2 at 1,027oC", "optd": "O2 at 0oC", "ans": "A", "explanation": "No answer description available for this question. Let us discuss."}, {"question": "The oldest rocks in the earth's crust were once molten, and came from deep inside the earth. The molten rock, called magma, spewed out in volcanic eruptions during the earth;s early life and solidified into hard rock's called", "opta": "granite", "optb": "basalt", "optc": "igneous rocks", "optd": "sedimentary rocks", "ans": "C", "explanation": "No answer description available for this question. Let us discuss."}, {"question": "The law which states that the amount of gas dissolved in a liquid is proportional to its partial pressure is", "opta": "Dalton's law", "optb": "Gay Lussac's law", "optc": "Henry's law", "optd": "Raoult's law", "ans": "C", "explanation": "No answer description available for this question. Let us discuss."}, {"question": "The main buffer system of the human blood is", "opta": "H2CO3 - HCO3", "optb": "H2CO3 - CO32-", "optc": "CH3COOH - CH3COO-", "optd": "NH2CONH2 - NH2CONH+", "ans": "A", "explanation": "No answer description available for this question. Let us discuss."}, {"question": "The gas present in the stratosphere which filters out some of the sun's ultraviolet light and provides an effective shield against radiation damage to living things is", "opta": "helium", "optb": "ozone", "optc": "oxygen", "optd": "methane", "ans": "B", "explanation": "No answer description available for this question. Let us discuss."}, {"question": "The most commonly used bleaching agent is", "opta": "alcohol", "optb": "carbon dioxide", "optc": "chlorine", "optd": "sodium chlorine", "ans": "C", "explanation": "No answer description available for this question. Let us discuss."}, {"question": "The nucleus of a hydrogen atom consists of", "opta": "1 proton only", "optb": "1 proton + 2 neutron", "optc": "1 neutron only", "optd": "1 electron only", "ans": "A", "explanation": "No answer description available for this question. Let us discuss."}, {"question": "The heat required to raise the temperature of body by 1 K is called", "opta": "specific heat", "optb": "thermal capacity", "optc": "water equivalent", "optd": "None of the above", "ans": "B", "explanation": "No answer description available for this question. Let us discuss."}, {"question": "The nuclear particles which are assumed to hold the nucleons together are", "opta": "electrons", "optb": "positrons", "optc": "neutrons", "optd": "mesons", "ans": "D", "explanation": "No answer description available for this question. Let us discuss."}, {"question": "The mass of P4O10 that will be obtained from the reaction of 1.33 gram of P4 and 5.07 of oxygen is", "opta": "2.05 gram", "optb": "3.05 gram", "optc": "4.05 gram", "optd": "5.05 gram", "ans": "B", "explanation": "No answer description available for this question. Let us discuss."}, {"question": "The octane number of zero is assigned to", "opta": "2-methyl octane", "optb": "n-heptane", "optc": "iso-octane", "optd": "3-methyl octane", "ans": "B", "explanation": "No answer description available for this question. Let us discuss."}, {"question": "The metal that is used as a catalyst in the hydrogenation of oils is", "opta": "Ni", "optb": "Pb", "optc": "Cu", "optd": "Pt", "ans": "A", "explanation": "No answer description available for this question. Let us discuss."}, {"question": "The most abundant rare gas in the atmosphere is", "opta": "He", "optb": "Ne", "optc": "Ar", "optd": "Xe", "ans": "C", "explanation": "No answer description available for this question. Let us discuss."}, {"question": "The Latin word formica means ant. The name formic acid is derived from this Latin word because", "opta": "this acid, in ancient times, was used to eliminate ant-hills", "optb": "this corrosive acid is secreted by ants to drive away their enemies", "optc": "this acid was first obtained by the distillation of ants", "optd": "ants are attracted by the odour of this acid", "ans": "C", "explanation": "No answer description available for this question. Let us discuss."}, {"question": "The ore which is found in abundance in India is", "opta": "monazite", "optb": "fluorspar", "optc": "bauxite", "optd": "magnetite", "ans": "A", "explanation": "No answer description available for this question. Let us discuss."}, {"question": "The inherited traits of an organism are controlled by", "opta": "RNA molecules", "optb": "nucleotides", "optc": "DNA molecules", "optd": "enzymes", "ans": "C", "explanation": "No answer description available for this question. Let us discuss."}, {"question": "The heat energy produced when the human body metabolises 1 gram of fat is", "opta": "30 KJ", "optb": "1 KJ", "optc": "39 KJ", "optd": "29 KJ", "ans": "C", "explanation": "No answer description available for this question. Let us discuss."}, {"question": "What are the number of moles of CO2 which contains 16 g of oxygen?", "opta": "0.5 mole", "optb": "0.2 mole", "optc": "0.4 mole", "optd": "0.25 mole", "ans": "A", "explanation": "One mole of CO2 has mass of 44 g and 32 g of O2. So 16 g of O2 have 22 g of CO2 or 0.5 moles of it."}, {"question": "The main use of salt in the diet is to", "opta": "make the taste of food better", "optb": "produce in small amounts the hydrochloric acid required for the digestion of food", "optc": "ease the process of cooking", "optd": "increase the solubility of food particles in water", "ans": "B", "explanation": "No answer description available for this question. Let us discuss."}, {"question": "The monomer of polythene is", "opta": "vinyl chloride", "optb": "ethylene", "optc": "ethyl alcohol", "optd": "None of the above", "ans": "B", "explanation": "No answer description available for this question. Let us discuss."}, {"question": "The luster of a metal is due to", "opta": "its high density", "optb": "its high polishing", "optc": "its chemical inertness", "optd": "presence of free electrons", "ans": "D", "explanation": "No answer description available for this question. Let us discuss."}, {"question": "The number of water molecules present in a drop of water (volume 0.0018 ml) at room temperature is", "opta": "1.568 x 103", "optb": "6.023 x 1019", "optc": "4.84 x 1017", "optd": "6.023 x 1023", "ans": "B", "explanation": "No answer description available for this question. Let us discuss."}, {"question": "The most malleable metal is", "opta": "platinum", "optb": "silver", "optc": "iron", "optd": "gold", "ans": "D", "explanation": "No answer description available for this question. Let us discuss."}, {"question": "The oil used in the froth floatation process is", "opta": "coconut oil", "optb": "olive oil", "optc": "kerosene oil", "optd": "pine oil", "ans": "D", "explanation": "No answer description available for this question. Let us discuss."}, {"question": "The number of waves in n x 10th Bohr's orbit are", "opta": "n2", "optb": "n", "optc": "n-2", "optd": "n3", "ans": "B", "explanation": "No answer description available for this question. Let us discuss."}, {"question": "The mass of one Avogadro number of helium atom is", "opta": "1.00 gram", "optb": "4.00 gram", "optc": "8.00 gram", "optd": "4 x 6.02 x 1023 gram", "ans": "B", "explanation": "No answer description available for this question. Let us discuss."}, {"question": "The items amenable to detection by soft x-rays are", "opta": "contrabands", "optb": "lead in bullets", "optc": "narcotics", "optd": "genuine coins from counterfeit coins", "ans": "D", "explanation": "No answer description available for this question. Let us discuss."}, {"question": "The material which can be deformed permanently by heat and pressure is called a", "opta": "thermoplastic", "optb": "thermoset", "optc": "chemical compound", "optd": "polymer", "ans": "B", "explanation": "No answer description available for this question. Let us discuss."}, {"question": "The mass number of a nucleus is", "opta": "always less than its atomic number", "optb": "the sum of the number of protons and neutrons present in the nucleus", "optc": "always more than the atomic weight", "optd": "a fraction", "ans": "B", "explanation": "No answer description available for this question. Let us discuss."}, {"question": "The inexpensive and commonly used variety of glass is called soda glass. It is called so because", "opta": "was used initially for making bottles of soda(carbonated drink)", "optb": "is made using soda(sodium carbonate)", "optc": "was initially used for storing sodium carbonate", "optd": "is made using soda lime", "ans": "B", "explanation": "No answer description available for this question. Let us discuss."}, {"question": "The gas used in the manufacture of vanaspati from vegetable oil is", "opta": "hydrogen", "optb": "oxygen", "optc": "nitrogen", "optd": "carbon dioxide", "ans": "A", "explanation": "No answer description available for this question. Let us discuss."}, {"question": "The ionic radii of N3-, O2-, F- and Na+ follows the order", "opta": "N3- > O2- > F- > Na+", "optb": "N3- > Na+ > O2- > F-", "optc": "Na+ > O2- > N3- > F-", "optd": "O2- > F- > Na+ > N3-", "ans": "A", "explanation": "No answer description available for this question. Let us discuss."}, {"question": "The graphite rods in the nuclear reactor", "opta": "react with U to release energy", "optb": "produce neutrons", "optc": "undergo combustion which triggers the nuclear fission", "optd": "convert fast moving neutrons into thermal neutrons", "ans": "D", "explanation": "No answer description available for this question. Let us discuss."}, {"question": "The first metal used by man was", "opta": "iron", "optb": "copper", "optc": "gold", "optd": "bronze", "ans": "B", "explanation": "No answer description available for this question. Let us discuss."}, {"question": "The hydronium ion is", "opta": "H+", "optb": "HO -", "optc": "H2+", "optd": "H3O+", "ans": "D", "explanation": "No answer description available for this question. Let us discuss."}, {"question": "The most electropositive elements among the following is", "opta": "Na", "optb": "Ca", "optc": "K", "optd": "Cs", "ans": "D", "explanation": "No answer description available for this question. Let us discuss."}, {"question": "The method that cannot be used for removing permanent hardness of water is", "opta": "adding sodium carbonate", "optb": "distillation", "optc": "adding caustic soda", "optd": "boiling", "ans": "D", "explanation": "No answer description available for this question. Let us discuss."}, {"question": "The following are the half lives of four active isotopes. Which one of the following is the most dangerous to handle?", "opta": "3 billion years", "optb": "100 years", "optc": "0.01 minute", "optd": "13 days", "ans": "C", "explanation": "No answer description available for this question. Let us discuss."}, {"question": "The gas used for artificial ripening of green fruit is", "opta": "ethylene", "optb": "ethane", "optc": "carbon dioxide", "optd": "acetylene", "ans": "A", "explanation": "No answer description available for this question. Let us discuss."}, {"question": "Zone refining is used for the purification of", "opta": "Au", "optb": "Ge", "optc": "Ag", "optd": "Cu", "ans": "B", "explanation": "No answer description available for this question. Let us discuss."}, {"question": "The main chemical constituent of the oil of cardamom which is responsible for flavour of this oil is", "opta": "cineole", "optb": "engenol", "optc": "geraniol", "optd": "limonene", "ans": "A", "explanation": "No answer description available for this question. Let us discuss."}, {"question": "The molecule which has the highest percentage of ionic character among the following is", "opta": "HI", "optb": "HF", "optc": "HCI", "optd": "HBr", "ans": "B", "explanation": "No answer description available for this question. Let us discuss."}, {"question": "The high reactivity of fluorine is due to", "opta": "its high electro negativity", "optb": "small size of fluorine atom", "optc": "availability of d-orbitals", "optd": "strong F - F bond", "ans": "A", "explanation": "No answer description available for this question. Let us discuss."}, {"question": "The iron ore magnetite consists of", "opta": "Fe2O3", "optb": "Fe3OH4", "optc": "FeCO3", "optd": "3Fe2O3 .. 3H2O", "ans": "A", "explanation": "No answer description available for this question. Let us discuss."}, {"question": "The ionisation energy of hydrogen atom in the ground state is x KJ. The energy required for an electron to jump from 2nd orbit to 3rd orbit is", "opta": "5x/36", "optb": "5x", "optc": "7.2 x", "optd": "x/6", "ans": "A", "explanation": "No answer description available for this question. Let us discuss."}, {"question": "The major constituent of air is", "opta": "nitrogen", "optb": "carbon dioxide", "optc": "oxygen", "optd": "hydrogen", "ans": "A", "explanation": "No answer description available for this question. Let us discuss."}, {"question": "The main chemical constituent of clay is", "opta": "silicon oxide", "optb": "aluminium borosilicate", "optc": "zeolites", "optd": "aluminium silicate", "ans": "D", "explanation": "No answer description available for this question. Let us discuss."}, {"question": "The mineral containing both magnesium and calcium is", "opta": "magnesite", "optb": "calcite", "optc": "carnallite", "optd": "dolomite", "ans": "D", "explanation": "No answer description available for this question. Let us discuss."}, {"question": "The metal does not give H2 on treatment with dilute HCL is", "opta": "Zn", "optb": "Fe", "optc": "Ag", "optd": "Ca", "ans": "C", "explanation": "No answer description available for this question. Let us discuss."}, {"question": "The number of g-molecule of oxygen in 6.02 x 1024CO molecules is", "opta": "1 gram of molecule", "optb": "0.5 gram of molecule", "optc": "5 gram of molecule", "optd": "10 gram of molecule", "ans": "C", "explanation": "No answer description available for this question. Let us discuss."}, {"question": "The most extensive, commercially useful source of thorium as monazite sand occurs in India at", "opta": "Orissa coast", "optb": "Travancore coast", "optc": "West Bengal coast", "optd": "Gujarat coast", "ans": "B", "explanation": "No answer description available for this question. Let us discuss."}, {"question": "The main active constituent of tea and coffee is", "opta": "nicotine", "optb": "chlorophyll", "optc": "caffeine", "optd": "aspirin", "ans": "C", "explanation": "No answer description available for this question. Let us discuss."}, {"question": "The maximum number of isomers for an alkene with molecular formula C4H8 is", "opta": "5", "optb": "4", "optc": "2", "optd": "3", "ans": "B", "explanation": "No answer description available for this question. Let us discuss."}, {"question": "The hardest form of carbon is", "opta": "coke", "optb": "graphite", "optc": "diamond", "optd": "charcoal", "ans": "C", "explanation": "No answer description available for this question. Let us discuss."}, {"question": "The most important ore of aluminium is", "opta": "bauxite", "optb": "magnetite", "optc": "haematite", "optd": "monazite", "ans": "A", "explanation": "No answer description available for this question. Let us discuss."}, {"question": "The organic reaction represented by equation CH3 - CH = O + H2NOH gives CH3 - CH - NH + H2O is an example of", "opta": "an addition reaction", "optb": "a condensation reaction", "optc": "an oxidation reaction", "optd": "an elimination reaction", "ans": "B", "explanation": "No answer description available for this question. Let us discuss."}, {"question": "The number of electrons presents in H+ is", "opta": "zero", "optb": "one", "optc": "two", "optd": "three", "ans": "A", "explanation": "H+ is a hydrogen ion, and it is an ion because it LOST an electron. Electrons are negatively charged. When an atom gains electrons it will have NEGATIVE charges.\nSo it has zero electron."}, {"question": "The hottest part of the gas flame is known as", "opta": "luminous zone", "optb": "dark zone", "optc": "blue zone", "optd": "non-luminous zone", "ans": "D", "explanation": "No answer description available for this question. Let us discuss."}, {"question": "The human body is made up of several chemical elements; the element present in the highest proportion (65%) in the body is", "opta": "carbon", "optb": "hydrogen", "optc": "oxygen", "optd": "nitrogen", "ans": "C", "explanation": "No answer description available for this question. Let us discuss."}, {"question": "The isomerism which exists between CH3CHCI2 and CH2CI. CH2CI is", "opta": "chain isomerism", "optb": "functional group isomerism", "optc": "positional isomerism", "optd": "metamerism", "ans": "C", "explanation": "No answer description available for this question. Let us discuss."}, {"question": "The half life period of an isotope is 2 hours. After 6 hours what fraction of the initial quantity of the isotope will be left behind?", "opta": "1/6", "optb": "1/3", "optc": "1/8", "optd": "1/4", "ans": "C", "explanation": "No answer description available for this question. Let us discuss."}, {"question": "The number of waves made by an electron moving in an orbit having maximum magnetic quantum number is +3", "opta": "4", "optb": "5", "optc": "2", "optd": "zero", "ans": "A", "explanation": "No answer description available for this question. Let us discuss."}, {"question": "The number of atoms present in 21.6 gram of silver (atomic weight = 108) are same as the molecules in", "opta": "1.8 gram of H2O", "optb": "12 moles of KMnO4", "optc": "0.6N H2SO4", "optd": "4.6 gram of C2H5OH", "ans": "B", "explanation": "No answer description available for this question. Let us discuss."}, {"question": "The National Chemical Laboratory is situated in", "opta": "New Delhi", "optb": "Bangalore", "optc": "Pune", "optd": "Patna", "ans": "C", "explanation": "No answer description available for this question. Let us discuss."}, {"question": "Equal masses of oxygen, hydrogen and methane are kept under identical conditions. The ratio of the volumes of gases will be", "opta": "2 : 16 : 2", "optb": "2 : 16 : 1", "optc": "1 : 16 : 2", "optd": "1 : 1 : 1", "ans": "C", "explanation": "No answer description available for this question. Let us discuss."}, {"question": "The mass number of an atom is equal to", "opta": "the number of protons", "optb": "the number of protons and electrons", "optc": "the number of nucleons", "optd": "the number of neutrons", "ans": "C", "explanation": "No answer description available for this question. Let us discuss."}, {"question": "The maximum number of covalent formed by nitrogen is", "opta": "1", "optb": "2", "optc": "3", "optd": "4", "ans": "D", "explanation": "No answer description available for this question. Let us discuss."}, {"question": "The formula C6H5-CO-CH3 represents", "opta": "Acetone", "optb": "Acetic acid", "optc": "Acetophenone", "optd": "Phenyl acetate", "ans": "C", "explanation": "No answer description available for this question. Let us discuss."}, {"question": "The metal that is usually extracted from sea water is", "opta": "Ca", "optb": "Na", "optc": "K", "optd": "Mg", "ans": "D", "explanation": "No answer description available for this question. Let us discuss."}, {"question": "The method of concentrating the ore which makes use of the difference in density between ore and impurities is called", "opta": "liquation", "optb": "leaching", "optc": "levigation", "optd": "magnetic separation", "ans": "C", "explanation": "No answer description available for this question. Let us discuss."}, {"question": "The inert gases are ____ in water", "opta": "sparingly soluble", "optb": "insoluble", "optc": "soluble", "optd": "None of these", "ans": "A", "explanation": "No answer description available for this question. Let us discuss."}, {"question": "The molecular formula of phosphorous is", "opta": "P1", "optb": "P2", "optc": "P3", "optd": "P4", "ans": "D", "explanation": "No answer description available for this question. Let us discuss."}, {"question": "The names of the scientists, Newlands, Mendeleev, and Meyer are associated with the development of", "opta": "atomic structure", "optb": "metallurgy", "optc": "periodic table of contents", "optd": "discovery of elements", "ans": "C", "explanation": "No answer description available for this question. Let us discuss."}]]}