{"test_questions": [[{"question": "B. C. Roy Award is given in the field of", "opta": "Music", "optb": "Journalism", "optc": "Medicine", "optd": "Environment", "ans": "C", "explanation": "No answer description available for this question. Let us discuss."}, {"question": "In which year was Pulitzer Prize established?", "opta": "1917", "optb": "1918", "optc": "1922", "optd": "1928", "ans": "A", "explanation": "No answer description available for this question. Let us discuss."}, {"question": "Gandhi Peace Prize for the year 2000 was awarded to the former President of South Africa along with", "opta": "Sathish Dawan", "optb": "C. Subramanian", "optc": "Grameen Bank of Bangladesh", "optd": "World Healt Organisation", "ans": "C", "explanation": "No answer description available for this question. Let us discuss."}, {"question": "The prestigious Ramon Magsaysay Award was conferred was conferred upon Ms. Kiran Bedi for her excellent contribution to which of the following fields?", "opta": "Literature", "optb": "Community Welfare", "optc": "Government Service", "optd": "Journalism", "ans": "C", "explanation": "No answer description available for this question. Let us discuss."}, {"question": "Which of the following societies has instituted an award for an outstanding parliamentarian?", "opta": "Jamanlal Bajaj Foundation", "optb": "Institute of Constitutional and Parliamentary Studies", "optc": "G. B. Pant Memorial Society", "optd": "R. D. Birla samara Kosh", "ans": "C", "explanation": "No answer description available for this question. Let us discuss."}, {"question": "Which is the highest gallantry award in India?", "opta": "Param Vishishtat Seva Medal", "optb": "Param Vir Chakra", "optc": "Kirti Chakra", "optd": "Vir Chakra", "ans": "B", "explanation": "The Param Vir Chakra (PVC) is India's highest military decoration awarded for the highest degree of valour or self-sacrifice in the presence of the enemy, similar to the British Victoria Cross, US Medal of Honor, Pakistani Nishan-e-Haider, or French Legion of Honor or Russian Cross of St. George."}, {"question": "Which state gives Mewar Award?", "opta": "Haryana", "optb": "Delhi", "optc": "Punjab", "optd": "Rajasthan", "ans": "D", "explanation": "No answer description available for this question. Let us discuss."}, {"question": "Who is the first Asian Winner of Nobel Prize?", "opta": "C. V. Raman", "optb": "Rajiv Gandhi", "optc": "Rabindranath Tagore", "optd": "Mother Teresa", "ans": "C", "explanation": "No answer description available for this question. Let us discuss."}, {"question": "The first Indian to receive Noble Prize in Literature was", "opta": "Mother Teresa", "optb": "C. V. Raman", "optc": "Rabindranath Tagore", "optd": "Sarojini Naidu", "ans": "C", "explanation": "No answer description available for this question. Let us discuss."}, {"question": "The first recipient of Rajiv Gandhi's 'Khel Ratna' award is", "opta": "Vishwanathan Anand", "optb": "Leander Peas", "optc": "Kapil Dev", "optd": "Limba Ram", "ans": "A", "explanation": "No answer description available for this question. Let us discuss."}, {"question": "Pulitzer prize is awarded for outstanding work in the field of", "opta": "Science and Technology", "optb": "Environmental Studies", "optc": "Literature and Journalism", "optd": "International Understanding", "ans": "C", "explanation": "No answer description available for this question. Let us discuss."}, {"question": "Saraswathi Samman is given annually for outstanding contribution to", "opta": "classical music", "optb": "education", "optc": "literature", "optd": "fine arts", "ans": "C", "explanation": "No answer description available for this question. Let us discuss."}, {"question": "Who among the following has received a Nobel Prize in literature 1953?", "opta": "Pablo Neruda", "optb": "Derek Walcott", "optc": "Ernest Hemingway", "optd": "Winston Churchill", "ans": "D", "explanation": "http://www.nobelprize.org/nobel_prizes/literature/laureates/1953/churchill-bio.html"}, {"question": "The Arjuna Awards were instituted in the year", "opta": "1965", "optb": "1961", "optc": "1963", "optd": "1957", "ans": "B", "explanation": "No answer description available for this question. Let us discuss."}, {"question": "The first Indira Gandhi Award for International Justice and Harmony has been given to", "opta": "Larry Pressler", "optb": "Amnesty International", "optc": "Hussain Ibrahim Zaki", "optd": "Yasser Arafat", "ans": "D", "explanation": "No answer description available for this question. Let us discuss."}, {"question": "'Ashoka Chakra' is awarded for", "opta": "acts of gallantry in the presence of enemy", "optb": "gallantry by children", "optc": "outstanding contribution to literature", "optd": "the most conspicuous bravery or self sacrifice on land, air or sea but not in the presence of the enemy", "ans": "D", "explanation": "No answer description available for this question. Let us discuss."}, {"question": "The Nobel Prize was first awarded in", "opta": "1976", "optb": "1958", "optc": "1901", "optd": "1972", "ans": "C", "explanation": "No answer description available for this question. Let us discuss."}, {"question": "Who among the following own the Nobel prize for literature?", "opta": "Linus Pauling", "optb": "Samuel Beckett", "optc": "Philip Noel - Baker", "optd": "Ralph Bunche", "ans": "B", "explanation": "No answer description available for this question. Let us discuss."}, {"question": "The 'Cannes Award' is given for excellence in which field?", "opta": "Films", "optb": "Journalism", "optc": "Literature", "optd": "Economics", "ans": "A", "explanation": "No answer description available for this question. Let us discuss."}, {"question": "The journalist who refused to accept 'Padma Bhushan' was?", "opta": "Shekaran Nair", "optb": "Khushwant Singh", "optc": "Ratan Thiyam", "optd": "Arun Shourie", "ans": "B", "explanation": "Khushwant Singh (Journalist) : Returned his Padma Bhushan in protest against Operation Blue Star (1984); awarded Padma Vibhushan in 2007."}, {"question": "The Nobel peace prize is awarded in which city?", "opta": "Oslo", "optb": "Stockholm", "optc": "Brussels", "optd": "Geneva", "ans": "A", "explanation": "No answer description available for this question. Let us discuss."}, {"question": "Arjuna Award is given for", "opta": "Exceptional service in emergency", "optb": "Bravery on battlefield", "optc": "Outstanding performance in sports", "optd": "Exceptional service in slum dwellers", "ans": "C", "explanation": "No answer description available for this question. Let us discuss."}, {"question": "Who among the following is not a recipient of the Bharatiya Jnanpith Award?", "opta": "Ashaparna Devi", "optb": "M. F. Hussain", "optc": "Raghupathi Sahai", "optd": "V. K. Gokak", "ans": "B", "explanation": "No answer description available for this question. Let us discuss."}, {"question": "The UNSECO's  'Prix Jules Verne' prize has been given to which of the following serials of Doordarshan?", "opta": "The World This Week", "optb": "Surabhi", "optc": "Eye Witness", "optd": "Turning Point", "ans": "D", "explanation": "No answer description available for this question. Let us discuss."}, {"question": "Who among the following is not a recipient of 'Dada Saheb Phalke' Award?", "opta": "Ramanand Sagar", "optb": "Raj Kapoor", "optc": "V. Shantaram", "optd": "Ashok Kumar", "ans": "A", "explanation": "No answer description available for this question. Let us discuss."}, {"question": "Which state Government of India has instituted the Samman Award?", "opta": "Uttar Pradesh", "optb": "Himachal Pradesh", "optc": "Madhya Pradesh", "optd": "Andhra Pradesh", "ans": "C", "explanation": "No answer description available for this question. Let us discuss."}, {"question": "Sharad Joshi Samman is awarded for", "opta": "Cartoon", "optb": "Satire and essay", "optc": "Trade Union Activity", "optd": "Social Service", "ans": "B", "explanation": "No answer description available for this question. Let us discuss."}, {"question": "In 1901, Nobel Prize was not given for", "opta": "Chemistry", "optb": "Physics", "optc": "Economics", "optd": "Peace", "ans": "C", "explanation": "No answer description available for this question. Let us discuss."}, {"question": "The highest civilian award of India 'Bharat Ratna' has been awarded to only two foreigners so far. One of them is Nelson Mandela. The other is", "opta": "Abdul Ghaffar khan", "optb": "Mikhail Gorbachev", "optc": "Marshal Tito", "optd": "Abdul Wali Khan", "ans": "A", "explanation": "No answer description available for this question. Let us discuss."}, {"question": "The first recipient of Nehru Award was", "opta": "Martin Luther King", "optb": "Khan Abdul Ghaffar Khan", "optc": "Mother Teresa", "optd": "U Thant", "ans": "D", "explanation": "No answer description available for this question. Let us discuss."}, {"question": "Shanthi Swaroop Bhatnagar awards are given for", "opta": "exploring new dimensions in creative writing in Indian languages", "optb": "outstanding contribution to science", "optc": "creating mass awareness on environmental issues", "optd": "excellence in film direction", "ans": "B", "explanation": "No answer description available for this question. Let us discuss."}, {"question": "The Shanti Swarup Bhatnagar Award is given by which of the following organisations?", "opta": "Council for Scientific and industrial research", "optb": "Indian Council for Agricultural Research", "optc": "Indian National Science Academy", "optd": "ISRO", "ans": "A", "explanation": "No answer description available for this question. Let us discuss."}, {"question": "Which of the following awards was conferred upon Smt. Aruna Asaf Ali for her role in the welfare of adult and women?", "opta": "Tagore Literacy Award", "optb": "UNSECO Literacy Award", "optc": "Moorti Devi Award", "optd": "Kalinga Prize", "ans": "C", "explanation": "No answer description available for this question. Let us discuss."}, {"question": "On whose name is the highest award for services to the development of cinema given?", "opta": "Raj Kapoor", "optb": "Dada Saheb", "optc": "Meena Kumari", "optd": "Amitabh Bachchan", "ans": "B", "explanation": "No answer description available for this question. Let us discuss."}, {"question": "Which of the following famous financial journals of international repute confers 'Finance minister of the year' Award?", "opta": "Dalal Street", "optb": "Business Standard", "optc": "Euromoney", "optd": "Money Matters", "ans": "C", "explanation": "No answer description available for this question. Let us discuss."}, {"question": "Tansen Samman has been instituted by the Government of?", "opta": "Gujarat", "optb": "Maharashtra", "optc": "Uttar Pradesh", "optd": "Madhya Pradesh", "ans": "D", "explanation": "No answer description available for this question. Let us discuss."}, {"question": "On whom did the U. S. President George W. Bush bestow, in 2002, the U.S.'s highest award for life time achievement in the field of scientific research?", "opta": "Arun Netravalli", "optb": "Dr.Hargoving Kohrana", "optc": "Subramania Chandrasekar", "optd": "Professor C. Radhakrishna Rao", "ans": "A", "explanation": "No answer description available for this question. Let us discuss."}, {"question": "The only Indian to win the Nobel prize in physics is", "opta": "Dr. J.C. Bose", "optb": "Dr. C. V. Raman", "optc": "Dr. Vickram Sarabhai", "optd": "Dr. H. J. Bhabha", "ans": "B", "explanation": "No answer description available for this question. Let us discuss."}, {"question": "Who among the following is a winner of the Indira Gandhi Award for National integration?", "opta": "Aruna Asaf Ali", "optb": "Ashok Kumar", "optc": "Sundarlal Bahuguna", "optd": "M. G. K. Menon", "ans": "A", "explanation": "No answer description available for this question. Let us discuss."}, {"question": "The first black American to win the Nobel Prize for literature is", "opta": "Aurthe Ashe", "optb": "Martin Luther King", "optc": "Toni Morrison", "optd": "Nelson Mandela", "ans": "C", "explanation": "No answer description available for this question. Let us discuss."}, {"question": "Who among the following got the 'Bharat Ratna' award, before becoming the President of India?", "opta": "R. Venkatramanan", "optb": "Dr. Zakir Hussain", "optc": "V. V. Giri", "optd": "Dr. Rajendra Prasad", "ans": "B", "explanation": "No answer description available for this question. Let us discuss."}, {"question": "Manav Seva Award has been instituted in the memory of", "opta": "Rajiv Gandhi", "optb": "Dr. Rajendra Prasad", "optc": "Indira Gandhi", "optd": "Acharya", "ans": "A", "explanation": "No answer description available for this question. Let us discuss."}, {"question": "Kalinga Award was instituted by", "opta": "UNESCO for exceptional contribution of efforts to popularise science", "optb": "Indian Military.", "optc": "Jnanpith, a cultural literacy society for encouraging creative writing in modern languages", "optd": "Indian Adult Education Association for outstanding contribution of adult literacy in India", "ans": "A", "explanation": "No answer description available for this question. Let us discuss."}, {"question": "Which of the following films has won 9 Oscar Awards in 1987?", "opta": "The World Safari", "optb": "The Last Emperor", "optc": "Rain Man", "optd": "Amadeus", "ans": "B", "explanation": "No answer description available for this question. Let us discuss."}, {"question": "Which of the following awards was conferred on Mrs. Kiran Bedi?", "opta": "Golden Globe", "optb": "Rani Lakshmi", "optc": "Magsaysay", "optd": "Saraswati", "ans": "C", "explanation": "No answer description available for this question. Let us discuss."}, {"question": "Who was awarded the first Rajiv Gandhi National Sadhavana Award?", "opta": "Archarya Tulsi", "optb": "Dr. J. Rengaswamy", "optc": "J. R. D Tata", "optd": "Mother Teresa", "ans": "D", "explanation": "No answer description available for this question. Let us discuss."}, {"question": "'Global 500' awards are given for the outstanding achievement in which of the following fields?", "opta": "Campaign against AIDS", "optb": "Population control", "optc": "Protection of environment", "optd": "Elimination of illiteracy", "ans": "C", "explanation": "No answer description available for this question. Let us discuss."}, {"question": "To whom was 'Bharat Ratna' awarded in 1999?", "opta": "Lata Mangeshkar", "optb": "Amartya Sen", "optc": "M. S. Subbulakshmi", "optd": "Atal Behari Vajpayee", "ans": "B", "explanation": "No answer description available for this question. Let us discuss."}]]}