{"test_questions": [[{"question": "The first death anniversary day of Sri Rajiv Gandhi was observed as the", "opta": "National Integration Day", "optb": "Peace and Love Day", "optc": "Secularism Day", "optd": "Anti-Terrorism Day", "ans": "D", "explanation": "May 21, the death anniversary of ex-prime minister of India, Shri Rajiv Gandhi is also observed as Anti Terrorism Day in India."}, {"question": "20th August is celebrated as", "opta": "Earth Day", "optb": "Sadbhavana Divas", "optc": "No Tobacco Day", "optd": "None of these", "ans": "B", "explanation": "Rajiv Gandhi's birthday is celebrated as Sadbhawana Diwas on 20th August."}, {"question": "When is the World Population Day observed?", "opta": "May 31", "optb": "October 4", "optc": "December 10", "optd": "July 11", "ans": "D", "explanation": "No answer description available for this question. Let us discuss."}, {"question": "January 15 is celebrated as the", "opta": "Republic Day", "optb": "Ugadhi", "optc": "Teachers' Day", "optd": "Army Day", "ans": "D", "explanation": "No answer description available for this question. Let us discuss."}, {"question": "The centenary of Mahatma Gandhi's arrival in South Africa was celebrated in", "opta": "May 1993", "optb": "August 1993", "optc": "July 1993", "optd": "September 1993", "ans": "A", "explanation": "No answer description available for this question. Let us discuss."}, {"question": "National Maritime Day of India falls on", "opta": "April 5", "optb": "June 5", "optc": "October 5", "optd": "September 5", "ans": "A", "explanation": "No answer description available for this question. Let us discuss."}, {"question": "Journalist Day was celebrated for the first time all over the country on", "opta": "Oct. 20, 1984", "optb": "Oct. 1, 1984", "optc": "Oct 28, 1984", "optd": "Oct. 8, 1984", "ans": "C", "explanation": "No answer description available for this question. Let us discuss."}, {"question": "'Teacher's Day' is observed on which of the date?", "opta": "September 5", "optb": "January 30", "optc": "November 14", "optd": "October 2", "ans": "A", "explanation": "No answer description available for this question. Let us discuss."}, {"question": "The World Environment Day is celebrated on", "opta": "April 7", "optb": "June 5", "optc": "August 6", "optd": "June 16", "ans": "B", "explanation": "No answer description available for this question. Let us discuss."}, {"question": "Which day is observed as World No Smoking Day ?", "opta": "15th July", "optb": "31st December", "optc": "1st January", "optd": "31st May", "ans": "D", "explanation": "No answer description available for this question. Let us discuss."}, {"question": "The birthday of which of the leader in India is observed as Children's day?", "opta": "Mahatma Gandhi", "optb": "S.Radhakrishnan", "optc": "Rajiv Gandhi", "optd": "Jawaharlal Nehru", "ans": "D", "explanation": "No answer description available for this question. Let us discuss."}, {"question": "The United Nations declared 1993 as a year of the", "opta": "disabled", "optb": "forests", "optc": "girl child", "optd": "indigenous people", "ans": "D", "explanation": "No answer description available for this question. Let us discuss."}, {"question": "The year 1991 was observed in India as the year of", "opta": "Population control", "optb": "Girl child", "optc": "Literacy", "optd": "Tourism", "ans": "D", "explanation": "No answer description available for this question. Let us discuss."}, {"question": "Which day is observed as World Food Day?", "opta": "September 10", "optb": "August 16", "optc": "November 4", "optd": "October 16", "ans": "D", "explanation": "No answer description available for this question. Let us discuss."}, {"question": "The decade 1981-1990 was observed as International Decade for", "opta": "Peace", "optb": "Drinking Water Supply and Sanitation", "optc": "Women", "optd": "Children", "ans": "B", "explanation": "No answer description available for this question. Let us discuss."}, {"question": "Which year is observed as Poverty Eradication Year by SAARC?", "opta": "1998", "optb": "1997", "optc": "1996", "optd": "1995", "ans": "D", "explanation": "No answer description available for this question. Let us discuss."}, {"question": "India Celebrates February 28 every year as 'National Science Day' because on this day", "opta": "first Indian Space craft was launched", "optb": "Nehru laid the foundation of Science labs all over India", "optc": "in 1928 C.V. Raman discovered what was later called the 'Raman Effect'", "optd": "Vikram Sarabhai was born", "ans": "C", "explanation": "No answer description available for this question. Let us discuss."}, {"question": "The year 1985 was declared as the International Year of", "opta": "Blind", "optb": "Youth", "optc": "Children", "optd": "GandhiWomen", "ans": "B", "explanation": "No answer description available for this question. Let us discuss."}, {"question": "Which of the following festivals is celebrated on Prophet Mohammed birthday?", "opta": "Id-Ul-Zuha", "optb": "Id-e-Milad", "optc": "Id-Ul-Fitr", "optd": "Muharram", "ans": "B", "explanation": "The festival is called in Arabic 'Eid milad-un-Nabi'. However, it is to be emphasized that practicing this festival is not per religion; as the two festivals after end of Ramadan and that during hajj. Celebrating prophet Muhammad birthday, although not per religion, but it is not forbidden. It is considered as good occasion to remind Muslims with the prophet Muhammad teachings and morals and to renew the intention of following and adopting prophet Muhammad guides."}, {"question": "'Rosh Hashanah' is the new year's day of which communities?", "opta": "Jews", "optb": "Muslims", "optc": "Hindus", "optd": "Shinto", "ans": "A", "explanation": "No answer description available for this question. Let us discuss."}, {"question": "1981 was the international year of the", "opta": "Disabled", "optb": "Women", "optc": "Children", "optd": "Blind", "ans": "A", "explanation": "The UN General Assembly has proclaimed 1981 as the International Year of Disabled Persons (IYDP)."}, {"question": "World Human Rights Day is observed on", "opta": "April 8", "optb": "December 10", "optc": "December 7", "optd": "September 5", "ans": "B", "explanation": "No answer description available for this question. Let us discuss."}, {"question": "World Literacy Day is observed on", "opta": "Sep 5", "optb": "Aug 6", "optc": "Sep 8", "optd": "Oct 24", "ans": "C", "explanation": "No answer description available for this question. Let us discuss."}]]}