{"test_questions": [[{"question": "The ratio of width of our National flag to its length is", "opta": "3:5", "optb": "2:3", "optc": "2:4", "optd": "3:4", "ans": "B", "explanation": "The National Flag of India is a horizontal tricolour of deep saffron [kesaria] at the top, white in the middle & dark green at the bottom in equal proportion. The ratio of width of the flag to its length is 2 to 3. In the centre of the white band of the Indian National Flag, there is a navy blue wheel which represents the chakra. Its design is that of the wheel which appears on the abacus of the Sarnath Lion Capital of Ashoka. Its diameter comes close to the width of the white band & it has twenty four spokes. The design of the National Flag of India was adopted by the Constituent Assembly of India on 22 July 1947."}, {"question": "Rabindranath Tagore's 'Jana Gana Mana' has been adopted as India's National Anthem. How many stanzas of the said song were adopted?", "opta": "Only the first stanza", "optb": "The whole song", "optc": "Third and Fourth stanza", "optd": "First and Second stanza", "ans": "A", "explanation": "No answer description available for this question. Let us discuss."}, {"question": "'Natya - Shastra' the main source of India's classical dances was written by", "opta": "Nara Muni", "optb": "Bharat Muni", "optc": "Abhinav Gupt", "optd": "Tandu Muni", "ans": "B", "explanation": "No answer description available for this question. Let us discuss."}, {"question": "'Dandia' is a popular dance of", "opta": "Punjab", "optb": "Gujarat", "optc": "Tamil Nadu", "optd": "Maharashtra", "ans": "B", "explanation": "No answer description available for this question. Let us discuss."}, {"question": "The words 'Satyameva Jayate' inscribed below the base plate of the emblem of India are taken from", "opta": "Rigveda", "optb": "Satpath Brahmana", "optc": "Mundak Upanishad", "optd": "Ramayana", "ans": "C", "explanation": "No answer description available for this question. Let us discuss."}, {"question": "Mohiniattam dance from developed originally in which state?", "opta": "Tamil Nadu", "optb": "Orissa", "optc": "Kerala", "optd": "Karnataka", "ans": "C", "explanation": "No answer description available for this question. Let us discuss."}, {"question": "Which of the following folk dance forms is associated with Gujarat?", "opta": "Nautanki", "optb": "Garba", "optc": "Kathakali", "optd": "Bhangra", "ans": "B", "explanation": "No answer description available for this question. Let us discuss."}, {"question": "Which of the following Akademis is responsible for fostering the development of dance, drama and music in India?", "opta": "National School of Drama", "optb": "Sangeet Akademi", "optc": "Sahitya Akademi", "optd": "Lalit Kala Akademi", "ans": "B", "explanation": "No answer description available for this question. Let us discuss."}, {"question": "The Rath Yatra at Puri is celebrated in honour of which Hindu deity", "opta": "Ram", "optb": "Jaganath", "optc": "Shiva", "optd": "Vishnu", "ans": "B", "explanation": "No answer description available for this question. Let us discuss."}, {"question": "The book of Parsis is", "opta": "Torah", "optb": "Bible", "optc": "Zend Avesta", "optd": "Gita", "ans": "C", "explanation": "No answer description available for this question. Let us discuss."}, {"question": "'Kathakali' is a folk dance prevalent in which state?", "opta": "Karnataka", "optb": "Orissa", "optc": "Kerala", "optd": "Manipur", "ans": "C", "explanation": "No answer description available for this question. Let us discuss."}, {"question": "Which of the following dances is a solo dance?", "opta": "Ottan Thullal", "optb": "Kuchipudi", "optc": "Yakshagana", "optd": "Odissi", "ans": "A", "explanation": "No answer description available for this question. Let us discuss."}, {"question": "The National Anthem was first sung in the year", "opta": "1911", "optb": "1913", "optc": "1936", "optd": "1935", "ans": "A", "explanation": "The national anthem of India is 'Jana-gana-mana', composed originally in Bengali, by Rabindranath Tagore. 'Jana-gana-mana' was first sung on 27th December 1911, long before Indian gained independence, at the Calcutta Session of the Indian National Congress. The complete song consists of five stanzas. As for the playing time of the full version of the national anthem, it will take up approximately 52 seconds. A short version, consisting of first and last lines of the stanza (playing time approximately 20 seconds), is also played on certain occasions."}, {"question": "Thillana is a format of", "opta": "Kuchipudi", "optb": "Odissi", "optc": "Baharatanatyam", "optd": "Kathak", "ans": "C", "explanation": "No answer description available for this question. Let us discuss."}, {"question": "'Madhubani',  a style of folk paintings, is popular in which of the following states in India?", "opta": "Uttar Pradesh", "optb": "Rajasthan", "optc": "Madhya Pradesh", "optd": "Bihar", "ans": "D", "explanation": "Madhubani painting or Mithila painting is a style of Indian painting, practiced in the Mithila region of Bihar state, India and the adjoining parts of Terai in Nepal. Painting is done with fingers, twigs, brushes, nib-pens, and matchsticks, using natural dyes and pigments, and is characterized by eye-catching geometrical patterns. There are paintings for each occasion and festival such as birth, marriage, holi, surya shasti, kali puja, Upanayanam (sacred thread ceremony), and durga puja.\nSource: http://en.wikipedia.org/wiki/Madhubani_art"}, {"question": "Kathak is a classical dance of", "opta": "North India", "optb": "Tamilnadu", "optc": "Manipur", "optd": "Kerala", "ans": "A", "explanation": "No answer description available for this question. Let us discuss."}, {"question": "The head quarters of Sahitya Akademi is at", "opta": "Mumbai", "optb": "Chennai", "optc": "New Delhi", "optd": "Kolkata", "ans": "C", "explanation": "No answer description available for this question. Let us discuss."}, {"question": "The dance encouraged and performance from the temple of Tanjore was", "opta": "Kathakali", "optb": "Odissi", "optc": "Kathak", "optd": "Bharatanatyam", "ans": "D", "explanation": "No answer description available for this question. Let us discuss."}, {"question": "The last Mahakumbh of the 20th century was held at", "opta": "Nasik", "optb": "Ujjain", "optc": "Allahabad", "optd": "Haridwar", "ans": "D", "explanation": "No answer description available for this question. Let us discuss."}, {"question": "The National Song of India was composed by", "opta": "Rabindranath Tagore", "optb": "Bankim Chandra Chatterji", "optc": "Iqbal", "optd": "Jai Shankar Prasad", "ans": "B", "explanation": "No answer description available for this question. Let us discuss."}, {"question": "Who composed the famous song 'Sare Jahan SeAchha'?", "opta": "Jaidev", "optb": "Mohammad Iqbal", "optc": "Bankim Chandra Chattopadhyay", "optd": "Rabindranath Tagore", "ans": "B", "explanation": "No answer description available for this question. Let us discuss."}, {"question": "In which of the following festivals are boat races a special feature?", "opta": "Onam", "optb": "Rongali Bihu", "optc": "Navratri", "optd": "Pongal", "ans": "A", "explanation": "No answer description available for this question. Let us discuss."}, {"question": "Kalchakra ceremony is associated with which of the following ceremonies?", "opta": "Hinduism", "optb": "Buddhism", "optc": "Jainism", "optd": "Islam", "ans": "B", "explanation": "No answer description available for this question. Let us discuss."}, {"question": "Which of the following places is famous for Chikankari work, which is a traditional art of embroidery?", "opta": "Lucknow", "optb": "Hyderabad", "optc": "Jaipur", "optd": "Mysore", "ans": "A", "explanation": "Lucknow, in Uttar Pradesh (India), is the centre of chikankari , a skill of more than 200 years old. It literally means 'embroidery'. It was originally done with a white thread on a white cloth, hence the name 'white embroidery'. Now, it is done on a variety of fabrics and in a spectrum of colours."}]]}