{"test_questions": [[{"question": "The Homolographic projection has the correct representation of", "opta": "shape", "optb": "area", "optc": "baring", "optd": "distance", "ans": "B", "explanation": "No answer description available for this question. Let us discuss."}, {"question": "The latitudinal differences in pressure delineate a number of major pressure zones, which correspond with", "opta": "zones of climate", "optb": "zones of oceans", "optc": "zones of land", "optd": "zones of cyclonic depressions", "ans": "A", "explanation": "No answer description available for this question. Let us discuss."}, {"question": "The higher the wind  speed and the longer the fetch or distance of open water across which the wind blows and waves travel, the ____ waves and the ____ energy they process.", "opta": "larger, more", "optb": "larger, less", "optc": "smaller, more", "optd": "smaller, less", "ans": "A", "explanation": "No answer description available for this question. Let us discuss."}, {"question": "The hazards of radiation belts include", "opta": "deterioration of electronic circuits", "optb": "damage of solar cells of spacecraft", "optc": "adverse effect on living organisms", "optd": "All of the above", "ans": "D", "explanation": "No answer description available for this question. Let us discuss."}, {"question": "The great Victoria Desert is located in", "opta": "Canada", "optb": "West Africa", "optc": "Australia", "optd": "North America", "ans": "C", "explanation": "No answer description available for this question. Let us discuss."}, {"question": "The intersecting lines drawn on maps and globes are", "opta": "latitudes", "optb": "longitudes", "optc": "geographic grids", "optd": "None of the above", "ans": "C", "explanation": "No answer description available for this question. Let us discuss."}, {"question": "The light of distant stars is affected by", "opta": "the earth's atmosphere", "optb": "interstellar dust", "optc": "both (a) and (b)", "optd": "None of the above", "ans": "C", "explanation": "No answer description available for this question. Let us discuss."}, {"question": "The landmass of which of the following continents is the least?", "opta": "Africa", "optb": "Asia", "optc": "Australia", "optd": "Europe", "ans": "C", "explanation": "No answer description available for this question. Let us discuss."}, {"question": "Without ____ the equator would be much hotter than it is while the poles would be much cooler.", "opta": "latitudinal redistribution of heat", "optb": "cycle of air circulation", "optc": "global wind pattern", "optd": "All are similar terms", "ans": "D", "explanation": "No answer description available for this question. Let us discuss."}, {"question": "The habitats valuable for commercially harvested species are called", "opta": "coral reefs", "optb": "sea grass bed", "optc": "hot spots", "optd": "None of the above", "ans": "B", "explanation": "No answer description available for this question. Let us discuss."}, {"question": "Which of the following is tropical grassland?", "opta": "Taiga", "optb": "Savannah", "optc": "Pampas", "optd": "Prairies", "ans": "B", "explanation": "No answer description available for this question. Let us discuss."}, {"question": "With the disintegration of USSR in end 1991, comprised of ____ Union Republics.", "opta": "15", "optb": "10", "optc": "5", "optd": "25", "ans": "A", "explanation": "No answer description available for this question. Let us discuss."}, {"question": "The iron and steel industries of which of the following  countries are almost fully dependent on imported raw materials?", "opta": "Britain", "optb": "Japan", "optc": "Poland", "optd": "Germany", "ans": "B", "explanation": "No answer description available for this question. Let us discuss."}, {"question": "The temperature increases rapidly after", "opta": "ionosphere", "optb": "exosphere", "optc": "stratosphere", "optd": "troposphere", "ans": "A", "explanation": "No answer description available for this question. Let us discuss."}, {"question": "The humidity of the air depends upon", "opta": "temperature", "optb": "location", "optc": "weather", "optd": "All of the above", "ans": "D", "explanation": "No answer description available for this question. Let us discuss."}, {"question": "The groundwater can become confined between two impermeable layers. This type of enclosed water is called", "opta": "artesian", "optb": "artesian well", "optc": "unconfined groundwater", "optd": "confined groundwater", "ans": "A", "explanation": "No answer description available for this question. Let us discuss."}, {"question": "The largest glaciers are", "opta": "mountain glaciers", "optb": "alpine glaciers", "optc": "continental glaciers", "optd": "piedmont glaciers", "ans": "C", "explanation": "The largest glacial bodies, ice sheets or continental glaciers, cover more than 50,000 km2 (20,000 mile2). Several kilometers deep, they obscure the underlying topography. Only nunataks protrude from the surface. The only extant ice sheets are the two that cover most of Antarctica and Greenland. These regions contain vast quantities of fresh water. The volume of ice is so large that if the Greenland ice sheet melted, it would cause sea levels to rise six meters (20 ft) all around the world. If the Antarctic ice sheet melted, sea levels would rise up to 65 meters (210 ft)."}, {"question": "The ionosphere includes", "opta": "mesosphere", "optb": "thermosphere", "optc": "thermosphere and exosphere", "optd": "thermosphere, exosphere and mesosphere", "ans": "C", "explanation": "No answer description available for this question. Let us discuss."}, {"question": "The highest degree of concentration of mineral deposits are found in", "opta": "northeastern zone", "optb": "northwestern zone", "optc": "southern zone", "optd": "All of the above", "ans": "A", "explanation": "No answer description available for this question. Let us discuss."}, {"question": "The group of minerals chemically containing hydrocarbons is", "opta": "silicate group", "optb": "organic group", "optc": "oxide group", "optd": "hydride group", "ans": "B", "explanation": "No answer description available for this question. Let us discuss."}, {"question": "The iron ore mined at Bailadila is mostly", "opta": "haematite", "optb": "siderite", "optc": "limonite", "optd": "magnetic", "ans": "A", "explanation": "No answer description available for this question. Let us discuss."}, {"question": "The leading state in producing paper is", "opta": "Bihar", "optb": "West Bengal", "optc": "Kerala", "optd": "Orissa", "ans": "B", "explanation": "No answer description available for this question. Let us discuss."}, {"question": "The largest dune files are found in", "opta": "Middle East", "optb": "North Africa", "optc": "both (a) and (b)", "optd": "None of the above", "ans": "C", "explanation": "No answer description available for this question. Let us discuss."}, {"question": "The Harmattan is", "opta": "cool, extremely dry wind that forms over the Sahara and blows westward  or  south-westward to the African coast", "optb": "wind that blows during the dry season from December to February", "optc": "tertiary wind that carry great quantities of fine dust from the Sahara", "optd": "All of the above", "ans": "D", "explanation": "No answer description available for this question. Let us discuss."}, {"question": "The largest gold producing country in the world(in 2006) is", "opta": "China", "optb": "Canada", "optc": "South Africa", "optd": "USA", "ans": "C", "explanation": "http://en.wikipedia.org/wiki/List_of_countries_by_gold_production"}, {"question": "The hydrological cycle is a conceptual model that describes", "opta": "the storage of water between biosphere, hydrosphere, atmosphere and lithosphere", "optb": "the movement of water between biosphere, atmosphere, lithosphere and hydrosphere", "optc": "both (a) and (b)", "optd": "None of the above", "ans": "C", "explanation": "No answer description available for this question. Let us discuss."}, {"question": "The least explosive type of volcano is called", "opta": "Basalt plateau", "optb": "Cinder cone", "optc": "Shield volcanoes", "optd": "Composite volcanoes", "ans": "A", "explanation": "No answer description available for this question. Let us discuss."}, {"question": "The largest fish exporting region in the world is", "opta": "the north-east atlantic region", "optb": "the north-east pacific region", "optc": "the north-west pacific region", "optd": "the south-east asian region", "ans": "A", "explanation": "No answer description available for this question. Let us discuss."}, {"question": "The largest country of the world by geographical area is", "opta": "Russia", "optb": "Vatican City", "optc": "Australia", "optd": "USA", "ans": "A", "explanation": "No answer description available for this question. Let us discuss."}, {"question": "The hot and cold deserts together occupy nearly ____ land area of the world.", "opta": "1/2", "optb": "1/4th", "optc": "1/3rd", "optd": "3/4th", "ans": "C", "explanation": "No answer description available for this question. Let us discuss."}, {"question": "The highest average salinity amongst the following seas is reported from", "opta": "Dead Sea", "optb": "Red Sea", "optc": "Black Sea", "optd": "Mediterranean Sea", "ans": "A", "explanation": "No answer description available for this question. Let us discuss."}, {"question": "The Himalayan mountain system belongs to which of the following?", "opta": "Volcanic mountains", "optb": "Residual mountains", "optc": "Block mountains", "optd": "Fold mountains", "ans": "D", "explanation": "No answer description available for this question. Let us discuss."}, {"question": "The heavy day soils that show significant expansion and contraction due to the presence or absence of moisture is called", "opta": "aridsols", "optb": "vertisols", "optc": "histosols", "optd": "andisols", "ans": "B", "explanation": "No answer description available for this question. Let us discuss."}, {"question": "The HBJ Upgradation project, upgraded the capacity of HBJ pipeline from 18.2 MM SC MD to", "opta": "20 MM SC MD", "optb": "33.4 MM SC MD", "optc": "22.3 MM SC MD", "optd": "29.6 MM SC MD", "ans": "B", "explanation": "No answer description available for this question. Let us discuss."}, {"question": "The highest mountains on earth namely Mount Everest, K2, Kanchenjanga are located in", "opta": "the greater Himalayas", "optb": "the Lesser Himalayas", "optc": "the outer Himalayas", "optd": "None of the above", "ans": "A", "explanation": "No answer description available for this question. Let us discuss."}, {"question": "The infrared radiation by sun are strongly absorbed by", "opta": "carbon dioxide", "optb": "water vapours", "optc": "carbon dioxide and water vapours", "optd": "ozone", "ans": "A", "explanation": "No answer description available for this question. Let us discuss."}, {"question": "The latitude of a place expresses its angular position relative to the plane of", "opta": "axis of earth", "optb": "north pole", "optc": "south pole", "optd": "equator", "ans": "D", "explanation": "No answer description available for this question. Let us discuss."}, {"question": "The landforms that are influences by several process namely, weathering, erosion, deposition are known as", "opta": "polygenetic landforms", "optb": "structural landforms", "optc": "polycyclic landforms", "optd": "None of the above", "ans": "A", "explanation": "No answer description available for this question. Let us discuss."}, {"question": "The initial increase of magnetic field in magnetic storms is caused", "opta": "when the shock wave, associated with the gusty solar wind, compresses the magnetosphere", "optb": "when there is a large decrease in field intensity", "optc": "when the gust wind itself engulfs the magnetosphere", "optd": "None of the above", "ans": "A", "explanation": "No answer description available for this question. Let us discuss."}, {"question": "The island state of Australia is", "opta": "Victoria", "optb": "Queensland", "optc": "Tasmania", "optd": "New South Wales", "ans": "C", "explanation": "No answer description available for this question. Let us discuss."}, {"question": "The Ice age ended about ____ years ago.", "opta": "140", "optb": "1,400", "optc": "14,000", "optd": "140,000", "ans": "C", "explanation": "No answer description available for this question. Let us discuss."}, {"question": "The languages used in China is", "opta": "Chinese, English", "optb": "Chinese, Arabic", "optc": "Chinese, French", "optd": "Chinese, Korean", "ans": "A", "explanation": "No answer description available for this question. Let us discuss."}, {"question": "The islands with coral covered surfaces in Bay of Bengal are", "opta": "Andaman islands", "optb": "Nicobar islands", "optc": "both (a) and (b)", "optd": "None of the above", "ans": "B", "explanation": "No answer description available for this question. Let us discuss."}, {"question": "Within the transporting medium, transport can occur by", "opta": "suspension", "optb": "solution and traction", "optc": "solution", "optd": "All of the above", "ans": "D", "explanation": "No answer description available for this question. Let us discuss."}, {"question": "The length of the day is determined in", "opta": "astronomical units", "optb": "solar terms", "optc": "length of the hours", "optd": "None of the above", "ans": "A", "explanation": "No answer description available for this question. Let us discuss."}, {"question": "The hot, dry wind on the east or leeward side of the Rocky mountains (North America) is called", "opta": "the Chinook", "optb": "the Sirocco", "optc": "the Harmattan", "optd": "the Loo", "ans": "A", "explanation": "No answer description available for this question. Let us discuss."}, {"question": "The islands of Seychelles are located in the", "opta": "Arctic Ocean", "optb": "Atlantic Ocean", "optc": "Indian Ocean", "optd": "Pacific Ocean", "ans": "C", "explanation": "No answer description available for this question. Let us discuss."}, {"question": "The island of Sri Lanka formerly known as", "opta": "Madagascar", "optb": "Tasmania", "optc": "Ceylon", "optd": "None of the above", "ans": "C", "explanation": "No answer description available for this question. Let us discuss."}, {"question": "The highest sand dunes are found is", "opta": "the Sahara desert", "optb": "the Atacama desert", "optc": "the Kalahari desert", "optd": "the Gobi desert", "ans": "A", "explanation": "No answer description available for this question. Let us discuss."}, {"question": "The greatest variety of animal and plant species is fund in", "opta": "temperate grasslands", "optb": "tropical moist forests", "optc": "tundra regions", "optd": "in hot deserts", "ans": "B", "explanation": "No answer description available for this question. Let us discuss."}, {"question": "The layer of the earth, immediately below the crust, is called", "opta": "outer core", "optb": "inner core", "optc": "inner mantle", "optd": "outer mantle", "ans": "D", "explanation": "No answer description available for this question. Let us discuss."}, {"question": "The highest mountains in Africa, which is not part of any mountains chain, is", "opta": "Mt. Aconcagua", "optb": "Mt. Kilimanjaro", "optc": "Mt. Kosciuszko", "optd": "Mont Blanc", "ans": "B", "explanation": "No answer description available for this question. Let us discuss."}, {"question": "The heavier silicates named as 'Sima' or silica + magnesium are most abundant in the", "opta": "crust", "optb": "core", "optc": "mantle", "optd": "ocean floors", "ans": "D", "explanation": "No answer description available for this question. Let us discuss."}, {"question": "The imaginary line on the earth's surface, which closely follows the 180 \u00ba meridian, is called the", "opta": "International Date Line", "optb": "Tropic of Cancer", "optc": "Equator", "optd": "Prime Meridian", "ans": "A", "explanation": "No answer description available for this question. Let us discuss."}, {"question": "The largest part of our hydrosphere is", "opta": "Atlantic Ocean", "optb": "Indian Ocean", "optc": "Pacific ocean", "optd": "Antarctica ocean", "ans": "C", "explanation": "No answer description available for this question. Let us discuss."}, {"question": "The limit beyond which the stars suffer internal collapse is called the", "opta": "Raman Effect", "optb": "Chandrasekhar limit", "optc": "Aurora Borealis", "optd": "Quasan Zone", "ans": "B", "explanation": "No answer description available for this question. Let us discuss."}, {"question": "The ground water that occurs when flow of the subterranean water is not confined by the presence of impermeable layers is called", "opta": "unconfined groundwater", "optb": "confined groundwater", "optc": "aquifer", "optd": "artesian", "ans": "A", "explanation": "No answer description available for this question. Let us discuss."}, {"question": "The gulf that separates Finland and Sweden in Europe is", "opta": "the Gulf of Bothnia", "optb": "the Gulf of Lions", "optc": "the Gulf of Genoa", "optd": "the Gulf of Venice", "ans": "A", "explanation": "No answer description available for this question. Let us discuss."}, {"question": "The largest continent in the world is", "opta": "Africa", "optb": "Asia", "optc": "Australia", "optd": "Antarctica", "ans": "B", "explanation": "No answer description available for this question. Let us discuss."}, {"question": "The landforms that are created by massive earth movements due to plate tectonics are called", "opta": "structural landforms", "optb": "weathering landforms", "optc": "erosional landforms", "optd": "depositional landforms", "ans": "A", "explanation": "No answer description available for this question. Let us discuss."}, {"question": "The largest production of mica in Asia is from", "opta": "Indonesia", "optb": "Malaysia", "optc": "Myanmar", "optd": "India", "ans": "D", "explanation": "No answer description available for this question. Let us discuss."}, {"question": "The latitude 'AA' on the map represents the", "opta": "Tropic of Cancer", "optb": "Tropic of Capricorn", "optc": "Equator", "optd": "None of the above", "ans": "C", "explanation": "No answer description available for this question. Let us discuss."}, {"question": "The largest fresh water lake of Africa, area wise is", "opta": "lake Victoria", "optb": "lake Tanganyika", "optc": "lake Malawi", "optd": "Lake Rudolf", "ans": "A", "explanation": "No answer description available for this question. Let us discuss."}, {"question": "The important mountains of Europe include", "opta": "Andes, Alps, Pyrenees", "optb": "Alps, Carpathians, Pyrenees, Apennines", "optc": "Alps, Himalayas, Rock mountains", "optd": "None of the above", "ans": "B", "explanation": "No answer description available for this question. Let us discuss."}, {"question": "The last major glacial period began about 2,000,000 years before present and is commonly known as", "opta": "Pleistocene or ice age", "optb": "Paleocene or ice age", "optc": "Pliocene or ice age", "optd": "Holocene or ice age", "ans": "A", "explanation": "No answer description available for this question. Let us discuss."}, {"question": "The imaginary axis at which the earth rotates remains inclined at an angle of ____ to the plane of earth's orbit.", "opta": "44 1/2 \u00b0", "optb": "55 1/2 \u00b0", "optc": "66 1/2 \u00b0", "optd": "0 \u00b0", "ans": "C", "explanation": "No answer description available for this question. Let us discuss."}, {"question": "The ionosphere contains ionized air that protects the earth from", "opta": "the ultraviolet rays of the sun", "optb": "the infrared rays of the sun", "optc": "the falling meteorites", "optd": "None of the above", "ans": "C", "explanation": "No answer description available for this question. Let us discuss."}, {"question": "The horizontal of soil profile is composed of", "opta": "weathered parent material that is not affected by translocation and organic modification", "optb": "material affected by translocation & organic modification", "optc": "unweathered bedrock", "optd": "None of the above", "ans": "A", "explanation": "No answer description available for this question. Let us discuss."}, {"question": "The largest city in Latin America is", "opta": "Mexico city", "optb": "Caracas", "optc": "Rio-de-Janeiro", "optd": "Buenos Aires", "ans": "A", "explanation": "No answer description available for this question. Let us discuss."}, {"question": "The highest and lowest values of a weather element observed over the entire period of record are", "opta": "extremes", "optb": "average extremes", "optc": "absolute extremes", "optd": "relative extremes", "ans": "C", "explanation": "No answer description available for this question. Let us discuss."}, {"question": "The highest mountain peak of Oceania is", "opta": "Mt. Victoria, Papua New Guinea", "optb": "Mt. Kosciusko, Australia", "optc": "Mt. Cook, South Island (New Zealand)", "optd": "Puncak Jaya, Indonesia.", "ans": "D", "explanation": "No answer description available for this question. Let us discuss."}, {"question": "The length of the tropical years (the time interval between successive occurrences of the spring equinox) is decreasing very slowly as a result of", "opta": "small, progressive changes in the earth's rotational speed", "optb": "small, progressive change in earth's orbit around the sun", "optc": "both (a) and (b)", "optd": "None of the above", "ans": "C", "explanation": "No answer description available for this question. Let us discuss."}, {"question": "The largest gulf in the world is", "opta": "Gulf of Mexico", "optb": "Persian Gulf", "optc": "Gulf of Carpentaria", "optd": "Gulf of Mannar", "ans": "A", "explanation": "No answer description available for this question. Let us discuss."}, {"question": "The hunting and gathering economy can support only", "opta": "1 person per sq. km", "optb": "3 persons per sq. km", "optc": "5 persons per sq. km", "optd": "7 persons per sq. km", "ans": "A", "explanation": "No answer description available for this question. Let us discuss."}, {"question": "The import of crude oil and petroleum done from national oil companies of producer countries, which have a net exportable surplus of oil is by", "opta": "term contracts", "optb": "term tenders", "optc": "monthly tenders", "optd": "All the above", "ans": "A", "explanation": "No answer description available for this question. Let us discuss."}, {"question": "The land-sea distribution or the positions of the world's continents and major oceans influences", "opta": "the major pressure belts that develop from the general circulation of the atmosphere", "optb": "the development of the mid-latitude cyclonic depressions, at the convergence zone between polar and subtropical air masses", "optc": "both (a) and (b)", "optd": "None of the above", "ans": "C", "explanation": "No answer description available for this question. Let us discuss."}, {"question": "The knowledge about the topography of the ocean basins has been derived from", "opta": "seismic surveying", "optb": "echo sounder", "optc": "side-scan sonar", "optd": "All of the above", "ans": "D", "explanation": "No answer description available for this question. Let us discuss."}, {"question": "The headquarters of the Commonwealth of Independent States (CIS), formed out of erstwhile USSR, is at", "opta": "Minsk in Byelorussia", "optb": "Moscow in Russia", "optc": "Kiev in Ukraine", "optd": "Kistiner in Moldavia", "ans": "A", "explanation": "No answer description available for this question. Let us discuss."}]]}