{"test_questions": [[{"question": "Who wrote the famous book - 'We the people'?", "opta": "T.N.Kaul", "optb": "J.R.D. Tata", "optc": "Khushwant Singh", "optd": "Nani Palkhivala", "ans": "D", "explanation": "No answer description available for this question. Let us discuss."}, {"question": "Who is the author of the book 'Nineteen Eighty Four'?", "opta": "Thomas Hardy", "optb": "Emile Zola", "optc": "George Orwell", "optd": "Walter Scott", "ans": "C", "explanation": "No answer description available for this question. Let us discuss."}, {"question": "Which of the following is NOT written by Munshi Premchand?", "opta": "Gaban", "optb": "Godan", "optc": "Guide", "optd": "Manasorovar", "ans": "C", "explanation": "No answer description available for this question. Let us discuss."}, {"question": "Who is the author of the book 'Forbidden Verses'?", "opta": "Salman RushDie", "optb": "Abu Nuwas", "optc": "Ms. Taslima Nasrin", "optd": "D.H. Lawrence", "ans": "B", "explanation": "No answer description available for this question. Let us discuss."}, {"question": "The lead character in the film 'The Bandit Queen' has been played by", "opta": "Rupa Ganguly", "optb": "Seema Biswas", "optc": "Pratiba Sinha", "optd": "Shabama Azmi", "ans": "B", "explanation": "No answer description available for this question. Let us discuss."}, {"question": "Which of the following books has been written by Vikram Seth?", "opta": "My God Died Young", "optb": "Islamic Bomb", "optc": "Look Back in Anger", "optd": "A Suitable Boy", "ans": "D", "explanation": "No answer description available for this question. Let us discuss."}, {"question": "Who wrote the line: ' A thing of beauty is a joy forever'?", "opta": "John Keats", "optb": "Robert Browing", "optc": "P.B.Shelley", "optd": "William Wordsworth", "ans": "A", "explanation": "No answer description available for this question. Let us discuss."}, {"question": "Who has written the book 'My Frozen Turbulence in Kashmir'?", "opta": "Anees Jung", "optb": "Jagmohan", "optc": "M.J.Akbar", "optd": "Nissim Ezekiel", "ans": "B", "explanation": "No answer description available for this question. Let us discuss."}, {"question": "The book 'To Live or Not Live' was written by", "opta": "V.S. Naipaul", "optb": "Alexandra Dumas", "optc": "George Elliot", "optd": "Nirad C. Chaudhuri", "ans": "D", "explanation": "No answer description available for this question. Let us discuss."}, {"question": "In India the first television programme was broadcasted in", "opta": "1959", "optb": "1965", "optc": "1976", "optd": "1957", "ans": "A", "explanation": "No answer description available for this question. Let us discuss."}, {"question": "'A Voice for Freedom' is a book written by", "opta": "Corazon Aquino", "optb": "Nayantara Sahgal", "optc": "Aung San Suu Kyi", "optd": "Benazir Bhutto", "ans": "B", "explanation": "No answer description available for this question. Let us discuss."}, {"question": "Who is the father of English Poetry?", "opta": "Milton", "optb": "Wordsworth", "optc": "Chaucer", "optd": "Charles Dickens", "ans": "C", "explanation": "No answer description available for this question. Let us discuss."}, {"question": "The popular TV serial 'Neem ka Ped' was written by", "opta": "Rahi Masoom Raza", "optb": "Sharad Joshi", "optc": "Ashapurna Devi", "optd": "Harivansh Rai Bachachan", "ans": "A", "explanation": "No answer description available for this question. Let us discuss."}, {"question": "Who wrote 'War and Peace'?", "opta": "Leo Tolstoy", "optb": "Mahatma Gandhi", "optc": "Charles Dickens", "optd": "Kipling", "ans": "A", "explanation": "No answer description available for this question. Let us discuss."}, {"question": "Which of the book was written by Graham Greene?", "opta": "O' Jerusalem", "optb": "The Power and Glory", "optc": "Crisis in India", "optd": "Of Human Bondage", "ans": "B", "explanation": "No answer description available for this question. Let us discuss."}, {"question": "George Bernard Shaw, the great dramatist, was", "opta": "a Welsh", "optb": "an Irishman", "optc": "a Soctsman", "optd": "an Englishman", "ans": "B", "explanation": "No answer description available for this question. Let us discuss."}, {"question": "'Mirchchhakatika' was written by", "opta": "Vikramaditya", "optb": "Shudraka", "optc": "Kalhana", "optd": "Banabhatta", "ans": "B", "explanation": "No answer description available for this question. Let us discuss."}, {"question": "The famous book 'Anandmath' was authored by", "opta": "Sarojini Naidu", "optb": "Bankim Chandra Chottapadhya", "optc": "Sri Aurobindo", "optd": "Rabindrnath Tagore", "ans": "B", "explanation": "Anand Math is a 1952 Hindi patriotic-historical film directed by Hemen Gupta, based on 'Anandamath', the famous Bengali novel written by Bankim Chandra Chattopadhyay in 1882. The novel and film are set in the events of the Sannyasi Rebellion, which took place in the late 18th century in eastern India, especially Bengal."}, {"question": "Who directed the film '1942: A love story'?", "opta": "Mahesh Bhatt", "optb": "Vidhu Vinod Chopra", "optc": "Yash Chopra", "optd": "Ketan Mehta", "ans": "B", "explanation": "No answer description available for this question. Let us discuss."}, {"question": "Who is the author of famous statement: \"That Government is the best which governs least\"?", "opta": "Herbert Spencer", "optb": "Harold Laski", "optc": "Alexis De Tocqueville", "optd": "Henry David Thoreau", "ans": "D", "explanation": "Henry David Thoreau 1849\n\n\"We've heard it said, that government is best which governs least.\n\nThat government is best which governs not at all,\n\nand when men are prepared for it,\n\nthat will be the kind of government they will have."}, {"question": "Which of the following English films was the first one to be dubbed in Hindi?", "opta": "Aladdin", "optb": "Universal Soldier", "optc": "Speed", "optd": "Iron Man", "ans": "A", "explanation": "No answer description available for this question. Let us discuss."}, {"question": "Who wrote the book 'Reminiscences of the Nehru Age'?", "opta": "C.D.Deshmukh", "optb": "Dr. P.C.Alexander", "optc": "M.O.Mathai", "optd": "S.C.Rajagopalachari", "ans": "C", "explanation": "No answer description available for this question. Let us discuss."}, {"question": "Aurobindo was the author of", "opta": "Discovery of India", "optb": "Hindu view of life", "optc": "Yogashastra", "optd": "Savitri", "ans": "D", "explanation": "No answer description available for this question. Let us discuss."}, {"question": "Which of the following is a biography of the Lady Mountbatten?", "opta": "Edwina Mountbatten - A Life of Her Own.", "optb": "Edwina Mountbatten - Her relationship with Nehru", "optc": "Mountbatten", "optd": "Edwina Mountbattten", "ans": "A", "explanation": "No answer description available for this question. Let us discuss."}, {"question": "In which year was the 'All India Radio' set up?", "opta": "1936", "optb": "1927", "optc": "1947", "optd": "1950", "ans": "A", "explanation": "No answer description available for this question. Let us discuss."}, {"question": "Who directed the film 'Sardar'?", "opta": "Das Gupta", "optb": "Shyam Benegal", "optc": "Tapan Sinha", "optd": "Ketan Mehta", "ans": "D", "explanation": "No answer description available for this question. Let us discuss."}, {"question": "Who said \"God helps those who help themselves\"?", "opta": "Andre Maurois", "optb": "Andre Gide", "optc": "Algernon Sidney", "optd": "Swami Vivekananda", "ans": "C", "explanation": "The phrase \"God helps those who help themselves\" is a popular motto which emphasizes the importance of self-initiative. \nThe phrase originated in ancient Greece, occurring as the moral to one of Aesop's Fables, and later in the great tragedy authors of ancient Greek drama. It has been commonly attributed to Benjamin Franklin, however the modern English wording appears earlier in Algernon Sidney's work. \nIt is mistaken by many to be a Bible quote, however the phrase does not occur in the Bible. Some Christians have criticized it as actually against the Bible's basic message of God's grace."}, {"question": "The film 'Salaam Bombay' was directed by", "opta": "Shyam Benegal", "optb": "Mira Nair", "optc": "Aparna Sen", "optd": "Mrinal Sen", "ans": "B", "explanation": "No answer description available for this question. Let us discuss."}, {"question": "'Alice in Wonderland' the famous TV serial is based on a book written by", "opta": "Father Discoste", "optb": "Thomas Hardy", "optc": "Charles Dickens", "optd": "Lewis Caroll", "ans": "D", "explanation": "No answer description available for this question. Let us discuss."}, {"question": "The owner of Star TV is", "opta": "Rupert Murdoch", "optb": "Tata Group", "optc": "Richard Attenborough", "optd": "George Lucas", "ans": "A", "explanation": "No answer description available for this question. Let us discuss."}, {"question": "'The Gathering Storm' is written by", "opta": "Winston Churchill", "optb": "George Washington", "optc": "Voltaire", "optd": "Romain Rolland", "ans": "A", "explanation": "No answer description available for this question. Let us discuss."}, {"question": "The television serial 'Charitraheen' is based on the famous novel of which of the following authors?", "opta": "Rabindranath Tagore", "optb": "Sarat Chandra Chattopadhaya", "optc": "Tara Sankar Bandhopadhya", "optd": "Bankim Chandra Chatterji", "ans": "B", "explanation": "No answer description available for this question. Let us discuss."}, {"question": "The programme 'Gyan Vani' is broadcasted by", "opta": "Zee TV", "optb": "AIR", "optc": "Sony TV", "optd": "Doordarshan", "ans": "B", "explanation": "No answer description available for this question. Let us discuss."}, {"question": "Who is the author of the book 'My Experiments with Truth'?", "opta": "Mahatma Gandhi", "optb": "Michael Anderson", "optc": "Winston Churchill", "optd": "Jarnes Morris", "ans": "A", "explanation": "No answer description available for this question. Let us discuss."}, {"question": "Who is the writer of 'Swamy and Friends'?", "opta": "Munshi Premchand", "optb": "Raman", "optc": "Max Muller", "optd": "R. K. Narayan", "ans": "D", "explanation": "No answer description available for this question. Let us discuss."}, {"question": "'The Naked Face',  a very popular book is written by", "opta": "Dominique Lapierre", "optb": "Larry Collins", "optc": "Sidney Sheldon", "optd": "Juan Benet", "ans": "C", "explanation": "No answer description available for this question. Let us discuss."}, {"question": "The author of controversial book 'Lajja' is a citizen of", "opta": "Pakistan", "optb": "Indonesia", "optc": "Bangladesh", "optd": "India", "ans": "C", "explanation": "No answer description available for this question. Let us discuss."}, {"question": "The first history book was written by", "opta": "Euclid", "optb": "Herodotus", "optc": "Aristotle", "optd": "Julius Caesar", "ans": "B", "explanation": "No answer description available for this question. Let us discuss."}, {"question": "'A Secular Agenda' is a book written by", "opta": "Arun Shourie", "optb": "Mani Shankar Aiyar", "optc": "Prem Shankar Jha", "optd": "M.J. Akbar", "ans": "A", "explanation": "No answer description available for this question. Let us discuss."}, {"question": "In which language did 'Dr. Masti Venkatesh Iyengar' write?", "opta": "Malayalam", "optb": "Tamil", "optc": "Telugu", "optd": "Kannada", "ans": "D", "explanation": "No answer description available for this question. Let us discuss."}, {"question": "The book named 'Three Decades in Parliament' is a collection of the speeches of", "opta": "A. B. Vajpayee", "optb": "Somnath Chatterjee", "optc": "L. K. Advani", "optd": "N. G. Ranga", "ans": "A", "explanation": "No answer description available for this question. Let us discuss."}, {"question": "Who said 'Man is a political animal'?", "opta": "Dante", "optb": "Aristotle", "optc": "Socrates", "optd": "Plato", "ans": "B", "explanation": "No answer description available for this question. Let us discuss."}, {"question": "The famous character 'Pickwick' was created by", "opta": "Steven Spielberg", "optb": "Leo Tolstoy", "optc": "Walt Disney", "optd": "Charles dickens", "ans": "D", "explanation": "No answer description available for this question. Let us discuss."}, {"question": "'The General Happiness is the end of the state' who said this?", "opta": "Hegel", "optb": "Benthem", "optc": "Plato", "optd": "Green", "ans": "B", "explanation": "No answer description available for this question. Let us discuss."}, {"question": "'Sports Channel' a monthly video magazine has been launched by", "opta": "Kapil Dev", "optb": "Sunil Gavaskar", "optc": "Ajit Wadekar", "optd": "Nawab Pataudi", "ans": "A", "explanation": "No answer description available for this question. Let us discuss."}, {"question": "The creator of 'Sherlock Holmes' was", "opta": "Arthur Conan Doyle", "optb": "Ian Fleming", "optc": "Dr.Watson", "optd": "Shakespeare", "ans": "A", "explanation": "No answer description available for this question. Let us discuss."}, {"question": "Who directed the famous TV Serial 'Tandoori Nights'?", "opta": "Farukh Dhondy", "optb": "Jon AMiel", "optc": "Zohra Sehgal", "optd": "Saeed Jaffrey", "ans": "B", "explanation": "No answer description available for this question. Let us discuss."}, {"question": "Who is the author of book 'We Indians'?", "opta": "Nirad C. Choudry", "optb": "Subramaniya Swamy", "optc": "Khushwant Singh", "optd": "Muluk Raj Anand", "ans": "C", "explanation": "No answer description available for this question. Let us discuss."}, {"question": "'India of our Dreams' is a book written by", "opta": "Dr. S. Radhakrishnan", "optb": "Dr. C. Subramanian", "optc": "M.V. Kamath", "optd": "Dr. Rajendra Prasad", "ans": "C", "explanation": "No answer description available for this question. Let us discuss."}, {"question": "Who is the author of the book - 'Preparing for the Twenty - First Century'?", "opta": "Larry Collins", "optb": "V.S. Naipul", "optc": "V.R. Krishna Iyer", "optd": "Paul Kennedy", "ans": "D", "explanation": "No answer description available for this question. Let us discuss."}, {"question": "Which of the film is directed by Mr. Buddhadeb Gupta?", "opta": "Mohra", "optb": "Krantiveer", "optc": "1942 - A Love Story", "optd": "Charachar", "ans": "D", "explanation": "No answer description available for this question. Let us discuss."}, {"question": "'Neela Chand' which won the Vyas Samman for 1992 is written by", "opta": "Shiv Prasad Singh", "optb": "Subash Mukhopadhyay", "optc": "Ram Vilas Sharma", "optd": "Ramakant Rath", "ans": "A", "explanation": "No answer description available for this question. Let us discuss."}, {"question": "The famous book 'Anna Karenina' written by ?", "opta": "Boris Pasternak", "optb": "Victor Hugo", "optc": "Lewis Carroll", "optd": "Leo Tolstoy", "ans": "D", "explanation": "No answer description available for this question. Let us discuss."}, {"question": "Who is the author of famous book 'The Judgement'?", "opta": "Anthony Mascarenhasa", "optb": "R. Vankataraman", "optc": "Kuldip Nayar", "optd": "Janardhan Turkur", "ans": "C", "explanation": "No answer description available for this question. Let us discuss."}, {"question": "Who said \"I therefore, want freedom immediately, this very night, before dawn, if it can be had\"?", "opta": "Jawaharlal Nehru", "optb": "Mahatma Gandhi", "optc": "Rajendra Prasad", "optd": "Nelson Mandela", "ans": "B", "explanation": "No answer description available for this question. Let us discuss."}, {"question": "'Gita Govinda' is written by", "opta": "Valmiki", "optb": "Jaya Dev", "optc": "Tulsidas", "optd": "Sharan Gupta", "ans": "B", "explanation": "No answer description available for this question. Let us discuss."}, {"question": "Who is the author of 'Ashtadhyayi'?", "opta": "Sumitranandan", "optb": "Raj Anand", "optc": "Panini", "optd": "Gitta Piramal", "ans": "C", "explanation": "No answer description available for this question. Let us discuss."}, {"question": "Who directed the world famous film 'The Gandhi'?", "opta": "Ben Kingsley", "optb": "Satyajit Ray", "optc": "Mrinal Sen", "optd": "Richard Attenborough", "ans": "D", "explanation": "No answer description available for this question. Let us discuss."}, {"question": "Who is the author of the book 'No Full Stops in India'?", "opta": "Raj Mohan Gandhi", "optb": "Shyam lal", "optc": "E.M. Forster", "optd": "Mark Tully", "ans": "D", "explanation": "No answer description available for this question. Let us discuss."}, {"question": "Who has written the book 'Kashmir - Behind the Vale'?", "opta": "L. Ramdas", "optb": "Lt. Gen. Dipendra Singh", "optc": "M. J. Akbar", "optd": "Lt. Gen. S. C. Sardeshpande", "ans": "C", "explanation": "No answer description available for this question. Let us discuss."}, {"question": "Who has written the book 'The Famished Road'?", "opta": "Ian Austin", "optb": "V.S. Naipaul", "optc": "Ben Okri", "optd": "Zola Emile", "ans": "C", "explanation": "No answer description available for this question. Let us discuss."}, {"question": "'Eight Lives' is a book written by", "opta": "Raja Ramana", "optb": "Savita Ambedkar", "optc": "Mahesh Yogi", "optd": "Raj Mohan Gandhi", "ans": "D", "explanation": "No answer description available for this question. Let us discuss."}, {"question": "'Nature never did betray the heart that loved her' is a quotation from", "opta": "W.Wordsworth", "optb": "J.Brayon", "optc": "P.B.Shelly", "optd": "J.Keats", "ans": "A", "explanation": "No answer description available for this question. Let us discuss."}, {"question": "Who is the author of the book 'Freedom Behind Bars'?", "opta": "Kiran Bedi", "optb": "Jawaharlal Nahru", "optc": "Sheikh Abdullah", "optd": "Nelson Mandela", "ans": "A", "explanation": "No answer description available for this question. Let us discuss."}, {"question": "The book 'A Farewell to Arms' was written by", "opta": "Charles Dickens", "optb": "Ernest Hemingway", "optc": "Thomas Hardy", "optd": "Huxley", "ans": "B", "explanation": "No answer description available for this question. Let us discuss."}, {"question": "'Ek Doctor Ki Maut' is a film directed by", "opta": "Gautam Gosh", "optb": "Tapan Sinha", "optc": "Meera nair", "optd": "Shyam Benegal", "ans": "B", "explanation": "No answer description available for this question. Let us discuss."}, {"question": "The book 'Satanic Verses' was written by", "opta": "Gunnar Myrdal", "optb": "William Golding", "optc": "Salman Rushdie", "optd": "Agatha Christie", "ans": "C", "explanation": "No answer description available for this question. Let us discuss."}, {"question": "Who has won the Gyan Peeth Award for her book 'Yama'?", "opta": "Maheswari Devi", "optb": "Asha Poorna Devi", "optc": "Amrita Preetam", "optd": "Mahadevi Verma", "ans": "D", "explanation": "No answer description available for this question. Let us discuss."}, {"question": "Which of the following Newspapers are published in Bengali Language?", "opta": "Lok Satta", "optb": "Pratap", "optc": "Din Mani", "optd": "Jugantar", "ans": "D", "explanation": "No answer description available for this question. Let us discuss."}, {"question": "Who is the author of the novel 'Les Miserable'?", "opta": "Victor Hugo", "optb": "ALium tofler", "optc": "G.Wynne", "optd": "Fedric", "ans": "A", "explanation": "No answer description available for this question. Let us discuss."}, {"question": "The serial 'India's Rajiv' was produced and directed by", "opta": "Simmi Garewal", "optb": "Satyajit Ray", "optc": "Shyam Benegal", "optd": "Mira Nair", "ans": "A", "explanation": "No answer description available for this question. Let us discuss."}, {"question": "The original name of 'Mahabharata' is", "opta": "Katha Saritsagar", "optb": "Jai Samhita", "optc": "Vrahat Katha", "optd": "Rajatarangini", "ans": "B", "explanation": "No answer description available for this question. Let us discuss."}, {"question": "'Man without society is either a beast or a God'. Who said this?", "opta": "Plato", "optb": "Gandhi", "optc": "Aristotle", "optd": "Henry Maine", "ans": "C", "explanation": "No answer description available for this question. Let us discuss."}, {"question": "Who has written the famous book 'Mankind and Mother Earth'?", "opta": "Arnold Toynbee", "optb": "Leo Tolstoy", "optc": "John Ruskin", "optd": "Bertrand Russel", "ans": "A", "explanation": "No answer description available for this question. Let us discuss."}, {"question": "'Maya Memsaab' is a film directed by", "opta": "Shyam Benegal", "optb": "Ketan Mahta", "optc": "Bhupen Hazarika", "optd": "Tapan Sinha", "ans": "B", "explanation": "No answer description available for this question. Let us discuss."}, {"question": "Who is the author of the book 'Naked Triangle'?", "opta": "R.K.Narayan", "optb": "Amrita Pritam", "optc": "Balwant Gargi", "optd": "Khushwant Singh", "ans": "C", "explanation": "No answer description available for this question. Let us discuss."}, {"question": "The book 'Gulliver's Travels' was written by", "opta": "Alexandra Dumas", "optb": "Charles Lamb", "optc": "Charles Dickens", "optd": "Jonathan Swift", "ans": "D", "explanation": "No answer description available for this question. Let us discuss."}, {"question": "Who directed the film 'Little Buddha'?", "opta": "Richard Attenborough", "optb": "Bernardo Bertolucci", "optc": "Ben Johnson", "optd": "Mani Kaul", "ans": "B", "explanation": "No answer description available for this question. Let us discuss."}, {"question": "The controversial documentary 'Hell's Angel' broadcasted by Channel 4 on Independent British Television Station is based on who among the following?", "opta": "Joseph Stalin", "optb": "Adolf Hitler", "optc": "Mother Teresa", "optd": "Saddam Hussein", "ans": "C", "explanation": "No answer description available for this question. Let us discuss."}, {"question": "Who is the author of 'Tom Sawyer'?", "opta": "Leo Tolstoy", "optb": "Mark Twain", "optc": "John Ruskin", "optd": "William Shakespeare", "ans": "B", "explanation": "No answer description available for this question. Let us discuss."}, {"question": "Who is the author of the book 'The Future of Freedom'?", "opta": "Richard Wolfee", "optb": "Peter Hudson", "optc": "Tamara Lipper", "optd": "Fareed Zakaria", "ans": "D", "explanation": "No answer description available for this question. Let us discuss."}, {"question": "Who said the words, 'I disapprove of what you say, but I will defend to Death your right to say it'?", "opta": "George Bernard Shaw", "optb": "Lenin", "optc": "Voltaire", "optd": "Mahatma Gandhi", "ans": "C", "explanation": "No answer description available for this question. Let us discuss."}, {"question": "The celebrated novel 'The Godfather' was authored by", "opta": "Harold Robbins", "optb": "John Milton", "optc": "Victor Hugo", "optd": "Mario Puzo", "ans": "D", "explanation": "No answer description available for this question. Let us discuss."}, {"question": "Which of the following books is written by Rabindranath Tagore?", "opta": "Rakta Karabi", "optb": "Chidambara", "optc": "Anand Math", "optd": "Durgesh Nandini", "ans": "A", "explanation": "No answer description available for this question. Let us discuss."}, {"question": "The book 'The Man who knew Infinity' by Robert Kanigel is the biography of", "opta": "Srinivasa Ramanujan", "optb": "Sir C. V. Raman", "optc": "Homi Bhabha", "optd": "Vikram Sarabhai", "ans": "A", "explanation": "No answer description available for this question. Let us discuss."}, {"question": "Who is the author of 'Betrayal of the Defence Forces'?", "opta": "Vishnu Bhagat", "optb": "Tarun Tejpal", "optc": "George Fernandes", "optd": "Jaswant Singh", "ans": "A", "explanation": "No answer description available for this question. Let us discuss."}, {"question": "David Copperfield is the name of", "opta": "novel", "optb": "famous actor", "optc": "poem", "optd": "writer", "ans": "A", "explanation": "No answer description available for this question. Let us discuss."}, {"question": "The famous book 'The Daughter of the East' is written by", "opta": "Ms. Taslima Nasreen", "optb": "Ms. Benazir Bhutto", "optc": "Ms. Aunsan Suu Kyi", "optd": "Ms. Bandaranaike Sirimavo", "ans": "B", "explanation": "No answer description available for this question. Let us discuss."}, {"question": "Which is not a correct combination?", "opta": "Prithivi Raj Raso - Chand Bardai", "optb": "Idols - Sunil Gavaskar", "optc": "Midnight Children - A. Sanderson", "optd": "Meghdoot - Kalidaas", "ans": "C", "explanation": "Midnight's Children is a 1981 book by Salman Rushdie about India's transition from British colonialism to independence."}, {"question": "The author of the book 'Waiting for the Mahatma' is", "opta": "R.K. Narayan", "optb": "N.A. Palkhiwala", "optc": "Amrita Pritam", "optd": "Manohar Malgonkar", "ans": "A", "explanation": "No answer description available for this question. Let us discuss."}, {"question": "Who is the author of 'India Wins Freedom'?", "opta": "Dominique Lapierre", "optb": "Maulana Azad", "optc": "Khan Abdul Gaffar Khan", "optd": "Jawaharlal Nahru", "ans": "B", "explanation": "No answer description available for this question. Let us discuss."}, {"question": "'In Custody', an English novel is written by which one of the following?", "opta": "Anita Desai", "optb": "Vikram Seth", "optc": "Shoba De", "optd": "V.S. Naipaul", "ans": "A", "explanation": "No answer description available for this question. Let us discuss."}, {"question": "Who wrote the book 'The Prince'?", "opta": "Bernard Shaw", "optb": "Niccolo Machiaveli", "optc": "V.S. Sharma", "optd": "Emile Zola", "ans": "B", "explanation": "No answer description available for this question. Let us discuss."}, {"question": "What is unique about the film 'Adi Shankaracharya'?", "opta": "It has won the National Award.", "optb": "It is the first Bengal film.", "optc": "It is the first Sanskrit film.", "optd": "It has no female actress.", "ans": "C", "explanation": "No answer description available for this question. Let us discuss."}, {"question": "'Crime and Punishment' was written by", "opta": "Fyodor Dostoevsky", "optb": "Vladimir Nabakov", "optc": "Lewis Carrol", "optd": "Alexander Solzhenitsyn", "ans": "A", "explanation": "No answer description available for this question. Let us discuss."}, {"question": "Lala Lajpat Rai is the author of the book", "opta": "India Divided", "optb": "Unhappy India", "optc": "Mother India", "optd": "Hind Swaraj", "ans": "B", "explanation": "No answer description available for this question. Let us discuss."}]]}