{"test_questions": [[{"question": "The Battle of Plassey was fought in", "opta": "1757", "optb": "1782", "optc": "1748", "optd": "1764", "ans": "A", "explanation": "The Battle of Plassey, 23 June 1757, was a decisive British East India Company victory over the Nawab of Bengal and his French allies, establishing Company rule in South Asia which expanded over much of the Indies for the next 190 years. The battle took place at Palashi, Bengal, on the river banks of the Bhagirathi River, about 150 km north of Calcutta, near Murshidabad, then capital of undivided Bengal. The belligerents were Siraj-ud-daulah, the last independent Nawab of Bengal, and the British East India Company.\nMore info: http://en.wikipedia.org/wiki/Battle_of_Plassey"}, {"question": "The territory of Porus who offered strong resistance to Alexander was situated between the rivers of", "opta": "Sutlej and Beas", "optb": "Jhelum and Chenab", "optc": "Ravi and Chenab", "optd": "Ganga and Yamuna", "ans": "B", "explanation": "No answer description available for this question. Let us discuss."}, {"question": "Under Akbar, the Mir Bakshi was required to look after", "opta": "military affairs", "optb": "the state treasury", "optc": "the royal household", "optd": "the land revenue system", "ans": "A", "explanation": "The head of the military was called the Mir Bakshi, appointed from among the leading nobles of the court. The Mir Bakshi was in charge of intelligence gathering, and also made recommendations to the emperor for military appointments and promotions."}, {"question": "Tripitakas are sacred books of", "opta": "Buddhists", "optb": "Hindus", "optc": "Jains", "optd": "None of the above", "ans": "A", "explanation": "No answer description available for this question. Let us discuss."}, {"question": "The trident-shaped symbol of Buddhism does not represent", "opta": "Nirvana", "optb": "Sangha", "optc": "Buddha", "optd": "Dhamma", "ans": "A", "explanation": "No answer description available for this question. Let us discuss."}, {"question": "The theory of economic drain of India during British imperialism was propounded by", "opta": "Jawaharlal Nehru", "optb": "Dadabhai Naoroji", "optc": "R.C. Dutt", "optd": "M.K. Gandhi", "ans": "B", "explanation": "No answer description available for this question. Let us discuss."}, {"question": "The treaty of Srirangapatna was signed between Tipu Sultan and", "opta": "Robert Clive", "optb": "Cornwallis", "optc": "Dalhousie", "optd": "Warren Hastings", "ans": "B", "explanation": "No answer description available for this question. Let us discuss."}, {"question": "The system of competitive examination for civil service was accepted in principle in the year", "opta": "1833", "optb": "1853", "optc": "1858", "optd": "1882", "ans": "B", "explanation": "No answer description available for this question. Let us discuss."}, {"question": "Through which one of the following, the king exercised his control over villages in the Vijayanagar Empire?", "opta": "Dannayaka", "optb": "Sumanta", "optc": "Nayaka", "optd": "Mahanayakacharya", "ans": "D", "explanation": "No answer description available for this question. Let us discuss."}, {"question": "The Vijayanagara ruler, Kirshnadev Raya's work Amuktamalyada, was in", "opta": "Telugu", "optb": "Sanskrit", "optc": "Tamil", "optd": "Kannada", "ans": "A", "explanation": "No answer description available for this question. Let us discuss."}, {"question": "Under an agreement with which of the following countries did Subhas Chandra Bose organize the Indian soldiers, taken as prisoners by the Axis Powers, into the Azad Hind Fauj?", "opta": "China", "optb": "Germany", "optc": "Italy", "optd": "Japan", "ans": "D", "explanation": "No answer description available for this question. Let us discuss."}, {"question": "We hear of two envoys being sent to the Roman kings, one in 27-28 AD to the court of Augustus and the other in 110-20 AD to the court of", "opta": "Cartius", "optb": "Trajan", "optc": "Nero", "optd": "Brutus", "ans": "B", "explanation": "No answer description available for this question. Let us discuss."}, {"question": "The use of Kharoshti in ancient Indian architecture is the result of India's contact with", "opta": "Central Asia", "optb": "Iran", "optc": "Greece", "optd": "China", "ans": "C", "explanation": "No answer description available for this question. Let us discuss."}, {"question": "Vaikhanasa the five-fold conception of Vishnu consists of  brahmanpurushaprakritisatyaachyutaaniruddha", "opta": "I, II, III, IV and V", "optb": "II, III, IV, V and VI", "optc": "I, II, IV, V and VI", "optd": "I, III, IV, V and VI", "ans": "D", "explanation": "No answer description available for this question. Let us discuss."}, {"question": "The troops raised by the emperor but not paid directly the state and place under the charge of mansabadars were know as", "opta": "Walashahi", "optb": "Barawardi", "optc": "JCumaki", "optd": "Dakhili", "ans": "D", "explanation": "No answer description available for this question. Let us discuss."}, {"question": "The treaty of Mangalore was signed between", "opta": "the English East India Company and Haidar Ali", "optb": "the English East India Company and Tipu Sultan", "optc": "Haidar Ali and the Zamorin of Calicut", "optd": "the French East India Company and Tipu Sultan", "ans": "B", "explanation": "No answer description available for this question. Let us discuss."}, {"question": "To conquer and annex Peshawar and Punjab, Mahmud of Ghazni defeated", "opta": "Ghurids", "optb": "Arabs", "optc": "Karkotakas", "optd": "Hindushahis", "ans": "D", "explanation": "No answer description available for this question. Let us discuss."}, {"question": "To which professions earlier leaders who struggled for freedom of India mainly belonged?", "opta": "Lawyers", "optb": "Teachers", "optc": "Journalists", "optd": "All of the above", "ans": "D", "explanation": "No answer description available for this question. Let us discuss."}, {"question": "The victories of Karikala are well portrayed in", "opta": "Palamoli", "optb": "Aruvanad", "optc": "Pattinappalai", "optd": "Padirrupattu", "ans": "C", "explanation": "No answer description available for this question. Let us discuss."}, {"question": "Todar Mal was associated with", "opta": "music", "optb": "literature", "optc": "finance", "optd": "law", "ans": "C", "explanation": "Raja Todar Mal was the Finance Minister of the Mughal empire during Akbar's reign. He was one of the Navaratnas in Akbar's durbar."}, {"question": "The title of 'Viceroy' was added to the office of the Governor-General of India for the first time in", "opta": "1848 AD", "optb": "1856 AD", "optc": "1858 AD", "optd": "1862 AD", "ans": "C", "explanation": "No answer description available for this question. Let us discuss."}, {"question": "To which of the following dynasties did King Bhoja, a great patron of literature and art, belong?", "opta": "Karkota", "optb": "Utpala", "optc": "Paramara", "optd": "Gurjara Pratihara", "ans": "C", "explanation": "No answer description available for this question. Let us discuss."}, {"question": "Vikramaditya, a king of Ujjain, started the Vikrama samvat in 58 BC in commemoration of his victory over", "opta": "Indo-Greeks", "optb": "Sakas", "optc": "Parthinas", "optd": "Kushanas", "ans": "B", "explanation": "No answer description available for this question. Let us discuss."}, {"question": "Two of the great Mughals wrote their own memories. There were", "opta": "Babar and Humayun", "optb": "Humayun and Jahangir", "optc": "Babar and Jahangir", "optd": "Jahangir and Shahjahan", "ans": "C", "explanation": "No answer description available for this question. Let us discuss."}, {"question": "To which king belongs the Lion capital at Sarnath?", "opta": "Chandragupta", "optb": "Ashoka", "optc": "Kanishka", "optd": "Harsha", "ans": "B", "explanation": "No answer description available for this question. Let us discuss."}, {"question": "The use of spinning wheel (Charkha) became common during the", "opta": "9th Century AD", "optb": "10th Century AD", "optc": "12th Century AD", "optd": "14th Century AD", "ans": "D", "explanation": "No answer description available for this question. Let us discuss."}, {"question": "The language of discourses of Gautama Buddha was", "opta": "Bhojpuri", "optb": "Magadhi", "optc": "Pali", "optd": "Sanskrit", "ans": "C", "explanation": "No answer description available for this question. Let us discuss."}, {"question": "There were widespread risings against the British in the 1820s. Which one of the following did not revolt in the 1820s?", "opta": "Santhals", "optb": "Ahoms", "optc": "Pagal Panthis", "optd": "Ramosi", "ans": "A", "explanation": "No answer description available for this question. Let us discuss."}, {"question": "Velu Thampi led a revolt against the British in state of", "opta": "Travancore", "optb": "Baroda", "optc": "Hyderabad", "optd": "Mysore", "ans": "A", "explanation": "No answer description available for this question. Let us discuss."}, {"question": "Under the Mountbatten Plan of 1947 the people of ___ were given the right to decide through a plebiscite whether they wished to join Pakistan or India.", "opta": "Assam", "optb": "Punjab", "optc": "Bengal", "optd": "N.W.F.P and the Sylhet district of Assam", "ans": "D", "explanation": "No answer description available for this question. Let us discuss."}, {"question": "Three major  powers that emerged in southern India in the 7th century AD were  CherasCholasChalukyasPallavasPandyas", "opta": "I, II, V", "optb": "II, III, IV", "optc": "III, IV, V", "optd": "I, II, IV", "ans": "A", "explanation": "No answer description available for this question. Let us discuss."}, {"question": "The term 'Yavanapriya' mentioned in ancient Sanskrit texts denoted", "opta": "ivory", "optb": "pepper", "optc": "a fine variety of Indian muslin", "optd": "damsels sent to the Greek court for dance performance", "ans": "B", "explanation": "No answer description available for this question. Let us discuss."}, {"question": "The Timariots Governors and the Revenue Contractors, on their part reason in this manner: \"Why should the neglected state of this land create uneasiness in our minds and why should we expend our money and time to render it fruitful? We may be deprived of it in a single moment, and our exertions would benefit neither ourselves nor our children.\" This statement was made by", "opta": "Monserrate", "optb": "Tavernier", "optc": "Manrique", "optd": "Bernier", "ans": "D", "explanation": "No answer description available for this question. Let us discuss."}, {"question": "The ultimate ownership of land during the post-Gupta period lay with", "opta": "the cultivator", "optb": "the village community", "optc": "the king", "optd": "the joint family", "ans": "C", "explanation": "No answer description available for this question. Let us discuss."}, {"question": "To which of the republic of Buddha belong?", "opta": "Licchavis", "optb": "Sakyas", "optc": "Mallas", "optd": "None of the above", "ans": "B", "explanation": "No answer description available for this question. Let us discuss."}, {"question": "There was a sharp class division at Harappa and Mohen-jodaro. This is clear from the", "opta": "Indus seals excavated", "optb": "religious beliefs of the Harappans", "optc": "tools and implements used by the Harappans", "optd": "different types of dwellings excavated", "ans": "D", "explanation": "No answer description available for this question. Let us discuss."}, {"question": "The title given by the British Government to Mahatma Gandhi which he surrendered during the non-cooperation movement was", "opta": "Hind Keasri", "optb": "Kaiser-e-Hind", "optc": "Rai Bahadur", "optd": "Rt. Honorable", "ans": "B", "explanation": "No answer description available for this question. Let us discuss."}, {"question": "Tipu sultan was the ruler of", "opta": "Hyderabad", "optb": "Madurai", "optc": "Mysore", "optd": "Vijayanagar", "ans": "C", "explanation": "No answer description available for this question. Let us discuss."}, {"question": "The term yavanika meant", "opta": "foreign goods", "optb": "dancer", "optc": "curtain", "optd": "theatre", "ans": "C", "explanation": "No answer description available for this question. Let us discuss."}, {"question": "The term Khalisa in Mughal administration signified the", "opta": "entire Imperial establishment", "optb": "land owned b the emperor himself", "optc": "religious land grants", "optd": "land from where revenue was collected for the Imperial Treasury", "ans": "B", "explanation": "No answer description available for this question. Let us discuss."}, {"question": "Visakhadatta sketches the event after the death of Samudragupta in his work", "opta": "Mudrarakasam", "optb": "Devi Chand Guptam", "optc": "Mrichekakatika", "optd": "Malavikagnimitra", "ans": "A", "explanation": "No answer description available for this question. Let us discuss."}, {"question": "The system of Dual Government during the latter half of the 18th century AD is associated with the name of", "opta": "Clive", "optb": "Comwallis", "optc": "Waren Hastings", "optd": "William Bentinck", "ans": "A", "explanation": "No answer description available for this question. Let us discuss."}, {"question": "'The Vedas contain all the truth was interpreted by", "opta": "Swami Vivekananda", "optb": "Swami Dayananda", "optc": "Raja Rammohan Roy", "optd": "None of the above", "ans": "B", "explanation": "No answer description available for this question. Let us discuss."}, {"question": "The term samanta, meaning a feudatory from the sixth century AD, originally meant  a", "opta": "slave", "optb": "cultivator", "optc": "neighbor", "optd": "foreigner", "ans": "C", "explanation": "No answer description available for this question. Let us discuss."}, {"question": "To evolve a peaceful settlement of the conflict between India and China, which of the following non-aligned Afro-Asian nations participated in a conference held in December 1962?", "opta": "Burma (now Myanmar), Combodia, Indonesia and UAR", "optb": "Burma, Sri Lanka, Combodia and Indonesia", "optc": "Burma, Indonesia, Ghana and Sri Lanka", "optd": "All of the above", "ans": "D", "explanation": "No answer description available for this question. Let us discuss."}, {"question": "The text of the document called Mahzar, by which Akbar assumed the role of supreme arbiter in the matters of religion is found in", "opta": "Nizamuddin's Tabaqat-I-Akbari", "optb": "Arif Quandahari's Tarikh-I-Alfi", "optc": "Abul Fazl's Akbarnama", "optd": "Badauni's Muntakahab-ut-Tawarikh", "ans": "C", "explanation": "No answer description available for this question. Let us discuss."}, {"question": "Tulsidas, the author of Ramcharitmanas, was a contemporary of which of the following rulers?", "opta": "Akbar", "optb": "Humayun", "optc": "Shahjahan", "optd": "Sher Shah Suri", "ans": "A", "explanation": "No answer description available for this question. Let us discuss."}, {"question": "To meet the educational needs of the people, the Madarasa-I Nasiri was built in the region of", "opta": "Qutub-ud-din Aibak", "optb": "Iltutmish", "optc": "Ruknuddin Firoz Shah", "optd": "Jalal-id-din Khilji", "ans": "B", "explanation": "No answer description available for this question. Let us discuss."}, {"question": "The weekly Commonweal was founded by", "opta": "Annie Besant", "optb": "Bipan Chandra Pal", "optc": "Bal Gangadhar Tilak", "optd": "Sarojini Naidu", "ans": "A", "explanation": "No answer description available for this question. Let us discuss."}, {"question": "Ustad Mansur was a famous painter in the region of", "opta": "Shajahan", "optb": "Akbar", "optc": "Humayun", "optd": "Jahangir", "ans": "D", "explanation": "No answer description available for this question. Let us discuss."}, {"question": "The Vedic deity Indra was the Goddess of", "opta": "wind", "optb": "eternity", "optc": "rain and thunder", "optd": "fire", "ans": "C", "explanation": "No answer description available for this question. Let us discuss."}, {"question": "Tolkappiyam is associated with the", "opta": "first Sangam period", "optb": "second Sangam period", "optc": "third Sangam period", "optd": "post-third Sangam period", "ans": "B", "explanation": "No answer description available for this question. Let us discuss."}, {"question": "Pulakesin II was the most famous ruler of", "opta": "Chalukyas", "optb": "Cholas", "optc": "Pallavas", "optd": "Satavahanas", "ans": "A", "explanation": "No answer description available for this question. Let us discuss."}, {"question": "The term Brahmadeya occurs for the first time in", "opta": "early Vedic texts", "optb": "early Buddhist texts", "optc": "pre-Gupta inscriptions", "optd": "post-Gupta inscriptions", "ans": "C", "explanation": "No answer description available for this question. Let us discuss."}, {"question": "Under whose leadership was the all India Muslim League set up?", "opta": "Mohammed Ali Jinnah", "optb": "Sayyid Ahmed Khan", "optc": "Aga Khan", "optd": "All of the above", "opte": "None of the above", "ans": "C", "explanation": "No answer description available for this question. Let us discuss."}, {"question": "Though Ashoka had many sons, the inscriptions mentioned only one who is not mentioned in any other source. He is", "opta": "Kunala", "optb": "Tivara", "optc": "Mahendra", "optd": "Jalauka", "ans": "B", "explanation": "No answer description available for this question. Let us discuss."}, {"question": "We can know about early vedic period from", "opta": "archaeological  excavations", "optb": "the Rig Veda", "optc": "Jatak Katha", "optd": "contemporary culture", "ans": "B", "explanation": "No answer description available for this question. Let us discuss."}, {"question": "The Upanishads are", "opta": "a source of Hindu philosophy", "optb": "books of ancient Hindu laws", "optc": "books on social behavior of man", "optd": "prayers to God", "ans": "A", "explanation": "No answer description available for this question. Let us discuss."}, {"question": "Universities in the Presidency towns in India were established in", "opta": "1857", "optb": "1858", "optc": "1900", "optd": "1909", "ans": "A", "explanation": "No answer description available for this question. Let us discuss."}, {"question": "The Vijayanagara king who employed skilled archers of the Turkish clan and raised the fighting capacity of his bowmen was", "opta": "Bukka I", "optb": "Devaraya I", "optc": "Krishnadevaraya", "optd": "Ramaraya", "ans": "B", "explanation": "No answer description available for this question. Let us discuss."}, {"question": "Under the Guptas in eastern India, there was probably an intermediate level of administration between vishayas (districts) and villages. Identify it.", "opta": "Bhukit", "optb": "Pradesa", "optc": "Vithi", "optd": "Ahara", "ans": "C", "explanation": "No answer description available for this question. Let us discuss."}, {"question": "The two principles monuments of Alaud-din Khilji's reign - the Jama at Kana Masjid and Alai Darwaza - were constructed at", "opta": "Agra", "optb": "Delhi", "optc": "Dhar", "optd": "Gulbarga", "ans": "B", "explanation": "No answer description available for this question. Let us discuss."}, {"question": "The term Nirgrantha is associated with", "opta": "Ajivikas", "optb": "Charvakas", "optc": "Jainas", "optd": "Pasupatas", "ans": "C", "explanation": "No answer description available for this question. Let us discuss."}, {"question": "The Kalinga was fought in", "opta": "321 BC", "optb": "301 BC", "optc": "261 BC", "optd": "241 BC", "ans": "C", "explanation": "No answer description available for this question. Let us discuss."}, {"question": "Under the Government of India, Provincial Legislatures consisted of two chambers, except in the case of", "opta": "Assam", "optb": "Bihar", "optc": "Madras", "optd": "Punjab", "ans": "D", "explanation": "No answer description available for this question. Let us discuss."}, {"question": "The Venetian traveler who travelled with his wife and reached Vijayanagar around 1420 was", "opta": "Athanasius Nikitin", "optb": "Nicolo de Conti", "optc": "Ibn Batuta", "optd": "Ferishta", "ans": "B", "explanation": "No answer description available for this question. Let us discuss."}, {"question": "The year 788 AD was a good one for Hinduism. Why?", "opta": "Shankracharya was born that year.", "optb": "Harsha Vardhana, the last Buddhist king, died.", "optc": "Samudragupta converted to Hinduism.", "optd": "All Muslim invaders were defeated.", "ans": "A", "explanation": "No answer description available for this question. Let us discuss."}, {"question": "The Uprising of 1857 was described as the first Indian war of Independence by", "opta": "S.N. Sen", "optb": "R.C. Mazumdar", "optc": "B.G. Tilak", "optd": "V.D. Savakar", "ans": "D", "explanation": "No answer description available for this question. Let us discuss."}, {"question": "The twenty-third Jaina teacher, Parsva, the immediate predecessor of Mahavira enjoined on his disciples four great vows. To these Mahavira addes which of the followings as the fifth vow?", "opta": "Abstention from stealing", "optb": "Non-injury", "optc": "Brahmacharya or continence", "optd": "Non-attachment", "ans": "C", "explanation": "No answer description available for this question. Let us discuss."}, {"question": "The Turko-Afghan rule in India lasted for about", "opta": "two centuries", "optb": "three centuries", "optc": "four centuries", "optd": "a little over one century", "ans": "B", "explanation": "No answer description available for this question. Let us discuss."}]]}