{"test_questions": [[{"question": "Former Australian captain Mark Taylor has had several nicknames over his playing career. Which of the following was NOT one of them?", "opta": "Tubby", "optb": "Stodge", "optc": "Helium Bat", "optd": "Stumpy", "ans": "D", "explanation": "He was christened 'Helium Bat' very early in his career by team mates, due to his habit of lifting his bat over his shoulder and letting anything bowled outside the off-stump go by."}, {"question": "Which was the 1st non Test playing country to beat India in an international match?", "opta": "Canada", "optb": "Sri Lanka", "optc": "Zimbabwe", "optd": "East Africa", "ans": "B", "explanation": "Sri Lanka got the status of Test playing country in 1981, and beat India in the 1979 World Cup. Before this they were champion of ICC non-test playing countries."}, {"question": "Track and field star Carl Lewis won how many gold medals at the 1984 Olympic games?", "opta": "Two", "optb": "Three", "optc": "Four", "optd": "Eight", "ans": "C", "explanation": "Lewis has won nine Olympic gold medals in all: four in 1984 (100m, 200m, 4x100m, long jump), two in 1988 (100m and long jump), two in 1992 (4x100m and long jump), and one in 1996 (long jump)."}, {"question": "Which county did Ravi Shastri play for?", "opta": "Glamorgan", "optb": "Leicestershire", "optc": "Gloucestershire", "optd": "Lancashire", "ans": "A", "explanation": "Ravi Shastri once hit spinner Tilak Raj for 6 sixes in an over in a First Class match."}, {"question": "Who was the first Indian to win the World Amateur Billiards title?", "opta": "Geet Sethi", "optb": "Wilson Jones", "optc": "Michael Ferreira", "optd": "Manoj Kothari", "ans": "B", "explanation": "No answer description available for this question. Let us discuss."}, {"question": "Who is the first Indian woman to win an Asian Games gold in 400m run?", "opta": "M.L.Valsamma", "optb": "P.T.Usha", "optc": "Kamaljit Sandhu", "optd": "K.Malleshwari", "ans": "C", "explanation": "No answer description available for this question. Let us discuss."}, {"question": "Which two counties did Kapil Dev play?", "opta": "Northamptonshire & Worcestershire", "optb": "Northamptonshire & Warwickshire", "optc": "Nottinghamshire & Worcestershire", "optd": "Nottinghamshire & Warwickshire", "ans": "A", "explanation": "No answer description available for this question. Let us discuss."}, {"question": "When was Amateur Athletics Federation of India established?", "opta": "1936", "optb": "1946", "optc": "1956", "optd": "1966", "ans": "B", "explanation": "Amateur Athletic Federation of India (AAFI) was formed in 1946 at the initiative of Maharaja Yadvindra Singh, the then President of Indian Olympic Association with Prof. G.D. Sondhi as its first President."}, {"question": "Who did Stone Cold Steve Austin wrestle at the 1998 edition of \"Over the Edge\"?", "opta": "Cactus Jack", "optb": "Mankind", "optc": "Dude Love", "optd": "Mick Foley", "ans": "C", "explanation": "Even though Mick Foley portrayed all of these gimmicks, he wrestled Stone Cold under Dude Love. The match had Vince McMahon as the referee. It started off as a regular match. Vince then changed it to No Holds Barred so Dude Love can use weapons. Finally he changed it to Falls Count Anywhere. That happened when Love had Austin knocked out while outside the ring. Since Vince is the owner and assigned himself as referee he could do what he wants. After all of that, Austin still retained his title that night."}, {"question": "Ricky Ponting is also known as what?", "opta": "The Rickster", "optb": "Ponts", "optc": "Ponter", "optd": "Punter", "ans": "D", "explanation": "It is no secret he doesn't mind a bet or two."}, {"question": "How long are professional Golf Tour players allotted per shot?", "opta": "45 seconds", "optb": "25 seconds", "optc": "1 minute", "optd": "2 minutes", "ans": "A", "explanation": "No answer description available for this question. Let us discuss."}, {"question": "Which NBA player scored 8 points in the final 7 seconds of a game to lead his team to victory?", "opta": "Baron Davis", "optb": "Kevin Garnett", "optc": "Stephon Maurbury", "optd": "Reggie Miller", "ans": "D", "explanation": "No answer description available for this question. Let us discuss."}, {"question": "In the match between India and Pakistan at Jaipur on 02-10-1983, Which new rule was introduced?", "opta": "Limit of overs was reduced to 50 overs", "optb": "The rule of field restriction was taken.", "optc": "Over throw runs were batsman's score", "optd": "No-balls & wides were debited to bowlers analysis", "ans": "D", "explanation": "Before this match, no balls & wides were debited in extras."}, {"question": "The first hang gliders to be flown were flown in...?", "opta": "1600s", "optb": "1700s", "optc": "1800s", "optd": "1900s", "ans": "C", "explanation": "No answer description available for this question. Let us discuss."}, {"question": "Which two counties did Anil Kumble play for?", "opta": "Nottinghamshire & Lancashire", "optb": "Nottinghamshire & Leicestershire", "optc": "Northamptonshire & Leicestershire", "optd": "Northamptonshire & Lancashire", "ans": "C", "explanation": "Kumble had a great season with Northants taking 105 wickets."}, {"question": "The nickname of Glenn McGrath is what?", "opta": "Ooh Ahh", "optb": "Penguin", "optc": "Big Bird", "optd": "Pigeon", "ans": "D", "explanation": "So called because of his skinny legs."}, {"question": "Mark Waugh is commonly called what?", "opta": "Afganistan", "optb": "Junior", "optc": "Tugga", "optd": "Julio", "ans": "B", "explanation": "'Afganastan' (as in the 'forgotten Waugh') was an invention of the media in the late 1980s. Tugga is brother Steve's nickname."}, {"question": "India won its first Olympic hockey gold in...?", "opta": "1928", "optb": "1932", "optc": "1936", "optd": "1948", "ans": "A", "explanation": "No answer description available for this question. Let us discuss."}, {"question": "How many times did Geet Sethi win the lBSF World Billiards title?", "opta": "2", "optb": "3", "optc": "4", "optd": "5", "ans": "B", "explanation": "No answer description available for this question. Let us discuss."}, {"question": "In which year did Milkha Singh win the first National title in the 400 m race?", "opta": "1955", "optb": "1956", "optc": "1957", "optd": "1970", "ans": "C", "explanation": "No answer description available for this question. Let us discuss."}, {"question": "Who won the 1993 \"King of the Ring\"?", "opta": "Owen Hart", "optb": "Bret Hart", "optc": "Edge", "optd": "Mabel", "ans": "B", "explanation": "Bret hart defeated Razor Ramon, Mr. Perfect and the late Bam Bam Bigelow. Jerry Lawer would attack Bret after the match saying he was the only king in wrestling."}, {"question": "What NHL goaltender has the most career wins?", "opta": "Grant Fuhr", "optb": "Patrick Roy", "optc": "Chris Osgood", "optd": "Mike Vernon", "ans": "A", "explanation": "No answer description available for this question. Let us discuss."}, {"question": "What Major League Baseball player holds the record for all-time career high batting average?", "opta": "Ty Cobb", "optb": "Larry Walker", "optc": "Jeff Bagwell", "optd": "Frank Thomas", "ans": "A", "explanation": "No answer description available for this question. Let us discuss."}, {"question": "Who among the following is NOT associated with billiards in India?", "opta": "Subash Agrawal", "optb": "Ashok Shandilya", "optc": "Manoj Kothari", "optd": "Mihir Sen", "ans": "D", "explanation": "No answer description available for this question. Let us discuss."}, {"question": "Which player has scored the most runs in a single Test innings?", "opta": "Graham Gooch", "optb": "Matthew Hayden", "optc": "Brian Lara", "optd": "Agarkar", "ans": "C", "explanation": "No answer description available for this question. Let us discuss."}, {"question": "Who was the 1st ODI captain for India?", "opta": "Ajit Wadekar", "optb": "Bishen Singh Bedi", "optc": "Nawab Pataudi", "optd": "Vinoo Mankad", "ans": "A", "explanation": "Ajit Wadekar has played only 2 ODI matches."}, {"question": "Where did India play its 1st one day international match?", "opta": "Lords", "optb": "Headingley", "optc": "Taunton", "optd": "The Oval", "ans": "B", "explanation": "India lost the match by four wickets on 13-07-1974. Brijesh Patel (82) was the top scorer."}, {"question": "India reached the final of the Davis Cup for the first time in...?", "opta": "1964", "optb": "1966", "optc": "1970", "optd": "1974", "ans": "B", "explanation": "No answer description available for this question. Let us discuss."}, {"question": "The Asian Games were held in Delhi for the first time in...?", "opta": "1951", "optb": "1963", "optc": "1971", "optd": "1982", "ans": "A", "explanation": "No answer description available for this question. Let us discuss."}, {"question": "What Australian player was known as 'Fruitfly' amongst the rest of the team?", "opta": "Geoff Lawson", "optb": "Merv Hughes", "optc": "Mike Veletta", "optd": "Mike Whitney", "ans": "B", "explanation": "He was given this name because of his habit of annoying everyone in the dressingrooms, especially during rain delays."}, {"question": "Which county did Mohammad Azharuddin play for?", "opta": "Yorkshire", "optb": "Hampshire", "optc": "Lancashire", "optd": "Derbyshire", "ans": "D", "explanation": "Derbyshire County Cricket Club is one of the 18 major county clubs which make up the England and Wales domestic cricket structure, representing the historic county of Derbyshire.\nAzhar played 2 seasons for Derbyshire"}, {"question": "The first hand glider was designed by...?", "opta": "Leonardo DaVinci", "optb": "The Wright brothers", "optc": "Francis Rogallo", "optd": "Galileo", "ans": "A", "explanation": "No answer description available for this question. Let us discuss."}, {"question": "Which county did Sunil Gavaskar play for?", "opta": "Somerset", "optb": "Worcestershire", "optc": "Warwickshire", "optd": "Glamorgan", "ans": "A", "explanation": "Sunny as he is affectionately called, was the first to reach 10,000 runs in Tests."}, {"question": "The 'Dronacharya Award' is given to...?", "opta": "Sportsmen", "optb": "Coaches", "optc": "Umpires", "optd": "Sports Editors", "ans": "B", "explanation": "No answer description available for this question. Let us discuss."}, {"question": "In which Indian state did the game of Polo originate?", "opta": "Meghalaya", "optb": "Rajasthan", "optc": "Manipur", "optd": "West Bengal", "ans": "C", "explanation": "No answer description available for this question. Let us discuss."}, {"question": "What do African-American football players Ernie Davis, Archie Griffin, and Tony Dorsett have in common?", "opta": "They all played for Pittsburgh", "optb": "They all won the Heisman Trophy", "optc": "They all led to Super Bowl titles", "optd": "They dont have any similarity", "ans": "B", "explanation": "Ernie Davis was the first African American to win the prize in 1961, and Archie Griffin is the only player to have won it twice, in 1974 and 1975. Only Dorsett played for Pittsburgh. Davis played for Syracuse and Griffin played for Ohio State. Only Dorsett did lead his team to a Super Bowl title as NFC Rookie of the Year in 1977-78."}, {"question": "Which cricketer died on the field in Bangladesh while playing for Abahani Club?", "opta": "Subhash Gupte", "optb": "M.L.Jaisimha", "optc": "Lala Amarnath", "optd": "Raman Lamba", "ans": "D", "explanation": "Raman Lamba, Rambo to friends, had played for India in four Tests and 32 one-day internationals. While fielding, he was felled at silly mid-on by a shot from national player Mehrab Hussain Opee's willow. Lamba was admitted to a private clinic and later to the Dhaka Medical College. From there he was shifted to the postgraduate hospital where he died."}, {"question": "Which of the following is a Manipuri version of Hockey?", "opta": "Khong Kangjei", "optb": "Hiyang Tanaba", "optc": "Yubi Lakpi", "optd": "None of above", "ans": "A", "explanation": "No answer description available for this question. Let us discuss."}, {"question": "Which county did Javagal Srinath sign for in 2003?", "opta": "Surrey", "optb": "Durham", "optc": "Sussex", "optd": "Essex", "ans": "B", "explanation": "Srinath was drafted as cover for Australian Martin Love."}, {"question": "Which county did Sachin Tendulkar play for?", "opta": "Nottinghamshire", "optb": "Yorkshire", "optc": "Lancashire", "optd": "Leicestershire", "ans": "B", "explanation": "Sachin didn't have the greatest of times in Geoff Boycott's land. He averaged 40 odd, which is pretty low by his standards."}, {"question": "Who did Shawn Michaels beat to win his first Intercontinental Title?", "opta": "Bret Hart", "optb": "Marty Jannetty", "optc": "British Bulldog", "optd": "Tito Santana", "ans": "C", "explanation": "This happened on an episode of \"Saturday Night's Main Event\". Bulldog attempted a Superplex and Shawn reversed it to a pinning move. Shawn would defend the belt against wrestlers such as, Tatanka, Mr. Perfect and Crush."}, {"question": "Where did the 1st ODI match was played in India?", "opta": "New Delhi", "optb": "Ahmedabad", "optc": "Kolkata", "optd": "Mumbai", "ans": "B", "explanation": "No answer description available for this question. Let us discuss."}, {"question": "Who had a torrid time with Lancashire in 2000?", "opta": "Sachin Tendulkar", "optb": "Nayan Mongia", "optc": "Javagal Srinath", "optd": "Saurav Ganguly", "ans": "D", "explanation": "Saurav was signed as a replacement for wizard of off spin, Muttiah Muralitharan."}, {"question": "What is the name of the person that controls a football match?", "opta": "A referee", "optb": "An umpire", "optc": "A spectator", "optd": "A goalkeeper", "ans": "A", "explanation": "No answer description available for this question. Let us discuss."}, {"question": "Former Australian captain Allan Border was sometimes known as \"Captain Grumpy\". What was his other nickname?", "opta": "Abe", "optb": "Captain Junior", "optc": "AB", "optd": "Groucho", "ans": "C", "explanation": "Captain Grumpy was more of a media invention."}, {"question": "The Indian football team made its first appearance at Olympics in...?", "opta": "1936", "optb": "1948", "optc": "1952", "optd": "1956", "ans": "B", "explanation": "No answer description available for this question. Let us discuss."}, {"question": "Who was the first captain of Indian Test team?", "opta": "Vijay Hazare", "optb": "C K Nayudu", "optc": "Lala Amarnath", "optd": "Vijay Merchant", "ans": "B", "explanation": "BCCI had established C K Nayudu award in memory of him for contribution to the Indian cricket. The award carries a citation, a trophy, and a cash prize of Rs 2 lakh. Lala Amarnath was the 1st recipient of this award."}, {"question": "Fenway Park is the home field of what Major League Baseball team?", "opta": "New York Yankees", "optb": "Chicago White Sox", "optc": "Montreal Expos", "optd": "Boston Red Sox", "ans": "D", "explanation": "No answer description available for this question. Let us discuss."}, {"question": "Pravin Amre and Vinod Kambli played for which province in South Africa?", "opta": "Border", "optb": "Boland", "optc": "Griqualand West", "optd": "Gauteng", "ans": "B", "explanation": "Like Sachin Tendulkar, both Kambli and Amre were coached by Ramakanth Achrekar and played for Mumbai and India."}, {"question": "Which football hero was nicknamed \"The Sundance Kid\"?", "opta": "Jim Kiick", "optb": "Troy Aikman", "optc": "Brett Favre", "optd": "Joe Montana", "ans": "A", "explanation": "No answer description available for this question. Let us discuss."}, {"question": "Which country won the Cricket World Cup in 1999?", "opta": "Australia", "optb": "South Africa", "optc": "Pakistan", "optd": "England", "ans": "A", "explanation": "No answer description available for this question. Let us discuss."}, {"question": "Who did The Rock beat to win his first WWE Title?", "opta": "Triple H", "optb": "Stone Cold Steve Austin", "optc": "Mankind", "optd": "Bret Hart", "ans": "C", "explanation": "This happened at the 1998 edition of \"Survivor Series\". They had a tournament to determine the WWE Champion. Mankind and The Rock made it to the finals. The Rock won after using a Sharpshooter. Mankind didn't quit but Vince McMahon called for the bell. This was in reference to what he did to Bret Hart the previous year."}, {"question": "The name Kunjarani Devi is associated with...?", "opta": "Weight Lifting", "optb": "Target shooting", "optc": "Athletics", "optd": "Swimming", "ans": "A", "explanation": "No answer description available for this question. Let us discuss."}, {"question": "In what year was the first international cricket match held?", "opta": "1892 between England and India", "optb": "1869 between England and Australia", "optc": "1883 between Australia and Wales", "optd": "1844 between Canada and the USA", "ans": "D", "explanation": "The first international cricket match was held between Canada and the USA on September 25, 1844, at the St George Cricket Club ground, Manhattan. Canada won by 23 runs."}, {"question": "How many gold medals have been won by India in the Olympics so far?", "opta": "4", "optb": "8", "optc": "9", "optd": "10", "ans": "C", "explanation": "In the 2008 Games in Beijing, Abhinav Bindra became the first Indian to win gold in an individual event when he won the men's 10 meter air rifle competition. This was India's 9th gold medal in Olympic competition.\nIndia has won eight gold medals in field hockey (1928, 1932, 1936, 1948, 1952, 1956, 1964, 1980)."}, {"question": "Who did The Rock wrestle in the main event at the 1999 edition of \"Wrestlemania\"?", "opta": "Stone Cold Steve Austin", "optb": "Triple H", "optc": "Mankind", "optd": "Undertaker", "ans": "A", "explanation": "This was the first time they wrestled each other at \"Wrestlemania\". Two years later they wrestled again with Austin winning that match as well. The third match was in 2003 in Seattle. This was Austin's last match and he finally lost to The Rock."}, {"question": "Which English county did batting sensation Virender Sehwag join in the 2003 season?", "opta": "Lancashire", "optb": "Leicestershire", "optc": "Yorkshire", "optd": "Middlesex", "ans": "B", "explanation": "Virender Sehwag holds the record for the Highest individual score by an Indian in test matches when he scored 309 against Pakistan in 2004."}, {"question": "Who has scored the most Test hundreds ever?", "opta": "Steve Waugh", "optb": "Sachin Tendulkar", "optc": "Shane Warne", "optd": "Sunil Gavaskar", "ans": "B", "explanation": "No answer description available for this question. Let us discuss."}, {"question": "When was the first cricket Test match played?", "opta": "1873", "optb": "1877", "optc": "1870", "optd": "1788", "ans": "B", "explanation": "No answer description available for this question. Let us discuss."}, {"question": "Which track and field star overcame childhood polio to become one of the greatest athletes of her time?", "opta": "Wilma Rudolph", "optb": "Gail Devers", "optc": "Florence Griffith Joyner", "optd": "Jackie Robinson", "ans": "A", "explanation": "Rudolph won 3 gold medals (100m, 200m and 4x100m relay) at the 1960 Olympics. Devers overcame a thyroid disorder (Graves' disease) that nearly resulted in her having both feet amputated. \nFor more info http://en.wikipedia.org/wiki/Wilma_Rudolph ."}, {"question": "Who beat Duke in the Great Alaskan Shootout Finals in 1998?", "opta": "Syracuse", "optb": "University of Cincinnati", "optc": "Notre Dame", "optd": "UCLA", "ans": "B", "explanation": "No answer description available for this question. Let us discuss."}, {"question": "'Dizzy' is the nickname of what Australian player?", "opta": "Adam Gilchrist", "optb": "Jason Gillespie", "optc": "Glenn McGrath", "optd": "Brett Lee", "ans": "B", "explanation": "After the famous musician."}, {"question": "Who is the highest wicket taker in Test cricket?", "opta": "Shane Warne", "optb": "Brian Lara", "optc": "Courtney Walsh", "optd": "Muttiah Muralitharan", "ans": "D", "explanation": "No answer description available for this question. Let us discuss."}, {"question": "Which country, which made its debut in the Norwich Union League in 2003, signed Rahul Dravid as their overseas player?", "opta": "Holland", "optb": "Ireland", "optc": "Wales", "optd": "Scotland", "ans": "D", "explanation": "Rahul had a highly succesful stint with Kent in 2000."}, {"question": "Which county signed Yuvraj Singh to play for them in 2003?", "opta": "Nottinghamshire", "optb": "Lancashire", "optc": "Hampshire", "optd": "Yorkshire", "ans": "D", "explanation": "Yuvraj is said to have received tips from Sachin Tendulkar."}, {"question": "Which county did the outspoken Spin great Bishen Singh Bedi play for?", "opta": "Essex", "optb": "Surrey", "optc": "Northamptonshire", "optd": "Sussex", "ans": "C", "explanation": "Bishen Singh Bedi, the greatest Left arm spinner ever!"}, {"question": "Who was the first Indian to win an individual medal in Olympics?", "opta": "Milkha Singh", "optb": "P.T.Usha", "optc": "Karnam Malleshwari", "optd": "K.D.Jadhav", "ans": "D", "explanation": "Mr. Khashaba Dadasaheb Jadhav or KD Jadhav, widely known as 'Pocket Dynamo', was independent India's first individual Olympic medalist when he won the freestyle wrestling bronze medal at the 1952 Helsinki Games"}, {"question": "Which county did speedster Javagal Srinath play for in 1995?", "opta": "Kent", "optb": "Glamorgan", "optc": "Gloucestershire", "optd": "Leicestershire", "ans": "C", "explanation": "He left in 2003."}, {"question": "Stripped of his heavyweight title in 1967 for refusing induction into the U.S. military, Muhammad Ali regained the heavyweight championship on October 30, 1974, in Kinshasa, Zaire with an eighth-round knockout of which prizefighter?", "opta": "George Foreman", "optb": "Joe Frazier", "optc": "Leon Spinks", "optd": "Sputnik", "ans": "A", "explanation": "No answer description available for this question. Let us discuss."}, {"question": "Undertaker wrestled Yokozuna at the 1994 \"Royal Rumble\". This was a Casket Match. Undertaker wrestled in another Casket Match at the 1998 \"Royal Rumble\". Who did he wrestle?", "opta": "Yokozuna", "optb": "Shawn Michaels", "optc": "Mabel", "optd": "Triple H", "ans": "B", "explanation": "This was the match that injured Shawn Michaels' back. Undertaker back dropped Shawn on the casket. Undertaker lost this match when Kane interferred."}, {"question": "With which sport is the 'Choudhury Trophy' associated?", "opta": "Golf", "optb": "Circumnavigation of the earth by car", "optc": "Formula One racing", "optd": "Buggy-Jumping", "ans": "B", "explanation": "Circumnavigating of the earth by car. This trophy has been named after Saloo and Neena Choudhury, ace car rallyists from Calcutta. It's in recognition of the couple's achievement in 1989 when they passed through all six continents in 69 days and repeated the same feat in 1991 in 39 days."}, {"question": "The nickname of wicketkeeping great Rod Marsh was what?", "opta": "Billabong", "optb": "Swampy", "optc": "Bacchus", "optd": "Lagoon", "ans": "C", "explanation": "Bacchus Marsh is a town in Victoria Australia. He was also known as 'Iron Gloves'."}, {"question": "Who was the 1st president of BCCI ( Board of Control for Cricket in India )?", "opta": "R.E. Grant Govan", "optb": "Dr. Maharajkumar Sir Vijaya Ananda", "optc": "Sikandar Hyat Khan", "optd": "Anthony S. D'Mello", "ans": "A", "explanation": "Govan was president from 1928-29 to 1932-33."}, {"question": "How many gold medals did P.T.Usha win in the 1986 Seoul Asian Games?", "opta": "1", "optb": "2", "optc": "3", "optd": "4", "ans": "D", "explanation": "No answer description available for this question. Let us discuss."}, {"question": "Who holds second and third place for most yards rushing in a single season in the NFL?", "opta": "Barry Sanders", "optb": "Jim Brown", "optc": "OJ Simpson", "optd": "Dick Lane", "ans": "C", "explanation": "No answer description available for this question. Let us discuss."}, {"question": "Which of the following countries won the final of the triangular cricket series held in durban in februarry 1997?", "opta": "India", "optb": "New zealand", "optc": "South africa", "optd": "Zimbabwe", "ans": "C", "explanation": "No answer description available for this question. Let us discuss."}, {"question": "Who has scored the most runs in a single First-class innings?", "opta": "Hanif Mohammad", "optb": "Brian Lara", "optc": "Sir Donald Bradman", "optd": "Sachin Tendulkar", "ans": "B", "explanation": "No answer description available for this question. Let us discuss."}]]}