{"test_questions": [[{"question": "Brass gets discoloured in air because of the presence of which of the following gases in air?", "opta": "Oxygen", "optb": "Hydrogen sulphide", "optc": "Carbon dioxide", "optd": "Nitrogen", "ans": "B", "explanation": "No answer description available for this question. Let us discuss."}, {"question": "Which of the following is a non metal that remains liquid at room temperature?", "opta": "Phosphorous", "optb": "Bromine", "optc": "Chlorine", "optd": "Helium", "ans": "B", "explanation": "No answer description available for this question. Let us discuss."}, {"question": "Chlorophyll is a naturally occurring chelate compound in which central metal is", "opta": "copper", "optb": "magnesium", "optc": "iron", "optd": "calcium", "ans": "B", "explanation": "No answer description available for this question. Let us discuss."}, {"question": "Which of the following is used in pencils?", "opta": "Graphite", "optb": "Silicon", "optc": "Charcoal", "optd": "Phosphorous", "ans": "A", "explanation": "No answer description available for this question. Let us discuss."}, {"question": "Which of the following metals forms an amalgam with other metals?", "opta": "Tin", "optb": "Mercury", "optc": "Lead", "optd": "Zinc", "ans": "B", "explanation": "No answer description available for this question. Let us discuss."}, {"question": "Chemical formula for water is", "opta": "NaAlO2", "optb": "H2O", "optc": "Al2O3", "optd": "CaSiO3", "ans": "B", "explanation": "No answer description available for this question. Let us discuss."}, {"question": "The gas usually filled in the electric bulb is", "opta": "nitrogen", "optb": "hydrogen", "optc": "carbon dioxide", "optd": "oxygen", "ans": "A", "explanation": "No answer description available for this question. Let us discuss."}, {"question": "Washing soda is the common name for", "opta": "Sodium carbonate", "optb": "Calcium bicarbonate", "optc": "Sodium bicarbonate", "optd": "Calcium carbonate", "ans": "A", "explanation": "What is the scientific name for washing soda?\nSodium carbonate (also known as washing soda or soda ash), Na2CO3 is a sodium salt of carbonic acid.\nScientific name for baking soda?\nSodium bicarbonate or sodium hydrogen carbonate is the chemical compound with the formula NaHCO3. Sodium bicarbonate is a white solid that is crystalline but often appears as a fine powder. Since it has long been known and is widely used, the salt has many related names such as baking soda, bread soda, cooking soda, and bicarbonate of soda."}, {"question": "Quartz crystals normally used in quartz clocks etc. is chemically", "opta": "silicon dioxide", "optb": "germanium oxide", "optc": "a mixture of germanium oxide and silicon dioxide", "optd": "sodium silicate", "ans": "A", "explanation": "No answer description available for this question. Let us discuss."}, {"question": "Which of the gas is not known as green house gas?", "opta": "Methane", "optb": "Nitrous oxide", "optc": "Carbon dioxide", "optd": "Hydrogen", "ans": "D", "explanation": "In order, the most abundant greenhouse gases in Earth's atmosphere are:\n\n* water vapor\n* carbon dioxide\n* methane\n* nitrous oxide\n* ozone\n* chlorofluorocarbons"}, {"question": "Bromine is a", "opta": "black solid", "optb": "red liquid", "optc": "colourless gas", "optd": "highly inflammable gas", "ans": "B", "explanation": "No answer description available for this question. Let us discuss."}, {"question": "The hardest substance available on earth is", "opta": "Gold", "optb": "Iron", "optc": "Diamond", "optd": "Platinum", "ans": "C", "explanation": "No answer description available for this question. Let us discuss."}, {"question": "The variety of coal in which the deposit contains recognisable traces of the original plant material is", "opta": "bitumen", "optb": "anthracite", "optc": "lignite", "optd": "peat", "ans": "D", "explanation": "No answer description available for this question. Let us discuss."}, {"question": "Tetraethyl lead is used as", "opta": "pain killer", "optb": "fire extinguisher", "optc": "mosquito repellent", "optd": "petrol additive", "ans": "D", "explanation": "No answer description available for this question. Let us discuss."}, {"question": "Which of the following is used as a lubricant?", "opta": "Graphite", "optb": "Silica", "optc": "Iron Oxide", "optd": "Diamond", "ans": "A", "explanation": "No answer description available for this question. Let us discuss."}, {"question": "The inert gas which is substituted for nitrogen in the air used by deep sea divers for breathing, is", "opta": "Argon", "optb": "Xenon", "optc": "Helium", "optd": "Krypton", "ans": "C", "explanation": "No answer description available for this question. Let us discuss."}, {"question": "The gases used in different types of welding would include", "opta": "oxygen and hydrogen", "optb": "oxygen, hydrogen, acetylene and nitrogen", "optc": "oxygen, acetylene and argon", "optd": "oxygen and acetylene", "ans": "D", "explanation": "No answer description available for this question. Let us discuss."}, {"question": "The property of a substance to absorb moisture from the air on exposure is called", "opta": "osmosis", "optb": "deliquescence", "optc": "efflorescence", "optd": "desiccation", "ans": "B", "explanation": "No answer description available for this question. Let us discuss."}, {"question": "In which of the following activities silicon carbide is used?", "opta": "Making cement and glass", "optb": "Disinfecting water of ponds", "optc": "cutting very hard substances", "optd": "Making casts for statues", "ans": "C", "explanation": "No answer description available for this question. Let us discuss."}, {"question": "The average salinity of sea water is", "opta": "3%", "optb": "3.5%", "optc": "2.5%", "optd": "2%", "ans": "B", "explanation": "No answer description available for this question. Let us discuss."}, {"question": "When an iron nail gets rusted, iron oxide is formed", "opta": "without any change in the weight of the nail", "optb": "with decrease in the weight of the nail", "optc": "with increase in the weight of the nail", "optd": "without any change in colour or weight of the nail", "ans": "C", "explanation": "No answer description available for this question. Let us discuss."}, {"question": "Galvanised iron sheets have a coating of", "opta": "lead", "optb": "chromium", "optc": "zinc", "optd": "tin", "ans": "C", "explanation": "No answer description available for this question. Let us discuss."}, {"question": "Among the various allotropes of carbon,", "opta": "coke  is the hardest, graphite is the softest", "optb": "diamond is the hardest, coke is the softest", "optc": "diamond is the hardest, graphite is the softest", "optd": "diamond is the hardest, lamp black is the softest", "ans": "C", "explanation": "No answer description available for this question. Let us discuss."}, {"question": "The group of metals Fe, Co, Ni may best called as", "opta": "transition metals", "optb": "main group metals", "optc": "alkali metals", "optd": "rare metals", "ans": "A", "explanation": "No answer description available for this question. Let us discuss."}, {"question": "Heavy water is", "opta": "deuterium oxide", "optb": "PH7", "optc": "rain water", "optd": "tritium oxide", "ans": "A", "explanation": "No answer description available for this question. Let us discuss."}, {"question": "The chemical (ethyl mercaptan) added to the otherwise odourless LPG cooking gas for imparting a detectable smell to the gas is a compound of", "opta": "bromine", "optb": "fluorine", "optc": "chlorine", "optd": "sulphur", "ans": "D", "explanation": "No answer description available for this question. Let us discuss."}, {"question": "The element common to all acids is", "opta": "hydrogen", "optb": "carbon", "optc": "sulphur", "optd": "oxygen", "ans": "A", "explanation": "No answer description available for this question. Let us discuss."}, {"question": "Non stick cooking utensils are coated with", "opta": "Teflon", "optb": "PVC", "optc": "black paint", "optd": "polystyrene", "ans": "A", "explanation": "No answer description available for this question. Let us discuss."}, {"question": "Monazite is an ore of", "opta": "titanium", "optb": "zirconium", "optc": "iron", "optd": "thorium", "ans": "D", "explanation": "No answer description available for this question. Let us discuss."}, {"question": "Carbon, diamond and graphite are together called", "opta": "allotropes", "optb": "isomers", "optc": "isomorphs", "optd": "isotopes", "ans": "A", "explanation": "No answer description available for this question. Let us discuss."}, {"question": "Potassium nitrate is used in", "opta": "medicine", "optb": "fertiliser", "optc": "salt", "optd": "glass", "ans": "B", "explanation": "No answer description available for this question. Let us discuss."}, {"question": "Permanent hardness of water may be removed by the addition of", "opta": "sodium carbonate", "optb": "alum", "optc": "potassium permanganate", "optd": "lime", "ans": "A", "explanation": "No answer description available for this question. Let us discuss."}, {"question": "Soda water contains", "opta": "carbonic acid", "optb": "sulphuric acid", "optc": "carbon dioxide", "optd": "nitrous acid", "ans": "C", "explanation": "No answer description available for this question. Let us discuss."}, {"question": "The most important ore of aluminium is", "opta": "galena", "optb": "calamine", "optc": "calcite", "optd": "bauxite", "ans": "D", "explanation": "Bauxite is an aluminium ore and is the main source of aluminium."}, {"question": "Most soluble in water is", "opta": "camphor", "optb": "sulphur", "optc": "common salt", "optd": "sugar", "ans": "D", "explanation": "No answer description available for this question. Let us discuss."}, {"question": "Which of the following was to be discovered first in the chromospheres of the sun?", "opta": "Krypton", "optb": "Xenon", "optc": "Neon", "optd": "Helium", "ans": "D", "explanation": "No answer description available for this question. Let us discuss."}, {"question": "Which of the following is in liquid form at room temperature?", "opta": "Lithium", "optb": "Sodium", "optc": "Francium", "optd": "Cerium", "ans": "C", "explanation": "No answer description available for this question. Let us discuss."}, {"question": "Sodium metal is kept under", "opta": "petrol", "optb": "alcohol", "optc": "water", "optd": "kerosene", "ans": "D", "explanation": "No answer description available for this question. Let us discuss."}, {"question": "Which of the following are the ingredients of gun metal?", "opta": "Iron, Zinc, Titanium", "optb": "Iron, tin", "optc": "Iron, Brass, Tin", "optd": "Copper, Tin", "ans": "D", "explanation": "No answer description available for this question. Let us discuss."}, {"question": "From which mineral is radium obtained?", "opta": "Rutile", "optb": "Haematite", "optc": "Limestone", "optd": "Pitchblende", "ans": "D", "explanation": "No answer description available for this question. Let us discuss."}, {"question": "What is laughing gas?", "opta": "Nitrous Oxide", "optb": "Carbon monoxide", "optc": "Sulphur dioxide", "optd": "Hydrogen peroxide", "ans": "A", "explanation": "No answer description available for this question. Let us discuss."}, {"question": "Actinides are the elements with atomic numbers from", "opta": "97 to 104", "optb": "101 to 115", "optc": "89 to 103", "optd": "36 from 43", "ans": "C", "explanation": "No answer description available for this question. Let us discuss."}, {"question": "The two elements that are frequently used for making transistors are", "opta": "boron and aluminium", "optb": "silicon and germanium", "optc": "iridium and tungsten", "optd": "niobium and columbium", "ans": "B", "explanation": "No answer description available for this question. Let us discuss."}, {"question": "The filament of an electric bulb is made of", "opta": "tungsten", "optb": "nichrome", "optc": "graphite", "optd": "iron", "ans": "A", "explanation": "No answer description available for this question. Let us discuss."}, {"question": "Diamond is an allotropic form of", "opta": "germanium", "optb": "carbon", "optc": "silicon", "optd": "sulphur", "ans": "B", "explanation": "No answer description available for this question. Let us discuss."}, {"question": "In fireworks, the green flame is produced because of", "opta": "sodium", "optb": "barium", "optc": "mercury", "optd": "potassium", "ans": "B", "explanation": "No answer description available for this question. Let us discuss."}, {"question": "Permanent hardness of water can be removed by adding", "opta": "chlorine", "optb": "washing soda", "optc": "potassium permanganate", "optd": "bleaching powder", "ans": "B", "explanation": "No answer description available for this question. Let us discuss."}, {"question": "Marsh gas is", "opta": "nitrogen", "optb": "ethane", "optc": "methane", "optd": "hydrogen", "ans": "C", "explanation": "No answer description available for this question. Let us discuss."}, {"question": "LPG consists of mainly", "opta": "methane, ethane and hexane", "optb": "ethane, hexane and nonane", "optc": "methane, hexane and nonane", "optd": "methane, butane and propane", "ans": "D", "explanation": "No answer description available for this question. Let us discuss."}, {"question": "Air is a/an", "opta": "compound", "optb": "element", "optc": "electrolyte", "optd": "mixture", "ans": "D", "explanation": "No answer description available for this question. Let us discuss."}, {"question": "Production of chlorofluorocarbons (CFC) gas which is proposed to be banned in  India, is used in which of the following domestic products?", "opta": "Television", "optb": "Refrigerator", "optc": "Tube light", "optd": "Cooking gas", "ans": "B", "explanation": "No answer description available for this question. Let us discuss."}, {"question": "Balloons are filled with", "opta": "nitrogen", "optb": "helium", "optc": "oxygen", "optd": "argon", "ans": "B", "explanation": "No answer description available for this question. Let us discuss."}, {"question": "Which of the following does not contain a coinage metal?", "opta": "Silver and Gold", "optb": "Zinc and Gold", "optc": "Copper and Silver", "optd": "Copper and Gold", "ans": "B", "explanation": "No answer description available for this question. Let us discuss."}, {"question": "Which metal pollute the air of a big city?", "opta": "Copper", "optb": "Chromium", "optc": "Lead", "optd": "Cadmium", "ans": "C", "explanation": "No answer description available for this question. Let us discuss."}, {"question": "Bell metal is an alloy of", "opta": "nickel and copper", "optb": "zinc and copper", "optc": "brass and nickel", "optd": "tin and copper", "ans": "D", "explanation": "No answer description available for this question. Let us discuss."}, {"question": "Water is a good solvent of ionic salts because", "opta": "it has a high specific heat", "optb": "it has no colour", "optc": "it has a high dipole moment", "optd": "it has a high boiling point", "ans": "C", "explanation": "No answer description available for this question. Let us discuss."}, {"question": "Which of the following is not an isotope of hydrogen?", "opta": "Tritium", "optb": "Deuterium", "optc": "Protium", "optd": "Yttrium", "ans": "D", "explanation": "http://en.wikipedia.org/wiki/Isotopes_of_hydrogen"}, {"question": "The main constituents of pearls are", "opta": "calcium oxide and ammonium chloride", "optb": "calcium carbonate and magnesium carbonate", "optc": "aragonite and conchiolin", "optd": "ammonium sulphate and sodium carbonate", "ans": "B", "explanation": "No answer description available for this question. Let us discuss."}, {"question": "Amalgams are", "opta": "highly coloured alloys", "optb": "alloys which contain mercury as one of the contents", "optc": "alloys which have great resistance to abrasion", "optd": "alloys which contain carbon", "ans": "B", "explanation": "No answer description available for this question. Let us discuss."}, {"question": "Which of the following is the lightest metal?", "opta": "Mercury", "optb": "Lithium", "optc": "Lead", "optd": "Silver", "ans": "B", "explanation": "No answer description available for this question. Let us discuss."}, {"question": "Which of the following metals remain in liquid for under normal conditions?", "opta": "Radium", "optb": "Zinc", "optc": "Uranium", "optd": "Mercury", "ans": "D", "explanation": "No answer description available for this question. Let us discuss."}, {"question": "Potassium Permanganate is used for purifying drinking water, because", "opta": "it is a sterilising agent", "optb": "it dissolves the impurities of water", "optc": "it is a reducing agent", "optd": "it is an oxidising agent", "ans": "D", "explanation": "No answer description available for this question. Let us discuss."}, {"question": "Which of the following is an element?", "opta": "Ruby", "optb": "Sapphire", "optc": "Emerald", "optd": "Diamond", "ans": "D", "explanation": "No answer description available for this question. Let us discuss."}]]}