{"test_questions": [[{"question": "The Paithan (Jayakwadi) Hydro-electric project, completed with the help of Japan, is on the river", "opta": "Ganga", "optb": "Cauvery", "optc": "Narmada", "optd": "Godavari", "ans": "D", "explanation": "No answer description available for this question. Let us discuss."}, {"question": "The percentage of irrigated land in India is about", "opta": "45", "optb": "65", "optc": "35", "optd": "25", "ans": "C", "explanation": "No answer description available for this question. Let us discuss."}, {"question": "The southernmost point of peninsular India, that is, Kanyakumari, is", "opta": "north of Tropic of Cancer", "optb": "south of the Equator", "optc": "south of the Capricorn", "optd": "north of the Equator", "ans": "D", "explanation": "No answer description available for this question. Let us discuss."}, {"question": "The pass located at the southern end of the Nilgiri Hills in south India is called", "opta": "the Palghat gap", "optb": "the Bhorghat pass", "optc": "the Thalgat pass", "optd": "the Bolan pass", "ans": "A", "explanation": "No answer description available for this question. Let us discuss."}, {"question": "Which of the following factors are responsible for the rapid growth of sugar production in south India as compared to north India?Higher per acre field of sugarcaneHigher sucrose content of sugarcaneLower labour costLonger crushing period", "opta": "I and II", "optb": "I, II and III", "optc": "I, III and IV", "optd": "I, II and IV", "ans": "D", "explanation": "No answer description available for this question. Let us discuss."}, {"question": "The principal copper deposits of India lie in which of the following places?", "opta": "Hazaribag and Singbhum of Bihar", "optb": "Khetri and Daribo areas of Rajasthan", "optc": "Anantapur in Andhra Pradesh", "optd": "Siwaliks in Uttar Pradesh and in Karnataka", "ans": "A", "explanation": "India's copper ore reserves have been estimated at 400 million tonnes, with a metal content of 5 million tones. The principal copper belt of India lies in Singhbhum and Hazaribagh in Jharkhand. The mining centres are located at Mosabani, Ghatsila, Thobani and Badia of Singbhbum, Hazaribagh of Bihar, the Khetri and Dariba areas of Rajasthan, and Agnigundala of Andhra Pradesh. Total production is 2.6 million tones."}, {"question": "Which of the following are true regarding Jhum cultivation in India?It is largely practiced in AssamIt is referred to as 'slash and burn' techniqueIn it, the fertility is exhausted in a few years", "opta": "I, II and III", "optb": "II and III", "optc": "I and II", "optd": "I and III", "ans": "A", "explanation": "No answer description available for this question. Let us discuss."}, {"question": "The Yarlung Zangbo river, in India, is known as", "opta": "Ganga", "optb": "Indus", "optc": "Brahmaputra", "optd": "Mahanadi", "ans": "C", "explanation": "No answer description available for this question. Let us discuss."}, {"question": "The Salal Project is on the river", "opta": "Chenab", "optb": "Jhelum", "optc": "Ravi", "optd": "Sutlej", "ans": "A", "explanation": "No answer description available for this question. Let us discuss."}, {"question": "The only zone in the country that produces gold is also rich in iron is", "opta": "North-eastern zone", "optb": "North-western zone", "optc": "Southern zone", "optd": "None of the above", "ans": "C", "explanation": "No answer description available for this question. Let us discuss."}, {"question": "The percentage of earth surface covered by India is", "opta": "2.4", "optb": "3.4", "optc": "4.4", "optd": "5.4", "ans": "A", "explanation": "No answer description available for this question. Let us discuss."}, {"question": "Which among the following is/are the major factor/factors responsible for the monsoon type of climate in India?LocationThermal contrastUpper air circulationInter-tropical convergence zone", "opta": "I", "optb": "II, III", "optc": "II, III and IV", "optd": "I, II, III and IV", "ans": "D", "explanation": "No answer description available for this question. Let us discuss."}, {"question": "The present forest area of India, according to satellite data, is", "opta": "increasing", "optb": "decreasing", "optc": "static", "optd": "decreasing in open forest area but increasing in closed forest area", "ans": "B", "explanation": "No answer description available for this question. Let us discuss."}, {"question": "The India's highest annual rainfall is reported at", "opta": "Namchi, Sikkim", "optb": "Churu, Rajasthan", "optc": "Mawsynram, Meghalaya", "optd": "Chamba, Himachal Pradesh", "ans": "C", "explanation": "No answer description available for this question. Let us discuss."}, {"question": "The refineries are Mathura, Digboi and Panipat are set up by", "opta": "Indian Oil Corporation Ltd.", "optb": "Hindustan Petroleum Corporation Ltd.", "optc": "Bharat Petroleum Corporation Ltd.", "optd": "Crude Distillation unit of Madras Refineries Ltd.", "ans": "A", "explanation": "No answer description available for this question. Let us discuss."}, {"question": "What is the predominant type of Indian agriculture?", "opta": "Commercial agriculture", "optb": "Extensive agriculture", "optc": "plantation agriculture", "optd": "subsistence agriculture", "ans": "D", "explanation": "No answer description available for this question. Let us discuss."}, {"question": "The Radcliffe line is a boundary between", "opta": "India and Pakistan", "optb": "India and China", "optc": "India and Myanmar", "optd": "India and Afghanistan", "ans": "A", "explanation": "No answer description available for this question. Let us discuss."}, {"question": "Which of the following has a potential for harnessing of tidal energy in India?", "opta": "Gulf of Cambay", "optb": "Gulf of Mannar", "optc": "Backwaters of Kerala", "optd": "Chilka lake", "ans": "A", "explanation": "No answer description available for this question. Let us discuss."}, {"question": "The typical area of sal forest in the Indian peninsular upland occurs", "opta": "on the western ghats", "optb": "between the Tapti and the Narmada", "optc": "to the north-east of the Godavari", "optd": "on the Malwa plateau", "ans": "D", "explanation": "No answer description available for this question. Let us discuss."}, {"question": "The state having a largest area of forest cover in India is", "opta": "Arunachal Pradesh", "optb": "Haryana", "optc": "Madhya Pradesh", "optd": "Assam", "ans": "C", "explanation": "No answer description available for this question. Let us discuss."}, {"question": "The year ____ is called a Great Divide in the demographic history of India.", "opta": "1901", "optb": "1921", "optc": "1941", "optd": "1951", "ans": "B", "explanation": "No answer description available for this question. Let us discuss."}, {"question": "The only private sector refinery set up by Reliance Petroleum Ltd. is located at", "opta": "Guwahati", "optb": "Jamnagar", "optc": "Mumbai", "optd": "Chennai", "ans": "B", "explanation": "No answer description available for this question. Let us discuss."}, {"question": "The only state in India that produces saffron is", "opta": "Assam", "optb": "Himachal Pradesh", "optc": "Jammu and Kashmir", "optd": "Meghalaya", "ans": "C", "explanation": "No answer description available for this question. Let us discuss."}, {"question": "Three important rivers of the Indian subcontinent have their sources near the Mansarover Lake in the Great Himalayas. These rivers are", "opta": "Indus, Jhelum and Sutlej", "optb": "Brahmaputra, Sutlej and Yamuna", "optc": "Brahmaputra, Indus and Sutlej", "optd": "Jhelum, Sutlej and Yamuna", "ans": "C", "explanation": "No answer description available for this question. Let us discuss."}, {"question": "The zonal soil type of peninsular India belongs to", "opta": "red soils", "optb": "yellow soils", "optc": "black soils", "optd": "older alluvium", "ans": "A", "explanation": "No answer description available for this question. Let us discuss."}, {"question": "The most plausible explanation for the location of the Thar desert in western India is", "opta": "the obstruction caused by the Aravalis to the rain-bearing wind that proceeds to the Ganga Valley", "optb": "the evaporation of moisture by heat", "optc": "the absence of mountains to the north of Rajasthan to cause orographic rainfall in it", "optd": "that the moisture carried by the South-west monsoon is driven away by the dry upper air current", "ans": "C", "explanation": "No answer description available for this question. Let us discuss."}, {"question": "The northern boundary of the peninsular plateau of Indian runs parallel to the Ganga and the Yamuna from Rajmahal hills to a point near", "opta": "Allahabad", "optb": "Delhi", "optc": "Gwalior", "optd": "Jaipur", "ans": "B", "explanation": "No answer description available for this question. Let us discuss."}, {"question": "Which of the following food grain crops occupies the largest part of the cropped area in India?", "opta": "Barley and maize", "optb": "Jowar and bajra", "optc": "Rice", "optd": "Wheat", "ans": "C", "explanation": "No answer description available for this question. Let us discuss."}, {"question": "The number of major languages, recognized in the Indian Union as official language, are", "opta": "15", "optb": "22", "optc": "12", "optd": "9", "ans": "B", "explanation": "No answer description available for this question. Let us discuss."}, {"question": "The oldest rocks in India are reported from", "opta": "Dharwar region, Karnataka", "optb": "Aravalli range, Rajasthan", "optc": "Vindhyan range, Madhya Pradesh", "optd": "Siwalik range, Punjab", "ans": "A", "explanation": "No answer description available for this question. Let us discuss."}, {"question": "Which of the following groups of rivers originate from  the Himachal mountains?", "opta": "Beas, Ravi and Chenab", "optb": "Ravi, Chenab and Jhelum", "optc": "Sutlej, Beas and Ravi", "optd": "Sutlej, Ravi and Jhelum", "ans": "A", "explanation": "No answer description available for this question. Let us discuss."}, {"question": "Which of the following groups of states has the largest deposits of iron ore?", "opta": "Andhra Pradesh and Karnataka", "optb": "Bihar and Orissa", "optc": "Madhya Pradesh and Maharashtra", "optd": "West Bengal and Assam", "ans": "B", "explanation": "No answer description available for this question. Let us discuss."}, {"question": "Which of the following union territories of India has the highest density of population per sq km?", "opta": "Pondicherry", "optb": "Lakshadweep", "optc": "Delhi", "optd": "Chandigarh", "ans": "C", "explanation": "No answer description available for this question. Let us discuss."}, {"question": "which atomic power station in India is built completely indigenously?", "opta": "Kalpakkam", "optb": "Narora", "optc": "Rawat Bhata", "optd": "Tarapore", "ans": "A", "explanation": "No answer description available for this question. Let us discuss."}, {"question": "The south-west monsoon contributes ____ of the total rain in India.", "opta": "86%", "optb": "50%", "optc": "22%", "optd": "100%", "ans": "A", "explanation": "No answer description available for this question. Let us discuss."}, {"question": "The Shimla Convention is an agreement that sets", "opta": "Shimla as a tourist spot", "optb": "Shimla as the capital of Himachal Pradesh", "optc": "boundary between India and Tibet", "optd": "None of the above", "ans": "C", "explanation": "No answer description available for this question. Let us discuss."}, {"question": "Which of the following events took place in the Cenozoic era?", "opta": "Formation of the rockies, India collides with Asia and the formation of the Himalayas and the Alps", "optb": "Formation of the Appalachians and central European mountains", "optc": "Splitting of India from Antarctic", "optd": "Breaking up of Pangaea", "ans": "A", "explanation": "No answer description available for this question. Let us discuss."}, {"question": "The oldest oil field in India is the ____ field, in ____", "opta": "Anleshwar, Gujarat", "optb": "Bombay High, Maharashtra", "optc": "Nawagam, Gujarat", "optd": "Digboi, Assam", "ans": "D", "explanation": "No answer description available for this question. Let us discuss."}, {"question": "Unlike other parts of the Indian Coast, fishing industry has not developed along the Saurashtra coast because", "opta": "there are few indentions suitable for fishing", "optb": "of overwhelming dependence on agriculture and animal husbandary", "optc": "the sea water is relatively more saline", "optd": "of industrial development leading to widespread pollution of coastal area", "ans": "B", "explanation": "No answer description available for this question. Let us discuss."}, {"question": "The mountain building in Himalayas began", "opta": "about 45 million years ago", "optb": "when the continental plates of India and Eurasia converged on each other", "optc": "both (a) and (b)", "optd": "None of the above", "ans": "C", "explanation": "No answer description available for this question. Let us discuss."}, {"question": "The outer Himalayas lie between", "opta": "the lease Himalayas and the Indo Gangetic plain", "optb": "the foot hills and the Indo Gangetic plain", "optc": "the greater Himalayas and the lesser Himalayas", "optd": "Indo-Gangetic plains and the peninsula", "ans": "A", "explanation": "No answer description available for this question. Let us discuss."}, {"question": "Which of the following geographical features have played a great unifying role in strengthening the forces of homogeneity of the Indian people?The expanses of water surrounding the peninsulaThe Himalayan MountainsThe vastness of the countryThe presence of the Indian ocean", "opta": "I", "optb": "II", "optc": "I and II", "optd": "I, II, III and IV", "ans": "D", "explanation": "No answer description available for this question. Let us discuss."}, {"question": "Which of the following drainage systems fall into Bay of Bengal?", "opta": "Ganga, Brahmaputra and Godavari", "optb": "Mahanadi, Krishna and Cauvery", "optc": "Luni, Narnada and Tapti", "optd": "Both (a) and (b)", "ans": "D", "explanation": "No answer description available for this question. Let us discuss."}, {"question": "The oldest oil refinery in India is at", "opta": "Digboi, Assam", "optb": "Haldia, near Kolkata", "optc": "Koyali, near Baroda", "optd": "Noonmati, Assam", "ans": "A", "explanation": "No answer description available for this question. Let us discuss."}, {"question": "The oldest mountains in India are", "opta": "Aravalis", "optb": "Vindhyas", "optc": "Satpuras", "optd": "Nilgiri hills", "ans": "A", "explanation": "No answer description available for this question. Let us discuss."}, {"question": "Which of the following groups of rivers have their source of origin in Tibet?", "opta": "Brahmaputra, Ganges and Sutlej", "optb": "Ganges, Sutlej and Yamuna", "optc": "Brahmaputra, Indus and Sutlej", "optd": "Chenab, Ravi and Sutlej", "ans": "C", "explanation": "No answer description available for this question. Let us discuss."}, {"question": "Which of the following measures are effective for soil conservation in India?  Avoiding crop rotation  Afforestation  Encouraging the use of chemical fertilizers  Limiting shifting cultivation", "opta": "I and II", "optb": "II and IV", "optc": "III and IV", "optd": "I, II and III", "ans": "B", "explanation": "No answer description available for this question. Let us discuss."}, {"question": "Which of the following crops needs maximum water per hectare?", "opta": "Barley", "optb": "Maize", "optc": "Sugarcane", "optd": "Wheat", "ans": "C", "explanation": "No answer description available for this question. Let us discuss."}, {"question": "The watershed between India and Myanmar is formed by", "opta": "the Naga hills", "optb": "the Garo hills", "optc": "Khasi hills", "optd": "the Jaintia hills", "ans": "A", "explanation": "No answer description available for this question. Let us discuss."}, {"question": "The originating in the Himalayan mountain complex consists of how many distinct drainage systems of the Indian Subcontinent?", "opta": "Two", "optb": "Three", "optc": "Four", "optd": "Five", "ans": "B", "explanation": "No answer description available for this question. Let us discuss."}, {"question": "The percentage of India's total population employed in agriculture is nearly", "opta": "40%", "optb": "50%", "optc": "60%", "optd": "70%", "ans": "D", "explanation": "No answer description available for this question. Let us discuss."}, {"question": "Which of the following important rivers of India does not originate from the Western Ghats?", "opta": "Cauvery", "optb": "Godavari", "optc": "Krishna", "optd": "Mahanadi", "ans": "D", "explanation": "No answer description available for this question. Let us discuss."}, {"question": "Which of the following areas or regions is most prone to earthquakes?", "opta": "Ganga-Brahmaputra valley", "optb": "Deccan plateau", "optc": "Plains of northern India", "optd": "Western ghats", "ans": "A", "explanation": "No answer description available for this question. Let us discuss."}, {"question": "The proportion of forest to the total national geographical area of India as envisaged by National Forest Policy is", "opta": "30.3%", "optb": "33.3%", "optc": "38.3%", "optd": "42.3%", "ans": "B", "explanation": "No answer description available for this question. Let us discuss."}, {"question": "Which of the following dams has generations of power more than irrigation as its main purpose?", "opta": "Gandhi Sagar", "optb": "Hirakud", "optc": "Periyar", "optd": "Tungabhadra", "ans": "A", "explanation": "No answer description available for this question. Let us discuss."}, {"question": "Which of the following crops is regarded as a plantation crop?", "opta": "Coconut", "optb": "Cotton", "optc": "Sugarcane", "optd": "Rice", "ans": "A", "explanation": "No answer description available for this question. Let us discuss."}, {"question": "Which of the following countries leads in the production of aluminium and its products in the world?", "opta": "Australia", "optb": "France", "optc": "India", "optd": "USA", "ans": "D", "explanation": "No answer description available for this question. Let us discuss."}, {"question": "The natural region which holds the Indian subcontinent is", "opta": "equatorial climate change region", "optb": "hot deset", "optc": "monsoon", "optd": "mediterranean", "ans": "C", "explanation": "No answer description available for this question. Let us discuss."}, {"question": "The most ideal region for the cultivation of cotton in India is", "opta": "the Brahmaputra valley", "optb": "the Indo-Gangetic valley", "optc": "the Deccan plateau", "optd": "the Rann of Kutch", "ans": "C", "explanation": "No answer description available for this question. Let us discuss."}, {"question": "Which of the following are true with respect to the Indian Peninsular Plateau?The southern plateau block is formed mainly of granite and gneissThe Deccan lava plateau is an elevated tableland consisting of horizontally arranged lava sheetsThe Malwa plateau dominates the Vindhyam scraps, forming the northern flank of the plateauThe trough of the Narmada and Tapti are interposed between the Vindhyan and the Satpura ranges", "opta": "I, II and III", "optb": "I and II", "optc": "I, II, III and IV", "optd": "I, III and IV", "ans": "C", "explanation": "No answer description available for this question. Let us discuss."}, {"question": "Which of the following types of soil are mostly confined to river basins and coastal plains of India?", "opta": "Alluvial soils", "optb": "Black soils", "optc": "Laterite soils", "optd": "Red soils", "ans": "A", "explanation": "No answer description available for this question. Let us discuss."}, {"question": "The two states of India, most richly endowed with iron ore, are", "opta": "Bihar and Orissa", "optb": "Madhya Pradesh and Orissa", "optc": "Bihar and West Bengal", "optd": "Madhya Pradesh and West Bengal", "ans": "A", "explanation": "No answer description available for this question. Let us discuss."}, {"question": "The most fertile region of India is", "opta": "the Himalayas", "optb": "the central Highlands", "optc": "the Indo-Gangetic plain", "optd": "peninsular plateau", "ans": "C", "explanation": "No answer description available for this question. Let us discuss."}, {"question": "Which of the following groups accounts for over 90 per cent of India's annual coal production?", "opta": "Bihar, Orissa and West Bengal", "optb": "Bihar, Orissa and Madhya Pradesh", "optc": "Orissa, Madhya Pradesh and Tamil Nadu", "optd": "West Bengal, Madhya Pradesh and Tamil Nadu", "ans": "A", "explanation": "No answer description available for this question. Let us discuss."}, {"question": "The significant shifts in Indian agriculture during green revolution include", "opta": "non-food grains reported some spectacular progress and shift in the cropping pattern", "optb": "major food grains, in the eastern regions productions decreased and in the northern states increased", "optc": "both (a) and (b)", "optd": "None of the above", "ans": "C", "explanation": "No answer description available for this question. Let us discuss."}, {"question": "The number of major ports in India is", "opta": "5", "optb": "8", "optc": "13", "optd": "15", "ans": "C", "explanation": "No answer description available for this question. Let us discuss."}, {"question": "Which of the following is a peninsular river of India?", "opta": "Gandak", "optb": "Kosi", "optc": "Krishna", "optd": "Sutlej", "ans": "C", "explanation": "No answer description available for this question. Let us discuss."}, {"question": "Which of the following is the most important raw material for generation of power in India?", "opta": "Coal", "optb": "Mineral Oil", "optc": "Natural Gas", "optd": "Uranium", "ans": "A", "explanation": "No answer description available for this question. Let us discuss."}, {"question": "When it is noon IST at Allahabad in India, the time at Greenwich, London, will be", "opta": "midnight ,GMT", "optb": "1730 hours", "optc": "0630 hours", "optd": "None of the above", "ans": "C", "explanation": "No answer description available for this question. Let us discuss."}, {"question": "Which country has the largest coast line?", "opta": "USA", "optb": "Australia", "optc": "Canada", "optd": "India", "ans": "C", "explanation": "No answer description available for this question. Let us discuss."}, {"question": "The river Godavari  is often referred to as Vridha Ganga because", "opta": "it is the older river of India", "optb": "of its large size and extent among the peninsular rivers", "optc": "there are a fairly large number of pilgrimage centres situated on its banks", "optd": "its length is nearly the same as that of the river Ganges", "ans": "B", "explanation": "No answer description available for this question. Let us discuss."}, {"question": "The scarcity or crop failure of which of the following can cause a serious edible oil crisis in India?", "opta": "coconut", "optb": "Groundnut", "optc": "Linseed", "optd": "Mustard", "ans": "B", "explanation": "No answer description available for this question. Let us discuss."}, {"question": "The pennines (Europe), Appalachians (America) and the Aravallis (India) are examples of", "opta": "old mountains", "optb": "young mountains", "optc": "fold mountains", "optd": "block mountains", "ans": "A", "explanation": "No answer description available for this question. Let us discuss."}, {"question": "Which of the following factors are responsible for present crisis in the jute industry in India?The decline in overseas marketInadequately supply of raw juteStiff competition from synthetic packing materials Select the correct answer from the codes given below", "opta": "I and II", "optb": "I, II and III", "optc": "I and III", "optd": "II and III", "ans": "A", "explanation": "No answer description available for this question. Let us discuss."}, {"question": "Which of the following factors are responsible for India's failure to fully exploit the inland fisheries during the last five decades?Silting and pollution of the inland water bodiesDeforestation in the catchment areas of the riversLack of marketing facilities Select the correct answer from the codes given below", "opta": "I, II and III", "optb": "I and II", "optc": "I and III", "optd": "II and III", "ans": "C", "explanation": "No answer description available for this question. Let us discuss."}]]}