{"test_questions": [[{"question": "Radiocarbon is produced in the atmosphere as a result of", "opta": "collision between fast neutrons and nitrogen nuclei present in the atmosphere", "optb": "action of ultraviolet light from the sun on atmospheric oxygen", "optc": "action of solar radiations particularly cosmic rays on carbon dioxide present in the atmosphere", "optd": "lightning discharge in atmosphere", "ans": "A", "explanation": "No answer description available for this question. Let us discuss."}, {"question": "It is easier to roll a stone up a sloping road than to lift it vertical upwards because", "opta": "work done in rolling is more than in lifting", "optb": "work done in lifting the stone is equal to rolling it", "optc": "work done in both is same but the rate of doing work is less in rolling", "optd": "work done in rolling a stone is less than in lifting it", "ans": "D", "explanation": "No answer description available for this question. Let us discuss."}, {"question": "The absorption of ink by blotting paper involves", "opta": "viscosity of ink", "optb": "capillary action phenomenon", "optc": "diffusion of ink through the blotting", "optd": "siphon action", "ans": "B", "explanation": "No answer description available for this question. Let us discuss."}, {"question": "Siphon will fail to work if", "opta": "the densities of the liquid in the two vessels are equal", "optb": "the level of the liquid in the two vessels are at the same height", "optc": "both its limbs are of unequal length", "optd": "the temperature of the liquids in the two vessels are the same", "ans": "B", "explanation": "No answer description available for this question. Let us discuss."}, {"question": "Large transformers, when used for some time, become very hot and are cooled by circulating oil. The heating of the transformer is due to", "opta": "the heating effect of current alone", "optb": "hysteresis loss alone", "optc": "both the heating effect of current and hysteresis loss", "optd": "intense sunlight at noon", "ans": "C", "explanation": "No answer description available for this question. Let us discuss."}, {"question": "Nuclear sizes are expressed in a unit named", "opta": "Fermi", "optb": "angstrom", "optc": "newton", "optd": "tesla", "ans": "A", "explanation": "Fermi - A unit of length equal to 10-15 meter (one femtometer), used in nuclear physics. It is similar to the diameter of a proton."}, {"question": "Light year is a unit of", "opta": "time", "optb": "distance", "optc": "light", "optd": "intensity of light", "ans": "B", "explanation": "No answer description available for this question. Let us discuss."}, {"question": "Mirage is due to", "opta": "unequal heating of different parts of the atmosphere", "optb": "magnetic disturbances in the atmosphere", "optc": "depletion of ozone layer in the atmosphere", "optd": "equal heating of different parts of the atmosphere", "ans": "A", "explanation": "No answer description available for this question. Let us discuss."}, {"question": "Light from the Sun reaches us in nearly", "opta": "2 minutes", "optb": "4 minutes", "optc": "8 minutes", "optd": "16 minutes", "ans": "C", "explanation": "No answer description available for this question. Let us discuss."}, {"question": "Stars appears to move from east to west because", "opta": "all stars move from east to west", "optb": "the earth rotates from west to east", "optc": "the earth rotates from east to west", "optd": "the background of the stars moves from west to east", "ans": "B", "explanation": "No answer description available for this question. Let us discuss."}, {"question": "Pa(Pascal) is the unit for", "opta": "thrust", "optb": "pressure", "optc": "frequency", "optd": "conductivity", "ans": "B", "explanation": "No answer description available for this question. Let us discuss."}, {"question": "Planets do not twinkle because", "opta": "they emit light of a constant intensity", "optb": "their distance from the earth does not  change with time", "optc": "they are very far away from the earth resulting in decrease in intensity of light", "optd": "they are nearer to earth and hence we receive a greater amount of light and, therefore minor variations in the intensity are not noticeable", "ans": "D", "explanation": "No answer description available for this question. Let us discuss."}, {"question": "Metals are good conductors of electricity because", "opta": "they contain free electrons", "optb": "the atoms are lightly packed", "optc": "they have high melting point", "optd": "All of the above", "ans": "A", "explanation": "No answer description available for this question. Let us discuss."}, {"question": "Let a thin capillary tube be replaced with another tube of insufficient length then, we find water", "opta": "will overflow", "optb": "will not rise", "optc": "depressed", "optd": "change its meniscus", "ans": "B", "explanation": "No answer description available for this question. Let us discuss."}, {"question": "Out of the following pairs, choose the pair in which the physical quantities do not have identical dimension?", "opta": "Pressure and Young's modules", "optb": "Planck's constant and Angular momentum", "optc": "Impulse and moment of force", "optd": "Force and rate of change of linear momentum", "ans": "C", "explanation": "No answer description available for this question. Let us discuss."}, {"question": "If two bodies of different masses, initially at rest, are acted upon by the same force for the same time, then the both bodies acquire the same", "opta": "velocity", "optb": "momentum", "optc": "acceleration", "optd": "kinetic energy", "ans": "B", "explanation": "No answer description available for this question. Let us discuss."}, {"question": "Pick out the scalar quantity", "opta": "force", "optb": "pressure", "optc": "velocity", "optd": "acceleration", "ans": "B", "explanation": "No answer description available for this question. Let us discuss."}, {"question": "Rectifiers are used to convert", "opta": "Direct current to Alternating current", "optb": "Alternating current to Direct current", "optc": "high voltage to low voltage", "optd": "low voltage to high voltage", "ans": "B", "explanation": "No answer description available for this question. Let us discuss."}, {"question": "out of the following, which is not emitted by  radioactive substance?", "opta": "Electrons", "optb": "Electromagnetic radiations", "optc": "Alpha particles", "optd": "Neutrons", "ans": "D", "explanation": "No answer description available for this question. Let us discuss."}, {"question": "Sound waves in air are", "opta": "transverse", "optb": "longitudinal", "optc": "electromagnetic", "optd": "polarised", "ans": "B", "explanation": "No answer description available for this question. Let us discuss."}, {"question": "Magnetism at the centre of a bar magnet is", "opta": "minimum", "optb": "maximum", "optc": "zero", "optd": "minimum or maximum", "ans": "C", "explanation": "No answer description available for this question. Let us discuss."}, {"question": "It is more difficult to walk on a sandy road than on a concrete road because", "opta": "sand is soft and concreter is hard", "optb": "the friction between sand and feet is less than that between concrete and feet", "optc": "the friction between sand and feet is more than that between concrete and feet", "optd": "the sand is grainy but concrete is smooth", "ans": "B", "explanation": "No answer description available for this question. Let us discuss."}, {"question": "Find the maximum velocity for the overturn of a car moving on a circular track of radius 100 m. The co-efficient of friction between the road and tyre is 0.2", "opta": "0.14 m/s", "optb": "140 m/s", "optc": "1.4 km/s", "optd": "14 m/s", "ans": "D", "explanation": "No answer description available for this question. Let us discuss."}, {"question": "Of the following properties of a wave, the one that is independent of the other is its", "opta": "amplitude", "optb": "velocity", "optc": "wavelength", "optd": "frequency", "ans": "A", "explanation": "No answer description available for this question. Let us discuss."}, {"question": "Lux is the SI unit of", "opta": "intensity of illumination", "optb": "luminous efficiency", "optc": "luminous flux", "optd": "luminous intensity", "ans": "A", "explanation": "The SI unit of intensity of illumination (illuminance) is the lux. An illuminance of 1.0 lux is produced by 1.0 lumen of light shining on an area of 1.0 m^2."}, {"question": "On a rainy day, small oil films on water show brilliant colours. This is due to", "opta": "dispersion", "optb": "interference", "optc": "diffraction", "optd": "polarization", "ans": "B", "explanation": "No answer description available for this question. Let us discuss."}, {"question": "Point A is at a lower electrical potential  than point B. An electron between them on the line joining them will", "opta": "move towards A", "optb": "move towards B", "optc": "move at right angles to the line joining A and B", "optd": "remain at rest", "ans": "B", "explanation": "No answer description available for this question. Let us discuss."}, {"question": "Materials for rain-proof coats and tents owe their water-proof properties to", "opta": "surface tension", "optb": "viscosity", "optc": "specific gravity", "optd": "elasticity", "ans": "A", "explanation": "No answer description available for this question. Let us discuss."}, {"question": "RADAR is used for", "opta": "locating submerged submarines", "optb": "receiving a signals in a radio receiver", "optc": "locating geostationary satellites", "optd": "detecting and locating the position of objects such as aeroplanes", "ans": "D", "explanation": "No answer description available for this question. Let us discuss."}, {"question": "Sound of frequency below 20 Hz is called", "opta": "audio sounds", "optb": "infrasonic", "optc": "ultrasonic", "optd": "supersonics", "ans": "B", "explanation": "No answer description available for this question. Let us discuss."}, {"question": "On a clean glass plate a drop of water spreads to form a thin layer whereas a drop of mercury remains almost spherical because", "opta": "mercury is a metal", "optb": "density of mercury is greater than that of water", "optc": "cohesion of mercury is greater than its adhesion with glass", "optd": "cohesion of water is greater than its adhesion with glass", "ans": "C", "explanation": "No answer description available for this question. Let us discuss."}, {"question": "Suitable impurities are added to a semiconductor depending on its use. This is done in order to", "opta": "increase its life", "optb": "enable it to withstand higher voltages", "optc": "increase its electrical conductivity", "optd": "increase its electrical resistivity", "ans": "C", "explanation": "No answer description available for this question. Let us discuss."}, {"question": "Stars twinkle because", "opta": "the intensity of light emitted by them changes with time", "optb": "the distance of the stars from the earth changes with time", "optc": "the refractive index of the different layers of the earth's atmosphere changes continuously, consequently the position of the image of a start changes with time", "optd": "the light from the star is scattered by the dust particles and air molecules in the earth's atmosphere", "ans": "C", "explanation": "No answer description available for this question. Let us discuss."}, {"question": "It takes much longer to cook food in the hills than in the plains, because", "opta": "in the hills the atmospheric pressure is lower than that in the plains and therefore water boils at a temperature lower than 100oC causing an increase in cooking time", "optb": "due to low atmospheric pressure on the hills, the water boils at a temperature higher than 100oC and therefore water takes longer to boil", "optc": "in the hills the atmospheric density is low and therefore a lot of heat is lost to the atmosphere", "optd": "in the hills the humidity is high and therefore a lot of heat is absorbed by the atmosphere leaving very little heat for cooking", "ans": "A", "explanation": "No answer description available for this question. Let us discuss."}, {"question": "Moment of inertia is", "opta": "vector", "optb": "scalar", "optc": "phasor", "optd": "tensor", "ans": "D", "explanation": "No answer description available for this question. Let us discuss."}, {"question": "Of the following natural phenomena, tell which one known in Sanskrit as 'deer's thirst'?", "opta": "Rainbow", "optb": "Earthshine", "optc": "Halo", "optd": "Mirage", "ans": "D", "explanation": "No answer description available for this question. Let us discuss."}, {"question": "Inside an aeroplane, flying at a high altitude,", "opta": "the pressure is the same as that outside", "optb": "normal atmospheric pressure is maintained by the use of air pumps", "optc": "the pressure inside is less than the pressure outside", "optd": "normal humidity and partial vacuum are maintained", "ans": "B", "explanation": "No answer description available for this question. Let us discuss."}, {"question": "Sound travels with a different speed in media. In what order does the velocity of sound increase in these media?", "opta": "Water, iron and air", "optb": "Iron, air and water", "optc": "Air, water and iron", "optd": "Iron, water and air", "ans": "C", "explanation": "No answer description available for this question. Let us discuss."}, {"question": "One thousand microns is equal to", "opta": "10-3m", "optb": "10-6m", "optc": "10-9m", "optd": "10-12m", "ans": "A", "explanation": "No answer description available for this question. Let us discuss."}, {"question": "Sound travels at the fastest speed in", "opta": "steel", "optb": "water", "optc": "air", "optd": "vacuum", "ans": "A", "explanation": "No answer description available for this question. Let us discuss."}, {"question": "oil raise up the wick in a lamp. The principle involves", "opta": "the diffusion of oil through the wick", "optb": "the liquid state of oil", "optc": "capillary action phenomenon", "optd": "volatility of oil", "ans": "C", "explanation": "No answer description available for this question. Let us discuss."}, {"question": "Superconductors are substances which", "opta": "conduct electricity at low temperature", "optb": "offer high resistance to the flow of current", "optc": "offer no resistance to the flow of electricity", "optd": "conduct electricity at high temperatures", "ans": "C", "explanation": "No answer description available for this question. Let us discuss."}, {"question": "Light travels at the fastest speed in", "opta": "glass", "optb": "water", "optc": "hydrogen", "optd": "vacuum", "ans": "D", "explanation": "No answer description available for this question. Let us discuss."}, {"question": "Railway tracks are banked on curves", "opta": "necessary centrifugal force may be obtained from the horizontal component weight of the train", "optb": "to avoid frictional force between the tracks and wheels", "optc": "necessary centripetal force may be obtained from the horizontal component of the weight of the train", "optd": "the train may not fly off in the opposite direction", "ans": "C", "explanation": "No answer description available for this question. Let us discuss."}, {"question": "On a cold day when a room temperature is 15oC, the metallic cap of a pen becomes much colder than its plastic body, though both are at the same temperature of 15oC, because", "opta": "metals have higher thermal capacity than plastics", "optb": "plastics have a lower density than metals", "optc": "metals are good conductor of heat", "optd": "plastics have a higher thermal conductivity than metals", "ans": "C", "explanation": "No answer description available for this question. Let us discuss."}, {"question": "Sound produced at a point is heard by a person after 5 second, while the same sound is heard by another person after 6 seconds. If the speed of sound is 300 m/s, what could be the maximum and minimum distances between the two persons?", "opta": "1.8 km, 0.15 km", "optb": "2.2 km, 0.20 km", "optc": "2.8 km, 0.25 km", "optd": "3.3 km, 0.30 km", "ans": "D", "explanation": "No answer description available for this question. Let us discuss."}, {"question": "Intensity of sound at a point is ____ its distance from the source.", "opta": "directly proportional to", "optb": "inversely proportional to", "optc": "directly proportional to square of", "optd": "inversely proportional to square of", "ans": "D", "explanation": "No answer description available for this question. Let us discuss."}, {"question": "Of the four locations mentioned below the highest inside temperature will be attained in the pressure cooker operated with the pressure valve open", "opta": "at sea level", "optb": "at the top of Mt. Everest", "optc": "at a place in a valley below sea level", "optd": "in an aeroplane flying at a height of 10,000 m with inside pressure maintained at the sea level", "ans": "C", "explanation": "No answer description available for this question. Let us discuss."}, {"question": "Radio telescopes are better than optical telescopes because", "opta": "they can detect faint galaxies which no optical telescope can", "optb": "they can work even in cloudy conditions", "optc": "they can work during the day and night", "optd": "All of the above", "ans": "D", "explanation": "No answer description available for this question. Let us discuss."}, {"question": "Light Emitting Diodes (LED) is used in fancy electronic devices such as toys emit", "opta": "X-rays", "optb": "ultraviolet light", "optc": "visible light", "optd": "radio waves", "ans": "C", "explanation": "No answer description available for this question. Let us discuss."}, {"question": "Out of the following pairs, which one does not have identical dimension?", "opta": "Moment of inertia and moment of a force", "optb": "Work and Torque", "optc": "Angular momentum and Planck's constant", "optd": "Impulse and Momentum", "ans": "A", "explanation": "No answer description available for this question. Let us discuss."}, {"question": "Mercury is commonly used as a thermometric fluid rather than water because", "opta": "specific heat of mercury is less than water", "optb": "specific heat of mercury is more than water", "optc": "mercury has greater visibility than water", "optd": "density of mercury is more than the water", "ans": "C", "explanation": "No answer description available for this question. Let us discuss."}, {"question": "Optical  fibre works on the", "opta": "principle of refraction", "optb": "total internal reflection", "optc": "scattering", "optd": "interference", "ans": "B", "explanation": "No answer description available for this question. Let us discuss."}, {"question": "Light from the star, Alpha Centauri, which is nearest to the earth after the sun, reaches the earth in", "opta": "4.2 seconds", "optb": "42 seconds", "optc": "4.2 years", "optd": "42 years", "ans": "C", "explanation": "No answer description available for this question. Let us discuss."}, {"question": "Supersonic plane fly with the speed", "opta": "less than the speed of sound", "optb": "of sound", "optc": "greater than the speed of sound", "optd": "of light", "ans": "C", "explanation": "No answer description available for this question. Let us discuss."}, {"question": "Mach number is used in connection with the speed of", "opta": "sound", "optb": "aircraft", "optc": "spacecraft", "optd": "ships", "ans": "B", "explanation": "No answer description available for this question. Let us discuss."}, {"question": "On a stationary sail boat, air is blown from a fan attached to the boat. The boat", "opta": "moves in opposite direction in which the air is blown", "optb": "does not move", "optc": "moves in the same direction in which air blows", "optd": "spins around", "ans": "B", "explanation": "No answer description available for this question. Let us discuss."}, {"question": "Rainbow is due to", "opta": "absorption of sunlight in minute water droplets", "optb": "diffusion of sunlight through water droplets", "optc": "ionisation of water deposits", "optd": "refraction and reflection of sunlight by water droplets", "ans": "D", "explanation": "No answer description available for this question. Let us discuss."}, {"question": "Stars which appear single to the naked eye but are double when seen through a telescope are", "opta": "novas and supernovas", "optb": "binaries", "optc": "asteroids", "optd": "quasars", "ans": "B", "explanation": "No answer description available for this question. Let us discuss."}, {"question": "ML2T-2 is the dimensional formula for", "opta": "moment of inertia", "optb": "pressure", "optc": "elasticity", "optd": "couple acting on a body", "ans": "D", "explanation": "No answer description available for this question. Let us discuss."}, {"question": "Solar eclipse will take place when", "opta": "the sun is between the moon and the earth", "optb": "the earth is between the moon and the sun", "optc": "the moon is between the sun and the earth", "optd": "the moon does not lie on the line joining the sun and the earth", "ans": "C", "explanation": "No answer description available for this question. Let us discuss."}, {"question": "Isotopes of an element contain", "opta": "the same number of protons but different number of neutrons", "optb": "the same number of neutrons but different number of protons", "optc": "equal number of protons and electrons", "optd": "equal number of nucleons", "ans": "A", "explanation": "No answer description available for this question. Let us discuss."}, {"question": "One watt-hour is equivalent to", "opta": "6.3 x 103 J", "optb": "6.3 x 10-7 J", "optc": "3.6 x 103 J", "optd": "3.6 x 10-3 J", "ans": "C", "explanation": "No answer description available for this question. Let us discuss."}, {"question": "Sir C.V. Raman was awarded Nobel Prize for his work connected with which of the following phenomenon of radiation?", "opta": "Scattering", "optb": "Diffraction", "optc": "Interference", "optd": "Polarization", "ans": "A", "explanation": "No answer description available for this question. Let us discuss."}, {"question": "In which of the following industries is mica as a raw material?", "opta": "Cement", "optb": "Glass and Pottery", "optc": "Iron and Steel", "optd": "Electrical", "ans": "D", "explanation": "No answer description available for this question. Let us discuss."}, {"question": "Radiocarbon dating technique is used to estimate the age of", "opta": "rocks", "optb": "monuments", "optc": "soil", "optd": "fossils", "ans": "D", "explanation": "No answer description available for this question. Let us discuss."}, {"question": "Identify the vector quantity from the following", "opta": "Heat", "optb": "Angular momentum", "optc": "Time", "optd": "Work", "ans": "B", "explanation": "No answer description available for this question. Let us discuss."}, {"question": "Large astronomical telescopes always use as objective", "opta": "lens", "optb": "mirror", "optc": "combinations of lenses", "optd": "None of the above", "ans": "C", "explanation": "No answer description available for this question. Let us discuss."}, {"question": "One should not connect a number of electrical appliances to the same power socket because", "opta": "this can damage the appliances due to overloading", "optb": "this can damage the domestic wiring due to overloading", "optc": "this can damage the electrical meter", "optd": "the appliance will not get full voltage", "ans": "B", "explanation": "No answer description available for this question. Let us discuss."}, {"question": "Rainbow is produced when sunlight fall on drops of rain. Which of the following physical phenomena are responsible for this? DiffusionRefractionInternal reflection", "opta": "I, II and III", "optb": "I and II", "optc": "II and III", "optd": "I and III", "ans": "C", "explanation": "No answer description available for this question. Let us discuss."}, {"question": "Natural radioactivity was discovered by", "opta": "Marie Curie", "optb": "Ernest Rutherfor", "optc": "Henri Becquerel", "optd": "Enrico Fermi", "ans": "C", "explanation": "No answer description available for this question. Let us discuss."}, {"question": "Planets are", "opta": "luminous heavenly bodies revolving around a star", "optb": "non-luminous heavenly bodies", "optc": "luminous heavenly bodies that twinkle", "optd": "luminous heavenly bodies that do not twinkle", "ans": "B", "explanation": "No answer description available for this question. Let us discuss."}, {"question": "One nanometer is equal to", "opta": "10-6m", "optb": "10-8m", "optc": "10-9m", "optd": "10-5m", "ans": "C", "explanation": "No answer description available for this question. Let us discuss."}, {"question": "Mica is used in electrical appliances such as electric iron because mica is", "opta": "a good conductor of heat but a bad conductor of electricity", "optb": "a bad conductor of heat but a good conductor of electricity", "optc": "a good conductor of heat as well as electricity", "optd": "a bad conductor of heat as well as electricity", "ans": "A", "explanation": "No answer description available for this question. Let us discuss."}, {"question": "It is easier to roll a barrel full of coal tar than to pull it because", "opta": "the full weight of the barrel comes into play when it is pulled", "optb": "the rolling friction is much less than the sliding friction", "optc": "more surface area of the barrel is in contact with the road when it is pulled", "optd": "coal tar is a liquid and it flows in the barrel when it is rolled", "ans": "B", "explanation": "No answer description available for this question. Let us discuss."}, {"question": "Minimum number of unequal vectors which can give zero resultant are", "opta": "two", "optb": "three", "optc": "four", "optd": "more than four", "ans": "B", "explanation": "No answer description available for this question. Let us discuss."}, {"question": "Intensity of sound has", "opta": "an object existence", "optb": "a subject existence", "optc": "no existence", "optd": "both subjective and objective existence", "ans": "A", "explanation": "No answer description available for this question. Let us discuss."}, {"question": "Rain is falling vertically downwards. To a man running east-wards, the rain will appear to be coming from", "opta": "east", "optb": "west", "optc": "northeast", "optd": "southeast", "ans": "A", "explanation": "No answer description available for this question. Let us discuss."}, {"question": "An aeroplane is flying horizontally with a velocity of 600 km/h and at a height of 1960 m. When it is vertically at a point A on the ground a bomb is released from it. The bomb strikes the ground at point B. The distance AB is", "opta": "1200 m", "optb": "0.33 km", "optc": "3.33 km", "optd": "33 km", "ans": "C", "explanation": "No answer description available for this question. Let us discuss."}]]}