{"test_questions": [[{"question": "How many 3-line-to-8-line decoders are required for a 1-of-32 decoder?", "opta": "1", "optb": "2", "optc": "4", "optd": "8", "ans": "C", "explanation": "No answer description available for this question. Let us discuss."}, {"question": "Which of the figures shown below represents the exclusive-NOR gate?", "opta": "a", "optb": "b", "optc": "c", "optd": "d", "ans": "B", "explanation": "No answer description available for this question. Let us discuss."}, {"question": "Which of the circuits in figure (a to d) is the sum-of-products implementation of figure (e)?", "opta": "a", "optb": "b", "optc": "c", "optd": "d", "ans": "D", "explanation": "No answer description available for this question. Let us discuss."}, {"question": "For the device shown here, let all D inputs be LOW, both S inputs be HIGH, and the  input be LOW. What is the status of the Y output?", "opta": "LOW", "optb": "HIGH", "optc": "Don't Care", "optd": "Cannot be determined", "ans": "A", "explanation": "No answer description available for this question. Let us discuss."}, {"question": "For the device shown here, let all D inputs be LOW, both S inputs be HIGH, and the  input be HIGH. What is the status of the Y output?", "opta": "LOW", "optb": "HIGH", "optc": "Don't Care", "optd": "Cannot be determined", "ans": "A", "explanation": "No answer description available for this question. Let us discuss."}, {"question": "Convert BCD 0001 0010 0110 to binary.", "opta": "1111110", "optb": "1111101", "optc": "1111000", "optd": "1111111", "ans": "A", "explanation": "No answer description available for this question. Let us discuss."}, {"question": "A 74HC147 priority encoder has ten active-LOW inputs and four active-LOW outputs. What would be the state of the four outputs if inputs 4 and 5 are LOW and all other inputs are HIGH?", "opta": "", "optb": "", "optc": "", "optd": "", "ans": "A", "explanation": "No answer description available for this question. Let us discuss."}, {"question": "Convert BCD 0001 0111 to binary.", "opta": "10101", "optb": "10010", "optc": "10001", "optd": "11000", "ans": "C", "explanation": "No answer description available for this question. Let us discuss."}, {"question": "Which of the figures in figure (a to d) is equivalent to figure (e)?", "opta": "a", "optb": "b", "optc": "c", "optd": "d", "ans": "B", "explanation": "No answer description available for this question. Let us discuss."}, {"question": "How many data select lines are required for selecting eight inputs?", "opta": "1", "optb": "2", "optc": "3", "optd": "4", "ans": "C", "explanation": "No answer description available for this question. Let us discuss."}, {"question": "The simplest equation which implements the K-map shown below is:", "opta": "", "optb": "", "optc": "", "optd": "", "ans": "A", "explanation": "No answer description available for this question. Let us discuss."}, {"question": "How many 1-of-16 decoders are required for decoding a 7-bit binary number?", "opta": "5", "optb": "6", "optc": "7", "optd": "8", "ans": "D", "explanation": "No answer description available for this question. Let us discuss."}, {"question": "Which of the following logic expressions represents the logic diagram shown?", "opta": "", "optb": "", "optc": "", "optd": "", "ans": "D", "explanation": "No answer description available for this question. Let us discuss."}, {"question": "The implementation of simplified sum-of-products expressions may be easily implemented into actual logic circuits using all universal ________ gates with little or no increase in circuit complexity. (Select the response for the blank space that will BEST make the statement true.)", "opta": "AND/OR", "optb": "NAND", "optc": "NOR", "optd": "OR/AND", "ans": "B", "explanation": "No answer description available for this question. Let us discuss."}, {"question": "Which of the following statements accurately represents the two BEST methods of logic circuit simplification?", "opta": "Boolean algebra and Karnaugh mapping", "optb": "Karnaugh mapping and circuit waveform analysis", "optc": "Actual circuit trial and error evaluation and waveform analysis", "optd": "Boolean algebra and actual circuit trial and error evaluation", "ans": "A", "explanation": "No answer description available for this question. Let us discuss."}, {"question": "For the device shown here, assume the D input is LOW, both S inputs are HIGH, and the  input is HIGH. What is the status of the  outputs?", "opta": "All are HIGH.", "optb": "All are LOW.", "optc": "All but  are LOW.", "optd": "All but  are HIGH.", "ans": "A", "explanation": "No answer description available for this question. Let us discuss."}, {"question": "Which of the following combinations cannot be combined into K-map groups?", "opta": "Corners in the same row", "optb": "Corners in the same column", "optc": "Diagonal corners", "optd": "Overlapping combinations", "ans": "C", "explanation": "No answer description available for this question. Let us discuss."}, {"question": "As a technician you are confronted with a TTL circuit board containing dozens of IC chips. You have taken several readings at numerous IC chips, but the readings are inconclusive because of their erratic nature. Of the possible faults listed, select the one that most probably is causing the problem.", "opta": "A defective IC chip that is drawing excessive current from the power supply", "optb": "A solar bridge between the inputs on the first IC chip on the board", "optc": "An open input on the first IC chip on the board", "optd": "A defective output IC chip that has an internal open to Vcc", "ans": "C", "explanation": "No answer description available for this question. Let us discuss."}, {"question": "Which gate is best used as a basic comparator?", "opta": "NOR", "optb": "OR", "optc": "Exclusive-OR", "optd": "AND", "ans": "C", "explanation": "No answer description available for this question. Let us discuss."}, {"question": "The device shown here is most likely a ________.", "opta": "comparator", "optb": "multiplexer", "optc": "demultiplexer", "optd": "parity generator", "ans": "C", "explanation": "No answer description available for this question. Let us discuss."}, {"question": "In VHDL, macrofunctions is/are:", "opta": "digital circuits.", "optb": "analog circuits.", "optc": "a set of bit vectors.", "optd": "preprogrammed TTL devices.", "ans": "D", "explanation": "No answer description available for this question. Let us discuss."}, {"question": "Which of the following expressions is in the product-of-sums form?", "opta": "(A + B)(C + D)", "optb": "(AB)(CD)", "optc": "AB(CD)", "optd": "AB + CD", "ans": "A", "explanation": "No answer description available for this question. Let us discuss."}, {"question": "Which of the following is an important feature of the sum-of-products form of expressions?", "opta": "All logic circuits are reduced to nothing more than simple AND and OR operations.", "optb": "The delay times are greatly reduced over other forms.", "optc": "No signal must pass through more than two gates, not including inverters.", "optd": "The maximum number of gates that any signal must pass through is reduced by a factor of two.", "ans": "A", "explanation": "No answer description available for this question. Let us discuss."}, {"question": "For the device shown here, assume the D input is LOW, both S inputs are LOW, and the  input is LOW. What is the status of the  outputs?", "opta": "All are HIGH.", "optb": "All are LOW.", "optc": "All but  are LOW.", "optd": "All but  are HIGH.", "ans": "D", "explanation": "No answer description available for this question. Let us discuss."}, {"question": "An output gate is connected to four input gates; the circuit does not function. Preliminary tests with the DMM indicate that the power is applied; scope tests show that the primary input gate has a pulsing signal, while the interconnecting node has no signal. The four load gates are all on different ICs. Which instrument will best help isolate the problem?", "opta": "Current tracer", "optb": "Logic probe", "optc": "Oscilloscope", "optd": "Logic analyzer", "ans": "A", "explanation": "No answer description available for this question. Let us discuss."}, {"question": "The binary numbers A = 1100 and B = 1001 are applied to the inputs of a comparator. What are the output levels?", "opta": "A > B = 1, A < B = 0, A < B = 1", "optb": "A > B = 0, A < B = 1, A = B = 0", "optc": "A > B = 1, A < B = 0, A = B = 0", "optd": "A > B = 0, A < B = 1, A = B = 1", "ans": "C", "explanation": "No answer description available for this question. Let us discuss."}, {"question": "A logic probe is placed on the output of a gate and the display indicator is dim. A pulser is used on each of the input terminals, but the output indication does not change. What is wrong?", "opta": "The output of the gate appears to be open.", "optb": "The dim indication on the logic probe indicates that the supply voltage is probably low.", "optc": "The dim indication is a result of a bad ground connection on the logic probe.", "optd": "The gate may be a tristate device.", "ans": "A", "explanation": "No answer description available for this question. Let us discuss."}, {"question": "Two 4-bit binary numbers (1011 and 1111) are applied to a 4-bit parallel adder. The carry input is 1. What are the values for the sum and carry output?", "opta": "4321 = 0111, Cout = 0", "optb": "4321 = 1111, Cout = 1", "optc": "4321 = 1011, Cout = 1", "optd": "4321 = 1100, Cout = 1", "ans": "C", "explanation": "No answer description available for this question. Let us discuss."}, {"question": "Each \"1\" entry in a K-map square represents:", "opta": "a HIGH for each input truth table condition that produces a HIGH output.", "optb": "a HIGH output on the truth table for all LOW input combinations.", "optc": "a LOW output for all possible HIGH input conditions.", "optd": "a DON'T CARE condition for all possible input truth table combinations.", "ans": "A", "explanation": "No answer description available for this question. Let us discuss."}, {"question": "Looping on a K-map always results in the elimination of:", "opta": "variables within the loop that appear only in their complemented form.", "optb": "variables that remain unchanged within the loop.", "optc": "variables within the loop that appear in both complemented and uncomplemented form.", "optd": "variables within the loop that appear only in their uncomplemented form.", "ans": "C", "explanation": "No answer description available for this question. Let us discuss."}, {"question": "What will a design engineer do after he/she is satisfied that the design will work?", "opta": "Put it in a flow chart", "optb": "Program a chip and test it", "optc": "Give the design to a technician to verify the design", "optd": "Perform a vector test", "ans": "B", "explanation": "No answer description available for this question. Let us discuss."}, {"question": "Based on the indications of probe A in the figure given below, what is wrong, if anything, with the circuit?", "opta": "The logic probe is unable to determine the state of the circuit at that point and is blinking to alert the technician to the problem.", "optb": "The output appears to be shorted to Vcc, but is being pulsed by the pulser.", "optc": "The output appears to be LOW, but is being pulsed by the pulser.", "optd": "Nothing appears to be wrong at that point.", "ans": "D", "explanation": "No answer description available for this question. Let us discuss."}, {"question": "What is the indication of a short on the input of a load gate?", "opta": "Only the output of the defective gate is affected.", "optb": "There is a signal loss to all gates on the node.", "optc": "The affected node will be stuck in the LOW state.", "optd": "There is a signal loss to all gates on the node, and the affected node will be stuck in the LOW state.", "ans": "D", "explanation": "No answer description available for this question. Let us discuss."}, {"question": "In HDL, LITERALS is/are:", "opta": "digital systems.", "optb": "scalars.", "optc": "binary coded decimals.", "optd": "a numbering system.", "ans": "B", "explanation": "No answer description available for this question. Let us discuss."}, {"question": "Which of the following expressions is in the sum-of-products form?", "opta": "(A + B)(C + D)", "optb": "(AB)(CD)", "optc": "AB(CD)", "optd": "AB + CD", "ans": "D", "explanation": "No answer description available for this question. Let us discuss."}, {"question": "The carry propagation can be expressed as ________.", "opta": "Cp = AB", "optb": "Cp = A + B", "optc": "", "optd": "", "ans": "B", "explanation": "No answer description available for this question. Let us discuss."}, {"question": "Which of the K-maps given below represents the expression X = AC + BC + B?", "opta": "a", "optb": "b", "optc": "c", "optd": "d", "ans": "C", "explanation": "No answer description available for this question. Let us discuss."}, {"question": "A decoder can be used as a demultiplexer by ________.", "opta": "tying all enable pins LOW", "optb": "tying all data-select lines LOW", "optc": "tying all data-select lines HIGH", "optd": "using the input lines for data selection and an enable line for data input", "ans": "D", "explanation": "No answer description available for this question. Let us discuss."}, {"question": "How many 4-bit parallel adders would be required to add two binary numbers each representing decimal numbers up through 30010?", "opta": "1", "optb": "2", "optc": "3", "optd": "4", "ans": "C", "explanation": "No answer description available for this question. Let us discuss."}, {"question": "Which statement below best describes a Karnaugh map?", "opta": "A Karnaugh map can be used to replace Boolean rules.", "optb": "The Karnaugh map eliminates the need for using NAND and NOR gates.", "optc": "Variable complements can be eliminated by using Karnaugh maps.", "optd": "Karnaugh maps provide a visual approach to simplifying Boolean expressions.", "ans": "D", "explanation": "No answer description available for this question. Let us discuss."}, {"question": "For a two-input XNOR gate, with the input waveforms as shown below, which output waveform is correct?", "opta": "a", "optb": "b", "optc": "c", "optd": "d", "ans": "D", "explanation": "No answer description available for this question. Let us discuss."}, {"question": "A certain BCD-to-decimal decoder has active-HIGH inputs and active-LOW outputs. Which output goes LOW when the inputs are 1001?", "opta": "0", "optb": "3", "optc": "9", "optd": "None. All outputs are HIGH.", "ans": "C", "explanation": "No answer description available for this question. Let us discuss."}, {"question": "Solve the network in the figure given below for X.", "opta": "A + BC + D", "optb": "((A + B)C) + D", "optc": "D(A + B + C)", "optd": "(AC + BC)D", "ans": "B", "explanation": "No answer description available for this question. Let us discuss."}, {"question": "A full-adder has a Cin = 0. What are the sum () and the carry (Cout) when A = 1 and B = 1?", "opta": "= 0, Cout = 0", "optb": "= 0, Cout = 1", "optc": "= 1, Cout = 0", "optd": "= 1, Cout = 1", "ans": "B", "explanation": "No answer description available for this question. Let us discuss."}, {"question": "What type of logic circuit is represented by the figure shown below?", "opta": "XOR", "optb": "XNOR", "optc": "XAND", "optd": "XNAND", "ans": "B", "explanation": "No answer description available for this question. Let us discuss."}, {"question": "The device shown here is most likely a ________.", "opta": "comparator", "optb": "multiplexer", "optc": "demultiplexer", "optd": "parity generator", "ans": "B", "explanation": "No answer description available for this question. Let us discuss."}, {"question": "The design concept of using building blocks of circuits in a PLD program is called a(n):", "opta": "hierarchical design.", "optb": "architectural design.", "optc": "digital design.", "optd": "verilog.", "ans": "A", "explanation": "No answer description available for this question. Let us discuss."}, {"question": "When adding an even parity bit to the code 110010, the result is ________.", "opta": "1110010", "optb": "1111001", "optc": "110010", "optd": "001101", "ans": "A", "explanation": "No answer description available for this question. Let us discuss."}, {"question": "Which of the following combinations of logic gates can decode binary 1101?", "opta": "One 4-input AND gate", "optb": "One 4-input AND gate, one OR gate", "optc": "One 4-input NAND gate, one inverter", "optd": "One 4-input AND gate, one inverter", "ans": "D", "explanation": "No answer description available for this question. Let us discuss."}, {"question": "What is the indication of a short to ground in the output of a driving gate?", "opta": "Only the output of the defective gate is affected.", "optb": "There is a signal loss to all load gates.", "optc": "The node may be stuck in either the HIGH or the LOW state.", "optd": "The affected node will be stuck in the HIGH state.", "ans": "B", "explanation": "No answer description available for this question. Let us discuss."}, {"question": "How many outputs would two 8-line-to-3-line encoders, expanded to a 16-line-to-4-line encoder, have?", "opta": "3", "optb": "4", "optc": "5", "optd": "6", "ans": "B", "explanation": "No answer description available for this question. Let us discuss."}]]}