{"test_questions": [[{"question": "Which type of PLD should be used to program basic logic functions?", "opta": "PLA", "optb": "PAL", "optc": "CPLD", "optd": "SLD", "ans": "B", "explanation": "No answer description available for this question. Let us discuss."}, {"question": "The content of a simple programmable logic device (PLD) consists of:", "opta": "fuse-link arrays", "optb": "thousands of basic logic gates", "optc": "advanced sequential logic functions", "optd": "thousands of basic logic gates and advanced sequential logic functions", "ans": "D", "explanation": "No answer description available for this question. Let us discuss."}, {"question": "Once a PAL has been programmed:", "opta": "it cannot be reprogrammed.", "optb": "its outputs are only active HIGHs", "optc": "its outputs are only active LOWs", "optd": "its logic capacity is lost", "ans": "A", "explanation": "No answer description available for this question. Let us discuss."}, {"question": "The complex programmable logic device (CPLD) contains several PLD blocks and:", "opta": "field-programmable switches", "optb": "AND/OR arrays", "optc": "a global interconnection matrix", "optd": "a language compiler", "ans": "C", "explanation": "No answer description available for this question. Let us discuss."}, {"question": "PLAs, CPLDs, and FPGAs are all which type of device?", "opta": "SLD", "optb": "PLD", "optc": "EPROM", "optd": "SRAM", "ans": "B", "explanation": "No answer description available for this question. Let us discuss."}, {"question": "The difference between a PLA and a PAL is:", "opta": "the PLA has a programmable OR plane and a programmable AND plane, while the PAL only has a programmable AND plane", "optb": "the PAL has a programmable OR plane and a programmable AND plane, while the PLA only has a programmable AND plane", "optc": "the PAL has more possible product terms than the PLA", "optd": "PALs and PLAs are the same thing.", "ans": "A", "explanation": "No answer description available for this question. Let us discuss."}]]}