{"test_questions": [[{"question": "Look at this series: 2, 1, (1/2), (1/4), ... What number should come next?", "opta": "(1/3)", "optb": "(1/8)", "optc": "(2/8)", "optd": "(1/16)", "ans": "B", "explanation": "This is a simple division series; each number is one-half of the previous number.\nIn other terms to say, the number is divided by 2 successively to get the next result.\n\n4/2 = 2\n2/2 = 1\n1/2 = 1/2\n(1/2)/2 = 1/4\n(1/4)/2 = 1/8 and so on."}, {"question": "Look at this series: 7, 10, 8, 11, 9, 12, ... What number should come next?", "opta": "7", "optb": "10", "optc": "12", "optd": "13", "ans": "B", "explanation": "This is a simple alternating addition and subtraction series. In the first pattern, 3 is added; in the second, 2 is subtracted."}, {"question": "Look at this series: 36, 34, 30, 28, 24, ... What number should come next?", "opta": "20", "optb": "22", "optc": "23", "optd": "26", "ans": "B", "explanation": "This is an alternating number subtraction series. First, 2 is subtracted, then 4, then 2, and so on."}, {"question": "Look at this series: 22, 21, 23, 22, 24, 23, ... What number should come next?", "opta": "22", "optb": "24", "optc": "25", "optd": "26", "ans": "C", "explanation": "In this simple alternating subtraction and addition series; 1 is subtracted, then 2 is added, and so on."}, {"question": "Look at this series: 53, 53, 40, 40, 27, 27, ... What number should come next?", "opta": "12", "optb": "14", "optc": "27", "optd": "53", "ans": "B", "explanation": "In this series, each number is repeated, then 13 is subtracted to arrive at the next number."}, {"question": "Look at this series: 21, 9, 21, 11, 21, 13, 21, ... What number should come next?", "opta": "14", "optb": "15", "optc": "21", "optd": "23", "ans": "B", "explanation": "In this alternating repetition series, the random number 21 is interpolated every other number into an otherwise simple addition series that increases by 2, beginning with the number 9."}, {"question": "Look at this series: 58, 52, 46, 40, 34, ... What number should come next?", "opta": "26", "optb": "28", "optc": "30", "optd": "32", "ans": "B", "explanation": "This is a simple subtraction series. Each number is 6 less than the previous number."}, {"question": "Look at this series: 3, 4, 7, 8, 11, 12, ... What number should come next?", "opta": "7", "optb": "10", "optc": "14", "optd": "15", "ans": "D", "explanation": "This alternating addition series begins with 3; then 1 is added to give 4; then 3 is added to give 7; then 1 is added, and so on."}, {"question": "Look at this series: 8, 22, 8, 28, 8, ... What number should come next?", "opta": "9", "optb": "29", "optc": "32", "optd": "34", "ans": "D", "explanation": "This is a simple addition series with a random number, 8, interpolated as every other number. In the series, 6 is added to each number except 8, to arrive at the next number."}, {"question": "Look at this series: 31, 29, 24, 22, 17, ... What number should come next?", "opta": "15", "optb": "14", "optc": "13", "optd": "12", "ans": "A", "explanation": "This is a simple alternating subtraction series, which subtracts 2, then 5."}, {"question": "Look at this series: 1.5, 2.3, 3.1, 3.9, ... What number should come next?", "opta": "4.2", "optb": "4.4", "optc": "4.7", "optd": "5.1", "ans": "C", "explanation": "In this simple addition series, each number increases by 0.8."}, {"question": "Look at this series: 14, 28, 20, 40, 32, 64, ... What number should come next?", "opta": "52", "optb": "56", "optc": "96", "optd": "128", "ans": "B", "explanation": "This is an alternating multiplication and subtracting  series: First, multiply by 2 and then subtract 8."}, {"question": "Look at this series: 2, 4, 6, 8, 10, ... What number should come next?", "opta": "11", "optb": "12", "optc": "13", "optd": "14", "ans": "B", "explanation": "This is a simple addition series. Each number increases by 2."}, {"question": "Look at this series: 201, 202, 204, 207, ... What number should come next?", "opta": "205", "optb": "208", "optc": "210", "optd": "211", "ans": "D", "explanation": "In this addition series, 1 is added to the first number; 2 is added to the second number; 3 is added to the third number; 4 is added to the fourth number; and go on."}, {"question": "Look at this series: 544, 509, 474, 439, ... What number should come next?", "opta": "404", "optb": "414", "optc": "420", "optd": "445", "ans": "A", "explanation": "This is a simple subtraction series. Each number is 35 less than the previous number."}, {"question": "Look at this series: 80, 10, 70, 15, 60, ... What number should come next?", "opta": "20", "optb": "25", "optc": "30", "optd": "50", "ans": "A", "explanation": "This is an alternating addition and subtraction series. In the first pattern, 10 is subtracted from each number to arrive at the next. In the second, 5 is added to each number to arrive at the next."}, {"question": "Look at this series: 2, 6, 18, 54, ... What number should come next?", "opta": "108", "optb": "148", "optc": "162", "optd": "216", "ans": "C", "explanation": "This is a simple multiplication series. Each number is 3 times more than the previous number."}, {"question": "Look at this series: 5.2, 4.8, 4.4, 4, ... What number should come next?", "opta": "3", "optb": "3.3", "optc": "3.5", "optd": "3.6", "ans": "D", "explanation": "In this simple subtraction series, each number decreases by 0.4."}, {"question": "Look at this series: 8, 6, 9, 23, 87 , ... What number should come next?", "opta": "128", "optb": "226", "optc": "324", "optd": "429", "ans": "D", "explanation": "8 x 1 - 2 = 6  \n6 x 2 - 3 = 9     \n9 x 3 - 4 = 23    \n23 x 4 - 5 = 87   \n87 x 5 - 6 = 429 ..."}]]}