{"test_questions": [[{"question": "Find the number of triangles in the given figure.", "opta": "8", "optb": "10", "optc": "12", "optd": "14", "ans": "D", "explanation": "The figure may be labelled as shown.\n\nThe simplest triangles are AHG, AIG, AIB, JFE, CJE and CED i.e. 6 in number.\nThe triangles composed of two components each are ABG, CFE, ACJ and EGI i.e. 4 in number.\nThe triangles composed of three components each are ACE, AGE and CFD i.e. 3 in number.\nThere is only one triangle i.e. AHE composed of four components.\nTherefore, There are 6 + 4 + 3 + 1 = 14 triangles in the given figure."}, {"question": "Find the minimum number of straight lines required to make the given figure.", "opta": "16", "optb": "17", "optc": "18", "optd": "19", "ans": "B", "explanation": "The figure may be labelled as shown.\n\nThe horizontal lines are IK, AB, HG and DC i.e. 4 in number.\nThe vertical lines are AD, EH, JM, FG and BC i.e. 5 in number.\nThe slanting lines are IE, JE, JF, KF, DE, DH, FC and GC i.e. 8 is number.\nThus, there are 4 + 5 + 8 = 17 straight lines in the figure."}, {"question": "Find the number of triangles in the given figure.", "opta": "22", "optb": "24", "optc": "26", "optd": "28", "ans": "D", "explanation": "The figure may be labelled as shown.\n\nThe simplest triangles are AGH, GFO, LFO, DJK, EKP, PEL and IMN i.e. 7 in number.\nThe triangles having two components each are GFL, KEL, AMO, NDP, BHN, CMJ, NEJ and HFM i.e. 8 in number.\nThe triangles having three components each are IOE, IFP, BIF and CEI i.e. 4 in number.\nThe triangles having four components each are ANE and DMF i.e. 2 in number.\nThe triangles having five components each are FCK, BGE and ADL i.e. 3 in number.\nThe triangles having six components each are BPF, COE, DHF and AJE i.e. 4 in number.\nTotal number of triangles in the figure = 7 + 8 + 4 + 2 + 3 + 4 = 28."}, {"question": "Find the number of triangles in the given figure.", "opta": "12", "optb": "18", "optc": "22", "optd": "26", "ans": "B", "explanation": "The figure may be labelled as shown.\n\nThe simplest triangles are AHB, GHI, BJC, GFE, GIE, IJE, CEJ and CDE i.e. 8 in number.\nThe triangles composed of two components each are HEG, BEC, HBE, JGE and ICE i.e. 5 in number.\nThe triangles composed of three components each are FHE, GCE and BED i.e. 3 in number.\nThere is only one triangle i.e. AGC composed of four components.\nThere is only one triangle i.e. AFD composed of nine components.\nThus, there are 8 + 5 + 3 + 1 + 1 = 18 triangles in the given figure."}, {"question": "Find the number of triangles in the given figure.", "opta": "18", "optb": "20", "optc": "24", "optd": "27", "ans": "C", "explanation": "The figure may be labelled as shown.\n\nThe simplest triangles are IJO, BCJ, CDK, KQL, MLQ, GFM, GHN and NIO i.e. 8 in number.\nThe triangles composed of two components each are ABO, AHO, NIJ, IGP, ICP, DEQ, FEQ, KLM, LCP and LGP i.e.10 in number.\nThe triangles composed of four components each are HAB, DEF, LGI, GIC, ICL and GLC i.e. 6 in number.\nTotal number of triangles in the figure = 8 + 10 + 6 = 24."}, {"question": "Find the minimum number of straight lines required to make the given figure.", "opta": "13", "optb": "15", "optc": "17", "optd": "19", "ans": "A", "explanation": "The figure may be labelled as shown.\n\nThe horizontal lines are IJ, AB, EF, MN, HG, DC and LK i.e. 7 in number.\nThe vertical lines are AD, EH, IL, FG, BC and JK i.e. 6 in number.\nThus, there are 7 + 6 = 13 straight lines in the figure."}, {"question": "Find the number of triangles in the given figure.", "opta": "16", "optb": "22", "optc": "28", "optd": "32", "ans": "C", "explanation": "The figure may be labelled as shown.\n\nThe simplest triangles are AFJ, FJK, FKB, BKG, JKG, JGC, HJC, HIJ, DIH, DEI, EIJ and AEJ i.e. 12 in number.\nThe triangles composed of two components each are JFB, FBG, BJG, JFG, DEJ, EJH, DJH and DEH i.e. 8 in number.\nThe triangles composed of three components each are AJB, JBC, DJC and ADJ i.e. 4 in number.\nThe triangles composed of six components each are DAB, ABC, BCD and ADC i.e. 4 in number.\nThus, there are 12 + 8 + 4 + 4 = 28 triangles in the figure."}, {"question": "Find the number of triangles in the given figure.", "opta": "11", "optb": "13", "optc": "15", "optd": "17", "ans": "C", "explanation": "The figure may be labelled as shown.\n\nThe simplest triangles are AKI, AIL, EKD, LFB, DJC, BJC, DHC and BCG i.e. 8 in number.\nThe triangles composed of two components each are AKL, ADJ, AJB and DBC i.e. 4 in number.\nThe triangles composed of the three components each are ADC and ABC i.e. 2 in number.\nThere is only one triangle i.e. ADB composed of four components.\nThus, there are 8+ 4 + 2 + 1= 15 triangles in the figure."}, {"question": "Find the number of triangles in the given figure.", "opta": "12", "optb": "13", "optc": "14", "optd": "15", "ans": "D", "explanation": "The figure may be labelled as shown.\n\nThe simplest triangles are ABF, BIC, CIH, GIH, FGE and AFE i.e. 6 in number.\nThe triangles composed of two components each are ABE, AGE, BHF, BCH, CGH and BIE i.e. 6 in number.\nThe triangles composed of three components each are ABH, BCE and CDE i.e. 3 in number.\nHence, the total number of triangles in the figure = 6 + 6 + 3 = 15."}, {"question": "Find the number of triangles in the given figure.", "opta": "16", "optb": "13", "optc": "9", "optd": "7", "ans": "A", "explanation": "The figure may be labelled as shown.\n\nThe simplest triangles are AGE, EGC, GFC, BGF, DGB and ADG i.e. 6 in number.\nThe triangles composed of two components each are AGC, BGC and ABG i.e. 3 in number.\nThe triangles composed of three components each are AFC, BEC, BDC, ABF, ABE and DAC i.e. 6 in number.\nThere is only one triangle i.e. ABC composed of six components.\nThus, there are 6 + 3 + 6 + 1 = 16 triangles in the given figure."}, {"question": "Find the number of triangles in the given figure.", "opta": "21", "optb": "23", "optc": "25", "optd": "27", "ans": "D", "explanation": "The figure may be labelled as shown.\n\nThe simplest triangles are ABL, BCD, DEF, FGP, PGH, QHI, JQI, KRJ and LRK i.e. 9 in number.\nThe triangles composed of two components each are OSG, SGQ, SPI, SRI, KSQ, KMS, FGH, JHI and JKL i.e. 9 in number.\nThere is only one triangle i.e. KSG which is composed of four components.\nThe triangles composed of five components each are NEI, ANI, MCG and KCO i.e. 4 in number.\nThe triangles composed of six components each are GMK and KOG i.e. 2 in number.\nThere is only one triangle i.e. AEI composed of ten components.\nThere is only one triangle i.e. KCG composed of eleven components.\nTherefore, Total number of triangles in the given figure = 9 + 9+1 + 4 + 2+1 + 1 = 27."}, {"question": "Find the number of triangles in the given figure.", "opta": "10", "optb": "19", "optc": "21", "optd": "23", "ans": "C", "explanation": "The figure may be labelled as shown.\n\nThe simplest triangles are ABI, BIC, AIJ, CIJ, AHJ, CDJ, JHG, JDE, GJF and EJF i.e. 10 in number.\nThe triangles composed of two components each are ABC, BCJ, ACJ, BAJ, AJG, CJE and GJE i.e. 7 in number.\nThe triangles composed of four components each are ACG, ACE, CGE and AGE i.e. 4 in number.\nTotal number of triangles in the figure =10+ 7 + 4 = 21."}, {"question": "Find the number of triangles in the given figure.", "opta": "5", "optb": "6", "optc": "8", "optd": "10", "ans": "D", "explanation": "The figure may be labelled as shown.\n\nThe simplest triangles are AJF, FBG, GCH, HDI and IEJ i.e. 5 in number.\nThe triangles composed of three components each EBH, AIC, EFC, ADG and BJD i.e. 5 in number.\nThus, there are 5 + 5 = 10 triangles in the figure."}, {"question": "Find the minimum number of straight lines required to make the given figure.", "opta": "9", "optb": "11", "optc": "15", "optd": "16", "ans": "B", "explanation": "The figure may be labelled as shown.\n\nThe horizontal lines are DE, FH, IL and BC i.e. 4 in number.\nThe slanting lines are AC, DO, FN, IM, AB, EM and HN i.e. 7 in number.\nThus, there are 4 + 7 = 11 straight lines in the figure."}, {"question": "Find the number of triangles in the given figure.", "opta": "10", "optb": "12", "optc": "14", "optd": "16", "ans": "C", "explanation": "The figure may be labelled as shown.\n\nThe simplest triangles are ABJ, ACJ, BDH, DHF, CIE and GIE i.e. 6 in number.\nThe triangles composed of two components each are ABC, BDF, CEG, BHJ, JHK, JKI and CJI i.e. 7 in number.\nThere is only one triangle JHI which is composed of four components.\nThus, there are 6 + 7 + 1 = 14 triangles in the given figure."}, {"question": "Find the number of triangles in the given figure.", "opta": "23", "optb": "27", "optc": "29", "optd": "31", "ans": "C", "explanation": "The figure may be labelled as shown.\n\nThe simplest triangles are AHL, LHG, GHM, HMB, GMF, BMF, BIF, CIF, FNC, CNJ, FNE, NEJ, EKJ and JKD i.e. 14 in number.\nThe triangles composed of two components each are AGH, BHG, HBF, BFG, HFG, BCF, CJF, CJE, JEF, CFE and JED i.e. 11 in number.\nThe triangles composed of four components each are ABG, CBG, BCE and CED i.e. 4 in number.\nTotal number of triangles in the given figure = 14 + 11 + 4 = 29."}, {"question": "Find the number of triangles in the given figure.", "opta": "36", "optb": "40", "optc": "44", "optd": "48", "ans": "D", "explanation": "The figure may be labelled as shown.\n\nThe simplest triangles are APQ, AEQ, QTU, QRU, BGS, BHS, RSU, SUV, TUW, UWX, NWD, WDM, UVY, UXY, JCY and YKC i.e. 16 in number.\nThe triangles composed of two components each are QUW, QSU, SYU and UWY i.e. 4 in number.\nThe triangles composed of three components each are AOU, AFU, FBU, BIU, UIC, ULC, ULD and OUD i.e. 8 in number.\nThe triangles composed of four components each are QYW, QSW, QSY and SYW i.e. 4 in number.\nThe triangles composed of six components each are AUD, ABU, BUC and DUC i.e. 4 in number.\nThe triangles composed of seven components each are QMC, ANY, EBW, PSD, CQH, AGY, DSK and BJW i.e. 8 in number.\nThe triangles composed of twelve components each are ABD, ABC, BCD and ACD i.e. 4 in number.\nThus, there are 16 + 4 + 8 + 4 + 4 + 8 + 4 = 48 triangles in the figure."}, {"question": "Find the number of triangles in the given figure.", "opta": "15", "optb": "16", "optc": "17", "optd": "18", "ans": "C", "explanation": "The figure may be labelled as shown.\n\nThe simplest triangles are ABF, BFG, BCG, CGH, GHD, GED, EFG and AFE i.e. 8 in number.\nThe triangles composed of two components each are ABG, BGE, AGE, ABE and GCD i.e. 5 in number.\nThe triangles composed of three components each are BCD, CDE, BED and BCE i.e. 4 in number.\nThus, there are 8 + 5 + 4 = 17 triangles in the figure."}, {"question": "Find the number of triangles in the given figure.", "opta": "8", "optb": "10", "optc": "12", "optd": "14", "ans": "C", "explanation": "The figure may be labelled as shown.\n\nThe simplest triangles are AEH, EHI, EBF, EFI, FGC, IFG, DGH and HIG i.e. 8 in number.\nThe triangles composed of two components each are HEF, EFG, HFG and EFG i.e. 4 in number.\nThus, there are 8 + 4 = 12 triangles in the figure."}, {"question": "Find the number of triangles in the given figure.", "opta": "8", "optb": "10", "optc": "11", "optd": "12", "ans": "B", "explanation": "The figure may be labelled as shown.\n\nThe simplest triangles are ABG, BCG, CGE, CDE, AGE and AEF i.e. 6 in number.\nThe triangles composed of two components each are ABE, ABC, BCE and ACE i.e. 4 in number.\nThere are 6 + 4 = 10 triangles in the figure."}, {"question": "Find the number of triangles in the given figure.", "opta": "16", "optb": "18", "optc": "14", "optd": "15", "ans": "B", "explanation": "The figure may be labelled as shown.\n\nThe simplest triangles are BFG, CGH, EFM, FMG, GMN, GHN, HNI, LMK, MNK and KNJ i.e. 10 in number.\nThe triangles composed of three components each are FAK and HKD i.e. 2 in number.\nThe triangles composed of four components each are BEN, CMI, GLJ and FHK i.e. 4 in number.\nThe triangles composed of eight components each are BAJ and OLD i.e. 2 in number.\nThus, there are 10 + 2 + 4 + 2 = 18 triangles in the given figure."}, {"question": "Find the number of triangles in the given figure.", "opta": "18", "optb": "20", "optc": "28", "optd": "34", "ans": "C", "explanation": "The figure may be labelled as shown.\n\nThe simplest triangles are AEI, AIH, BEJ, BJF, CFK, CKG, DGL, DLH, EOJ, FOJ, FOG, LOG, HOL and HOE i.e. 14 in number.\nThe triangles composed of two components each are EAH, FBE, BEO, EOF, BFO, FCG, GDH, HOD, HOG and GOD i.e. 10 in number.\nThe triangles composed of three components each are EFH, EHG, FGH and EFG i.e. 4 in number.\nThus, there are 14 + 10 + 4 = 28 triangles in the given figure."}, {"question": "Find the number of triangles in the given figure.", "opta": "20", "optb": "24", "optc": "28", "optd": "32", "ans": "C", "explanation": "The figure may be labelled as shown.\n\nThe simplest triangles are ABG, BIG, BIC, CIH, GIH, CDH, HED, GHJ, HJE, FEJ, GFJ and AGF i.e. 12 in number.\nThe triangles composed of two components each are ABF, CDE, GBC, BCH, GHG, BHG, GHF, GHE, HEF and GEF i.e. 10 in number.\nThe triangles composed of three components each are ABH, AFH, CDG and GDE i.e. 4 in number.\nThe triangles composed of four components each are BHF and CGE i.e. 2 in number.\nTotal number of triangles in the figure = 12 + 10 + 4 + 2 = 28."}, {"question": "Find the minimum number of straight lines required to make the given figure.", "opta": "11", "optb": "14", "optc": "16", "optd": "17", "ans": "B", "explanation": "The figure may be labelled as shown.\n\nThe horizontal lines are AK, BJ, CI, DH and EG i.e. 5 in number.\nThe vertical lines are AE, LF and KG i.e. 3 in number.\nThe slanting lines are LC, CF, FI, LI, EK and AG i.e. 6 in number.\nThus, there are 5 + 3 + 6 = 14 straight lines in the figure."}, {"question": "What is the number of straight lines and the number of triangles in the given figure.", "opta": "10 straight lines and 34 triangles", "optb": "9 straight lines and 34 triangles", "optc": "9 straight lines and 36 triangles", "optd": "10 straight lines and 36 triangles", "ans": "C", "explanation": "The figure may be labelled as shown.\n\nThe Horizontal lines are DF and BC i.e. 2 in number.\nThe Vertical lines are DG, AH and FI i.e. 3 in number.\nThe Slanting lines are AB, AC, BF and DC i.e. 4 in number.\nThus, there are 2 + 3 + 4 = 9 straight lines in the figure.\nNow, we shall count the number of triangles in the figure.\nThe simplest triangles are ADE, AEF, DEK, EFK, DJK, FLK, DJB, FLC, BJG and LIC i.e. 10 in number.\nThe triangles composed of two components each are ADF, AFK, DFK, ADK, DKB, FCK, BKH, KHC, DGB and FIC i.e. 10 in number.\nThe triangles composed of three components each are DFJ and DFL i.e. 2 in number.\nThe triangles composed of four components each are ABK, ACK, BFI, CDG, DFB, DFC and BKC i.e. 7 in number.\nThe triangles composed of six components each are ABH, ACH, ABF, ACD, BFC and CDB i.e. 6 in number.\nThere is only one triangle i.e. ABC composed of twelve components.\nThere are 10 + 10 + 2 + 7 + 6+ 1 = 36 triangles in the figure."}, {"question": "Find the number of triangles in the given figure.", "opta": "28", "optb": "32", "optc": "36", "optd": "40", "ans": "C", "explanation": "The figure may be labelled as shown.\n\nThe simplest triangles are AML, LRK, KWD, DWJ, JXI, IYC, CYH, HTG, GOB, BOF, FNE and EMA i.e. 12 in number.\nThe triangles composed of two components each are AEL, KDJ, HIC and FBG i.e. 4 in number.\nThe triangles composed of three components each are APF, EQB, BQH, GVC, CVJ, IUD, DUL and KPA i.e. 8 in number.\nThe triangles composed of six components each are ASB, BSC, CSD, DSA, AKF, EBH, CGJ and IDL i.e. 8 in number.\nThe triangles composed of twelve components each are ADB, ABC, BCD and CDA i.e. 4 in number.\nTotal number of triangles in the figure = 12 + 4 + 8 + 8 + 4 = 36."}, {"question": "What is the number of triangles that can be formed whose vertices are the vertices of an octagon but have only one side common with that of octagon?", "opta": "64", "optb": "32", "optc": "24", "optd": "16", "ans": "B", "explanation": "When the triangles are drawn in an octagon with vertices same as those of the octagon and having one side common to that of the octagon, the figure will appear as shown in (Fig. 1).\n\nNow, we shall first consider the triangles having only one side AB common with octagon ABCDEFGH and having vertices common with the octagon (See Fig. 2).Such triangles are ABD, ABE, ABF and ABG i.e. 4 in number.\n\nSimilarly, the triangles having only one side BC common with the octagon and also having vertices common with the octagon are BCE, BCF, BCG and BCH (as shown in Fig. 3). i.e. There are 4 such triangles.\nThis way, we have 4 triangles for each side of the octagon. Thus, there are 8 x 4 = 32 such triangles."}, {"question": "Find the number of triangles in the given figure.", "opta": "27", "optb": "25", "optc": "23", "optd": "21", "ans": "A", "explanation": "The figure may be labelled as shown.\n\nThe simplest triangles are GLK, DLJ, DJM, HMN, QRE, IRA, IPA and FPO i.e. 8 in number.\nThe triangles having two components each are BDO, CDQ, DLM, PRA, KFI, NEI, HJI, GJI, DKI and DNI i.e. 10 in number.\nThe triangles having four components each are DIE, DFI, DOA, DQA andGHI i.e. 5 in number.\nThe triangles having six components each are DCA and DBA i.e. 2 in number.\nDEF is the only triangle having eight components.\nABC is the only triangle having twelve components.\nThus, there are 8+10+ 5 + 2+1 + 1 = 27 triangles in the figure."}, {"question": "Find the number of triangles in the given figure.", "opta": "4", "optb": "5", "optc": "6", "optd": "7", "ans": "B", "explanation": "The figure may be labelled as shown.\n\nThe simplest triangles are ADE, BDF, DEF and EFC i.e. 4 in number.\nThere is only one triangle ABC composed of four components.\nThus, there are 4+1 = 5 triangles in the given figure."}, {"question": "Find the number of triangles in the given figure.", "opta": "16", "optb": "18", "optc": "19", "optd": "21", "ans": "D", "explanation": "The figure may be labelled as shown.\n\nThe simplest triangles are EFH, BIC, GHJ, GIJ, EKD and CKD i.e. 6 in number.\nThe triangles composed of two components each are ABJ, AFJ, GCK, GEK, CED arid GHI i.e. 6 in number.\nThe triangles composed of three components each are GCD, GED, DJB and DJF i.e. 4 in number.\nThe triangles composed of four components each are ABF and GCE i.e. 2 in number.\nThe triangles composed of five components each are ABD and AFD i.e. 2 in number.\nThere is only one triangle i.e. FBD composed of six components.\nTotal number of triangles in the figure = 6 + 6 + 4 + 2 + 2 + 1 = 21."}, {"question": "Find the number of triangles in the given figure.", "opta": "11", "optb": "13", "optc": "15", "optd": "17", "ans": "C", "explanation": "The figure may be labelled as shown.\n\nThe simplest triangles are AFB, FEB, EBC, DEC, DFE and AFD i.e. 6 in number.\nThe triangles composed of two components each are AEB, FBC, DFC, ADE, DBE and ABD i.e. 6 in number.\nThe triangles composed of three components each are ADC and ABC i.e. 2 in number.\nThere is only one triangle i.e. DBC which is composed of four components.\nThus, there are 6 + 6 + 2 + 1 = 15 triangles in the figure."}]]}