{"test_questions": [[{"question": "Select a suitable figure from the Answer Figures that would replace the question mark (?).Problem Figures: \u00a0 \u00a0 \u00a0\u00a0 \u00a0 \u00a0 \u00a0 \u00a0 \u00a0 \u00a0 \u00a0 \u00a0 \u00a0 \u00a0 Answer Figures:\u00a0 \u00a0 (A) \u00a0 \u00a0 (B) \u00a0 \u00a0 \u00a0(C) \u00a0 \u00a0 (D) \u00a0 \u00a0 \u00a0 \u00a0 \u00a0 \u00a0 \u00a0 \u00a0 \u00a0(1) \u00a0 \u00a0\u00a0 (2) \u00a0 \u00a0\u00a0 (3) \u00a0 \u00a0\u00a0 (4) \u00a0 \u00a0\u00a0 (5)", "opta": "1", "optb": "2", "optc": "3", "optd": "4", "opte": "5", "ans": "C", "explanation": "The half-shaded leaf rotates 135oACW and the unshaded leaf rotates 135oCW."}, {"question": "Select a suitable figure from the Answer Figures that would replace the question mark (?).Problem Figures: \u00a0 \u00a0 \u00a0\u00a0 \u00a0 \u00a0 \u00a0 \u00a0 \u00a0 \u00a0 \u00a0 \u00a0 \u00a0 \u00a0 Answer Figures:\u00a0 \u00a0 (A) \u00a0 \u00a0 (B) \u00a0 \u00a0 \u00a0(C) \u00a0 \u00a0 (D) \u00a0 \u00a0 \u00a0 \u00a0 \u00a0 \u00a0 \u00a0 \u00a0 \u00a0(1) \u00a0 \u00a0\u00a0 (2) \u00a0 \u00a0\u00a0 (3) \u00a0 \u00a0\u00a0 (4) \u00a0 \u00a0\u00a0 (5)", "opta": "1", "optb": "2", "optc": "3", "optd": "4", "opte": "5", "ans": "A", "explanation": "The upper element is converted to an element similar to the lower elements and each one of the lower elements is converted to an element similar to the upper element."}, {"question": "Select a suitable figure from the Answer Figures that would replace the question mark (?).Problem Figures: \u00a0 \u00a0 \u00a0\u00a0 \u00a0 \u00a0 \u00a0 \u00a0 \u00a0 \u00a0 \u00a0 \u00a0 \u00a0 \u00a0 Answer Figures:\u00a0 \u00a0 (A) \u00a0 \u00a0 (B) \u00a0 \u00a0 \u00a0(C) \u00a0 \u00a0 (D) \u00a0 \u00a0 \u00a0 \u00a0 \u00a0 \u00a0 \u00a0 \u00a0 \u00a0(1) \u00a0 \u00a0\u00a0 (2) \u00a0 \u00a0\u00a0 (3) \u00a0 \u00a0\u00a0 (4) \u00a0 \u00a0\u00a0 (5)", "opta": "1", "optb": "2", "optc": "3", "optd": "4", "opte": "5", "ans": "A", "explanation": "The figure gets vertically inverted."}, {"question": "Select a suitable figure from the Answer Figures that would replace the question mark (?).Problem Figures: \u00a0 \u00a0 \u00a0\u00a0 \u00a0 \u00a0 \u00a0 \u00a0 \u00a0 \u00a0 \u00a0 \u00a0 \u00a0 \u00a0 Answer Figures:\u00a0 \u00a0 (A) \u00a0 \u00a0 (B) \u00a0 \u00a0 \u00a0(C) \u00a0 \u00a0 (D) \u00a0 \u00a0 \u00a0 \u00a0 \u00a0 \u00a0 \u00a0 \u00a0 \u00a0(1) \u00a0 \u00a0\u00a0 (2) \u00a0 \u00a0\u00a0 (3) \u00a0 \u00a0\u00a0 (4) \u00a0 \u00a0\u00a0 (5)", "opta": "1", "optb": "2", "optc": "3", "optd": "4", "opte": "5", "ans": "B", "explanation": "Each one of the upper elements is replaced by an element similar to the lower element(s) and each one of the lower elements is replaced by an element similar to the upper element(s)."}, {"question": "Select a suitable figure from the Answer Figures that would replace the question mark (?).Problem Figures: \u00a0 \u00a0 \u00a0\u00a0 \u00a0 \u00a0 \u00a0 \u00a0 \u00a0 \u00a0 \u00a0 \u00a0 \u00a0 \u00a0 Answer Figures:\u00a0 \u00a0 (A) \u00a0 \u00a0 (B) \u00a0 \u00a0 \u00a0(C) \u00a0 \u00a0 (D) \u00a0 \u00a0 \u00a0 \u00a0 \u00a0 \u00a0 \u00a0 \u00a0 \u00a0(1) \u00a0 \u00a0\u00a0 (2) \u00a0 \u00a0\u00a0 (3) \u00a0 \u00a0\u00a0 (4) \u00a0 \u00a0\u00a0 (5)", "opta": "1", "optb": "2", "optc": "3", "optd": "4", "opte": "5", "ans": "C", "explanation": "Except for the dots, the remaining part of the figure rotates through 180o and shifts to the opposite side of the square boundary."}, {"question": "Select a suitable figure from the Answer Figures that would replace the question mark (?).Problem Figures: \u00a0 \u00a0 \u00a0\u00a0 \u00a0 \u00a0 \u00a0 \u00a0 \u00a0 \u00a0 \u00a0 \u00a0 \u00a0 \u00a0 Answer Figures:\u00a0 \u00a0 (A) \u00a0 \u00a0 (B) \u00a0 \u00a0 \u00a0(C) \u00a0 \u00a0 (D) \u00a0 \u00a0 \u00a0 \u00a0 \u00a0 \u00a0 \u00a0 \u00a0 \u00a0(1) \u00a0 \u00a0\u00a0 (2) \u00a0 \u00a0\u00a0 (3) \u00a0 \u00a0\u00a0 (4) \u00a0 \u00a0\u00a0 (5)", "opta": "1", "optb": "2", "optc": "3", "optd": "4", "opte": "5", "ans": "B", "explanation": "The combination of two symbols placed at the lower-right corner, rotates 90oCW and moves to the Upper-right corner. Also, the combination of two symbols placed at the upper-left corner, moves to the lower-right corner."}, {"question": "Select a suitable figure from the Answer Figures that would replace the question mark (?).Problem Figures: \u00a0 \u00a0 \u00a0\u00a0 \u00a0 \u00a0 \u00a0 \u00a0 \u00a0 \u00a0 \u00a0 \u00a0 \u00a0 \u00a0 Answer Figures:\u00a0 \u00a0 (A) \u00a0 \u00a0 (B) \u00a0 \u00a0 \u00a0(C) \u00a0 \u00a0 (D) \u00a0 \u00a0 \u00a0 \u00a0 \u00a0 \u00a0 \u00a0 \u00a0 \u00a0(1) \u00a0 \u00a0\u00a0 (2) \u00a0 \u00a0\u00a0 (3) \u00a0 \u00a0\u00a0 (4) \u00a0 \u00a0\u00a0 (5)", "opta": "1", "optb": "2", "optc": "3", "optd": "4", "opte": "5", "ans": "A", "explanation": "The figure gets divided into eight equal parts."}, {"question": "Select a suitable figure from the Answer Figures that would replace the question mark (?).Problem Figures: \u00a0 \u00a0 \u00a0\u00a0 \u00a0 \u00a0 \u00a0 \u00a0 \u00a0 \u00a0 \u00a0 \u00a0 \u00a0 \u00a0 Answer Figures:\u00a0 \u00a0 (A) \u00a0 \u00a0 (B) \u00a0 \u00a0 \u00a0(C) \u00a0 \u00a0 (D) \u00a0 \u00a0 \u00a0 \u00a0 \u00a0 \u00a0 \u00a0 \u00a0 \u00a0(1) \u00a0 \u00a0\u00a0 (2) \u00a0 \u00a0\u00a0 (3) \u00a0 \u00a0\u00a0 (4) \u00a0 \u00a0\u00a0 (5)", "opta": "1", "optb": "2", "optc": "3", "optd": "4", "opte": "5", "ans": "E", "explanation": "The inner element enlarges to become the outer element while the outer element reduces in size, turns black and becomes the inner element."}, {"question": "Select a suitable figure from the Answer Figures that would replace the question mark (?).Problem Figures: \u00a0 \u00a0 \u00a0\u00a0 \u00a0 \u00a0 \u00a0 \u00a0 \u00a0 \u00a0 \u00a0 \u00a0 \u00a0 \u00a0 Answer Figures:\u00a0 \u00a0 (A) \u00a0 \u00a0 (B) \u00a0 \u00a0 \u00a0(C) \u00a0 \u00a0 (D) \u00a0 \u00a0 \u00a0 \u00a0 \u00a0 \u00a0 \u00a0 \u00a0 \u00a0(1) \u00a0 \u00a0\u00a0 (2) \u00a0 \u00a0\u00a0 (3) \u00a0 \u00a0\u00a0 (4) \u00a0 \u00a0\u00a0 (5)", "opta": "1", "optb": "2", "optc": "3", "optd": "4", "opte": "5", "ans": "E", "explanation": "The figure rotates through 90oACW and the arrowhead shifts closer to the black circle."}, {"question": "Select a suitable figure from the Answer Figures that would replace the question mark (?).Problem Figures: \u00a0 \u00a0 \u00a0\u00a0 \u00a0 \u00a0 \u00a0 \u00a0 \u00a0 \u00a0 \u00a0 \u00a0 \u00a0 \u00a0 Answer Figures:\u00a0 \u00a0 (A) \u00a0 \u00a0 (B) \u00a0 \u00a0 \u00a0(C) \u00a0 \u00a0 (D) \u00a0 \u00a0 \u00a0 \u00a0 \u00a0 \u00a0 \u00a0 \u00a0 \u00a0(1) \u00a0 \u00a0\u00a0 (2) \u00a0 \u00a0\u00a0 (3) \u00a0 \u00a0\u00a0 (4) \u00a0 \u00a0\u00a0 (5)", "opta": "1", "optb": "2", "optc": "3", "optd": "4", "opte": "5", "ans": "B", "explanation": "The figure gets rotated through 180o."}, {"question": "Select a suitable figure from the Answer Figures that would replace the question mark (?).Problem Figures: \u00a0 \u00a0 \u00a0\u00a0 \u00a0 \u00a0 \u00a0 \u00a0 \u00a0 \u00a0 \u00a0 \u00a0 \u00a0 \u00a0 Answer Figures:\u00a0 \u00a0 (A) \u00a0 \u00a0 (B) \u00a0 \u00a0 \u00a0(C) \u00a0 \u00a0 (D) \u00a0 \u00a0 \u00a0 \u00a0 \u00a0 \u00a0 \u00a0 \u00a0 \u00a0(1) \u00a0 \u00a0\u00a0 (2) \u00a0 \u00a0\u00a0 (3) \u00a0 \u00a0\u00a0 (4) \u00a0 \u00a0\u00a0 (5)", "opta": "1", "optb": "2", "optc": "3", "optd": "4", "opte": "5", "ans": "C", "explanation": "The trapezium gets vertically inverted and move to the middle right position; the pin rotates 90oCW and moves to the lower-right position; the third element rotates 135oACW."}, {"question": "Select a suitable figure from the Answer Figures that would replace the question mark (?).Problem Figures: \u00a0 \u00a0 \u00a0\u00a0 \u00a0 \u00a0 \u00a0 \u00a0 \u00a0 \u00a0 \u00a0 \u00a0 \u00a0 \u00a0 Answer Figures:\u00a0 \u00a0 (A) \u00a0 \u00a0 (B) \u00a0 \u00a0 \u00a0(C) \u00a0 \u00a0 (D) \u00a0 \u00a0 \u00a0 \u00a0 \u00a0 \u00a0 \u00a0 \u00a0 \u00a0(1) \u00a0 \u00a0\u00a0 (2) \u00a0 \u00a0\u00a0 (3) \u00a0 \u00a0\u00a0 (4) \u00a0 \u00a0\u00a0 (5)", "opta": "1", "optb": "2", "optc": "3", "optd": "4", "opte": "5", "ans": "C", "explanation": "The figure rotates 45oACW; the circle changes colour (turns black if initially white and vice-versa). The 'L'-shaped element shifts to the other side of the main figure."}, {"question": "Select a suitable figure from the Answer Figures that would replace the question mark (?).Problem Figures: \u00a0 \u00a0 \u00a0\u00a0 \u00a0 \u00a0 \u00a0 \u00a0 \u00a0 \u00a0 \u00a0 \u00a0 \u00a0 \u00a0 Answer Figures:\u00a0 \u00a0 (A) \u00a0 \u00a0 (B) \u00a0 \u00a0 \u00a0(C) \u00a0 \u00a0 (D) \u00a0 \u00a0 \u00a0 \u00a0 \u00a0 \u00a0 \u00a0 \u00a0 \u00a0(1) \u00a0 \u00a0\u00a0 (2) \u00a0 \u00a0\u00a0 (3) \u00a0 \u00a0\u00a0 (4) \u00a0 \u00a0\u00a0 (5)", "opta": "1", "optb": "2", "optc": "3", "optd": "4", "opte": "5", "ans": "C", "explanation": "The rightmost element enlarges to become the outer element; the leftmost element becomes the inner-lower element and the middle element becomes the inner-upper element."}, {"question": "Select a suitable figure from the Answer Figures that would replace the question mark (?).Problem Figures: \u00a0 \u00a0 \u00a0\u00a0 \u00a0 \u00a0 \u00a0 \u00a0 \u00a0 \u00a0 \u00a0 \u00a0 \u00a0 \u00a0 Answer Figures:\u00a0 \u00a0 (A) \u00a0 \u00a0 (B) \u00a0 \u00a0 \u00a0(C) \u00a0 \u00a0 (D) \u00a0 \u00a0 \u00a0 \u00a0 \u00a0 \u00a0 \u00a0 \u00a0 \u00a0(1) \u00a0 \u00a0\u00a0 (2) \u00a0 \u00a0\u00a0 (3) \u00a0 \u00a0\u00a0 (4) \u00a0 \u00a0\u00a0 (5)", "opta": "1", "optb": "2", "optc": "3", "optd": "4", "opte": "5", "ans": "C", "explanation": "The figure gets laterally inverted."}, {"question": "Select a suitable figure from the Answer Figures that would replace the question mark (?).Problem Figures: \u00a0 \u00a0 \u00a0\u00a0 \u00a0 \u00a0 \u00a0 \u00a0 \u00a0 \u00a0 \u00a0 \u00a0 \u00a0 \u00a0 Answer Figures:\u00a0 \u00a0 (A) \u00a0 \u00a0 (B) \u00a0 \u00a0 \u00a0(C) \u00a0 \u00a0 (D) \u00a0 \u00a0 \u00a0 \u00a0 \u00a0 \u00a0 \u00a0 \u00a0 \u00a0(1) \u00a0 \u00a0\u00a0 (2) \u00a0 \u00a0\u00a0 (3) \u00a0 \u00a0\u00a0 (4) \u00a0 \u00a0\u00a0 (5)", "opta": "1", "optb": "2", "optc": "3", "optd": "4", "opte": "5", "ans": "A", "explanation": "The pentagon gets vertically inverted. The lower half of the black element becomes white and this element moves inside the pentagon and gets attached to its upper end."}, {"question": "Select a suitable figure from the Answer Figures that would replace the question mark (?).Problem Figures: \u00a0 \u00a0 \u00a0\u00a0 \u00a0 \u00a0 \u00a0 \u00a0 \u00a0 \u00a0 \u00a0 \u00a0 \u00a0 \u00a0 Answer Figures:\u00a0 \u00a0 (A) \u00a0 \u00a0 (B) \u00a0 \u00a0 \u00a0(C) \u00a0 \u00a0 (D) \u00a0 \u00a0 \u00a0 \u00a0 \u00a0 \u00a0 \u00a0 \u00a0 \u00a0(1) \u00a0 \u00a0\u00a0 (2) \u00a0 \u00a0\u00a0 (3) \u00a0 \u00a0\u00a0 (4) \u00a0 \u00a0\u00a0 (5)", "opta": "1", "optb": "2", "optc": "3", "optd": "4", "opte": "5", "ans": "D", "explanation": "The arrow moves four spaces (each space is equal to a side of the hexagon) in a CW direction while the line segment and the circle move two spaces in a CW direction."}, {"question": "Select a suitable figure from the Answer Figures that would replace the question mark (?).Problem Figures: \u00a0 \u00a0 \u00a0\u00a0 \u00a0 \u00a0 \u00a0 \u00a0 \u00a0 \u00a0 \u00a0 \u00a0 \u00a0 \u00a0 Answer Figures:\u00a0 \u00a0 (A) \u00a0 \u00a0 (B) \u00a0 \u00a0 \u00a0(C) \u00a0 \u00a0 (D) \u00a0 \u00a0 \u00a0 \u00a0 \u00a0 \u00a0 \u00a0 \u00a0 \u00a0(1) \u00a0 \u00a0\u00a0 (2) \u00a0 \u00a0\u00a0 (3) \u00a0 \u00a0\u00a0 (4) \u00a0 \u00a0\u00a0 (5)", "opta": "1", "optb": "2", "optc": "3", "optd": "4", "opte": "5", "ans": "C", "explanation": "The line segment moves four spaces ACW and the dot moves three spaces ACW."}, {"question": "Select a suitable figure from the Answer Figures that would replace the question mark (?).Problem Figures: \u00a0 \u00a0 \u00a0\u00a0 \u00a0 \u00a0 \u00a0 \u00a0 \u00a0 \u00a0 \u00a0 \u00a0 \u00a0 \u00a0 Answer Figures:\u00a0 \u00a0 (A) \u00a0 \u00a0 (B) \u00a0 \u00a0 \u00a0(C) \u00a0 \u00a0 (D) \u00a0 \u00a0 \u00a0 \u00a0 \u00a0 \u00a0 \u00a0 \u00a0 \u00a0(1) \u00a0 \u00a0\u00a0 (2) \u00a0 \u00a0\u00a0 (3) \u00a0 \u00a0\u00a0 (4) \u00a0 \u00a0\u00a0 (5)", "opta": "1", "optb": "2", "optc": "3", "optd": "4", "opte": "5", "ans": "D", "explanation": "Both the elements move to the adjacent side in a CW direction; the half-arrow rotates 90o ACW; the semi-circular element rotates 90oACW and gets laterally inverted."}, {"question": "Select a suitable figure from the Answer Figures that would replace the question mark (?).Problem Figures: \u00a0 \u00a0 \u00a0\u00a0 \u00a0 \u00a0 \u00a0 \u00a0 \u00a0 \u00a0 \u00a0 \u00a0 \u00a0 \u00a0 Answer Figures:\u00a0 \u00a0 (A) \u00a0 \u00a0 (B) \u00a0 \u00a0 \u00a0(C) \u00a0 \u00a0 (D) \u00a0 \u00a0 \u00a0 \u00a0 \u00a0 \u00a0 \u00a0 \u00a0 \u00a0(1) \u00a0 \u00a0\u00a0 (2) \u00a0 \u00a0\u00a0 (3) \u00a0 \u00a0\u00a0 (4) \u00a0 \u00a0\u00a0 (5)", "opta": "1", "optb": "2", "optc": "3", "optd": "4", "opte": "5", "ans": "C", "explanation": "The figure rotates 90oACW and gets vertically inverted."}, {"question": "Select a suitable figure from the Answer Figures that would replace the question mark (?).Problem Figures: \u00a0 \u00a0 \u00a0\u00a0 \u00a0 \u00a0 \u00a0 \u00a0 \u00a0 \u00a0 \u00a0 \u00a0 \u00a0 \u00a0 Answer Figures:\u00a0 \u00a0 (A) \u00a0 \u00a0 (B) \u00a0 \u00a0 \u00a0(C) \u00a0 \u00a0 (D) \u00a0 \u00a0 \u00a0 \u00a0 \u00a0 \u00a0 \u00a0 \u00a0 \u00a0(1) \u00a0 \u00a0\u00a0 (2) \u00a0 \u00a0\u00a0 (3) \u00a0 \u00a0\u00a0 (4) \u00a0 \u00a0\u00a0 (5)", "opta": "1", "optb": "2", "optc": "3", "optd": "4", "opte": "5", "ans": "B", "explanation": "The figure gets vertically inverted."}, {"question": "Select a suitable figure from the Answer Figures that would replace the question mark (?).Problem Figures: \u00a0 \u00a0 \u00a0\u00a0 \u00a0 \u00a0 \u00a0 \u00a0 \u00a0 \u00a0 \u00a0 \u00a0 \u00a0 \u00a0 Answer Figures:\u00a0 \u00a0 (A) \u00a0 \u00a0 (B) \u00a0 \u00a0 \u00a0(C) \u00a0 \u00a0 (D) \u00a0 \u00a0 \u00a0 \u00a0 \u00a0 \u00a0 \u00a0 \u00a0 \u00a0(1) \u00a0 \u00a0\u00a0 (2) \u00a0 \u00a0\u00a0 (3) \u00a0 \u00a0\u00a0 (4) \u00a0 \u00a0\u00a0 (5)", "opta": "1", "optb": "2", "optc": "3", "optd": "4", "opte": "5", "ans": "A", "explanation": "The black leaf rotates 135oCW and the white leaf rotates 135oACW."}, {"question": "Select a suitable figure from the Answer Figures that would replace the question mark (?).Problem Figures: \u00a0 \u00a0 \u00a0\u00a0 \u00a0 \u00a0 \u00a0 \u00a0 \u00a0 \u00a0 \u00a0 \u00a0 \u00a0 \u00a0 Answer Figures:\u00a0 \u00a0 (A) \u00a0 \u00a0 (B) \u00a0 \u00a0 \u00a0(C) \u00a0 \u00a0 (D) \u00a0 \u00a0 \u00a0 \u00a0 \u00a0 \u00a0 \u00a0 \u00a0 \u00a0(1) \u00a0 \u00a0\u00a0 (2) \u00a0 \u00a0\u00a0 (3) \u00a0 \u00a0\u00a0 (4) \u00a0 \u00a0\u00a0 (5)", "opta": "1", "optb": "2", "optc": "3", "optd": "4", "opte": "5", "ans": "A", "explanation": "The figure rotates 90oCW and the stars disappears."}, {"question": "Select a suitable figure from the Answer Figures that would replace the question mark (?).Problem Figures: \u00a0 \u00a0 \u00a0\u00a0 \u00a0 \u00a0 \u00a0 \u00a0 \u00a0 \u00a0 \u00a0 \u00a0 \u00a0 \u00a0 Answer Figures:\u00a0 \u00a0 (A) \u00a0 \u00a0 (B) \u00a0 \u00a0 \u00a0(C) \u00a0 \u00a0 (D) \u00a0 \u00a0 \u00a0 \u00a0 \u00a0 \u00a0 \u00a0 \u00a0 \u00a0(1) \u00a0 \u00a0\u00a0 (2) \u00a0 \u00a0\u00a0 (3) \u00a0 \u00a0\u00a0 (4) \u00a0 \u00a0\u00a0 (5)", "opta": "1", "optb": "2", "optc": "3", "optd": "4", "opte": "5", "ans": "A", "explanation": "The figure gets vertically inverted and the two vertical lines inside the figure get rotated through 90o."}, {"question": "Select a suitable figure from the Answer Figures that would replace the question mark (?).Problem Figures: \u00a0 \u00a0 \u00a0\u00a0 \u00a0 \u00a0 \u00a0 \u00a0 \u00a0 \u00a0 \u00a0 \u00a0 \u00a0 \u00a0 Answer Figures:\u00a0 \u00a0 (A) \u00a0 \u00a0 (B) \u00a0 \u00a0 \u00a0(C) \u00a0 \u00a0 (D) \u00a0 \u00a0 \u00a0 \u00a0 \u00a0 \u00a0 \u00a0 \u00a0 \u00a0(1) \u00a0 \u00a0\u00a0 (2) \u00a0 \u00a0\u00a0 (3) \u00a0 \u00a0\u00a0 (4) \u00a0 \u00a0\u00a0 (5)", "opta": "1", "optb": "2", "optc": "3", "optd": "4", "opte": "5", "ans": "C", "explanation": "The figure rotates 90oACW and its black inverted image is placed over it."}, {"question": "Select a suitable figure from the Answer Figures that would replace the question mark (?).Problem Figures: \u00a0 \u00a0 \u00a0\u00a0 \u00a0 \u00a0 \u00a0 \u00a0 \u00a0 \u00a0 \u00a0 \u00a0 \u00a0 \u00a0 Answer Figures:\u00a0 \u00a0 (A) \u00a0 \u00a0 (B) \u00a0 \u00a0 \u00a0(C) \u00a0 \u00a0 (D) \u00a0 \u00a0 \u00a0 \u00a0 \u00a0 \u00a0 \u00a0 \u00a0 \u00a0(1) \u00a0 \u00a0\u00a0 (2) \u00a0 \u00a0\u00a0 (3) \u00a0 \u00a0\u00a0 (4) \u00a0 \u00a0\u00a0 (5)", "opta": "1", "optb": "2", "optc": "3", "optd": "4", "opte": "5", "ans": "D", "explanation": "The curved pin rotates 90oACW and moves to the adjacent side (of the square boundary) in a CW direction. The curved arrow rotates 90o ACW and moves to the adjacent side in a CW direction."}, {"question": "Select a suitable figure from the Answer Figures that would replace the question mark (?).Problem Figures: \u00a0 \u00a0 \u00a0\u00a0 \u00a0 \u00a0 \u00a0 \u00a0 \u00a0 \u00a0 \u00a0 \u00a0 \u00a0 \u00a0 Answer Figures:\u00a0 \u00a0 (A) \u00a0 \u00a0 (B) \u00a0 \u00a0 \u00a0(C) \u00a0 \u00a0 (D) \u00a0 \u00a0 \u00a0 \u00a0 \u00a0 \u00a0 \u00a0 \u00a0 \u00a0(1) \u00a0 \u00a0\u00a0 (2) \u00a0 \u00a0\u00a0 (3) \u00a0 \u00a0\u00a0 (4) \u00a0 \u00a0\u00a0 (5)", "opta": "1", "optb": "2", "optc": "3", "optd": "4", "opte": "5", "ans": "C", "explanation": "The figure rotates through 135oACW and is placed inside another figure with one more number of sides."}, {"question": "Select a suitable figure from the Answer Figures that would replace the question mark (?).Problem Figures: \u00a0 \u00a0 \u00a0\u00a0 \u00a0 \u00a0 \u00a0 \u00a0 \u00a0 \u00a0 \u00a0 \u00a0 \u00a0 \u00a0 Answer Figures:\u00a0 \u00a0 (A) \u00a0 \u00a0 (B) \u00a0 \u00a0 \u00a0(C) \u00a0 \u00a0 (D) \u00a0 \u00a0 \u00a0 \u00a0 \u00a0 \u00a0 \u00a0 \u00a0 \u00a0(1) \u00a0 \u00a0\u00a0 (2) \u00a0 \u00a0\u00a0 (3) \u00a0 \u00a0\u00a0 (4) \u00a0 \u00a0\u00a0 (5)", "opta": "1", "optb": "2", "optc": "3", "optd": "4", "opte": "5", "ans": "B", "explanation": "The figure gets laterally inverted and the head of the arrow (the arrowhead may be a 'V' or an arc) gets inverted."}, {"question": "Select a suitable figure from the Answer Figures that would replace the question mark (?).Problem Figures: \u00a0 \u00a0 \u00a0\u00a0 \u00a0 \u00a0 \u00a0 \u00a0 \u00a0 \u00a0 \u00a0 \u00a0 \u00a0 \u00a0 Answer Figures:\u00a0 \u00a0 (A) \u00a0 \u00a0 (B) \u00a0 \u00a0 \u00a0(C) \u00a0 \u00a0 (D) \u00a0 \u00a0 \u00a0 \u00a0 \u00a0 \u00a0 \u00a0 \u00a0 \u00a0(1) \u00a0 \u00a0\u00a0 (2) \u00a0 \u00a0\u00a0 (3) \u00a0 \u00a0\u00a0 (4) \u00a0 \u00a0\u00a0 (5)", "opta": "1", "optb": "2", "optc": "3", "optd": "4", "opte": "5", "ans": "A", "explanation": "The two elements approach each other and get overlapped;"}, {"question": "Select a suitable figure from the Answer Figures that would replace the question mark (?).Problem Figures: \u00a0 \u00a0 \u00a0\u00a0 \u00a0 \u00a0 \u00a0 \u00a0 \u00a0 \u00a0 \u00a0 \u00a0 \u00a0 \u00a0 Answer Figures:\u00a0 \u00a0 (A) \u00a0 \u00a0 (B) \u00a0 \u00a0 \u00a0(C) \u00a0 \u00a0 (D) \u00a0 \u00a0 \u00a0 \u00a0 \u00a0 \u00a0 \u00a0 \u00a0 \u00a0(1) \u00a0 \u00a0\u00a0 (2) \u00a0 \u00a0\u00a0 (3) \u00a0 \u00a0\u00a0 (4) \u00a0 \u00a0\u00a0 (5)", "opta": "1", "optb": "2", "optc": "3", "optd": "4", "opte": "5", "ans": "D", "explanation": "The elements move downwards along the diagonal and the lowermost element moves to the uppermost position. The triangle and the half shaded rectangle get vertically inverted and the pentagon rotates 90oCW."}, {"question": "Select a suitable figure from the Answer Figures that would replace the question mark (?).Problem Figures: \u00a0 \u00a0 \u00a0\u00a0 \u00a0 \u00a0 \u00a0 \u00a0 \u00a0 \u00a0 \u00a0 \u00a0 \u00a0 \u00a0 Answer Figures:\u00a0 \u00a0 (A) \u00a0 \u00a0 (B) \u00a0 \u00a0 \u00a0(C) \u00a0 \u00a0 (D) \u00a0 \u00a0 \u00a0 \u00a0 \u00a0 \u00a0 \u00a0 \u00a0 \u00a0(1) \u00a0 \u00a0\u00a0 (2) \u00a0 \u00a0\u00a0 (3) \u00a0 \u00a0\u00a0 (4) \u00a0 \u00a0\u00a0 (5)", "opta": "1", "optb": "2", "optc": "3", "optd": "4", "opte": "5", "ans": "A", "explanation": "An element similar to but smaller than the outer element appears as the inner element and it hides the parts of the line segments that come under it."}, {"question": "Select a suitable figure from the Answer Figures that would replace the question mark (?).Problem Figures: \u00a0 \u00a0 \u00a0\u00a0 \u00a0 \u00a0 \u00a0 \u00a0 \u00a0 \u00a0 \u00a0 \u00a0 \u00a0 \u00a0 Answer Figures:\u00a0 \u00a0 (A) \u00a0 \u00a0 (B) \u00a0 \u00a0 \u00a0(C) \u00a0 \u00a0 (D) \u00a0 \u00a0 \u00a0 \u00a0 \u00a0 \u00a0 \u00a0 \u00a0 \u00a0(1) \u00a0 \u00a0\u00a0 (2) \u00a0 \u00a0\u00a0 (3) \u00a0 \u00a0\u00a0 (4) \u00a0 \u00a0\u00a0 (5)", "opta": "1", "optb": "2", "optc": "3", "optd": "4", "opte": "5", "ans": "E", "explanation": "All the diagonals of the figure have been drawn."}, {"question": "Select a suitable figure from the Answer Figures that would replace the question mark (?).Problem Figures: \u00a0 \u00a0 \u00a0\u00a0 \u00a0 \u00a0 \u00a0 \u00a0 \u00a0 \u00a0 \u00a0 \u00a0 \u00a0 \u00a0 Answer Figures:\u00a0 \u00a0 (A) \u00a0 \u00a0 (B) \u00a0 \u00a0 \u00a0(C) \u00a0 \u00a0 (D) \u00a0 \u00a0 \u00a0 \u00a0 \u00a0 \u00a0 \u00a0 \u00a0 \u00a0(1) \u00a0 \u00a0\u00a0 (2) \u00a0 \u00a0\u00a0 (3) \u00a0 \u00a0\u00a0 (4) \u00a0 \u00a0\u00a0 (5)", "opta": "1", "optb": "2", "optc": "3", "optd": "4", "opte": "5", "ans": "E", "explanation": "The black leaf rotates 135oACW and the white leaf rotates 135oCW."}, {"question": "Select a suitable figure from the Answer Figures that would replace the question mark (?).Problem Figures: \u00a0 \u00a0 \u00a0\u00a0 \u00a0 \u00a0 \u00a0 \u00a0 \u00a0 \u00a0 \u00a0 \u00a0 \u00a0 \u00a0 Answer Figures:\u00a0 \u00a0 (A) \u00a0 \u00a0 (B) \u00a0 \u00a0 \u00a0(C) \u00a0 \u00a0 (D) \u00a0 \u00a0 \u00a0 \u00a0 \u00a0 \u00a0 \u00a0 \u00a0 \u00a0(1) \u00a0 \u00a0\u00a0 (2) \u00a0 \u00a0\u00a0 (3) \u00a0 \u00a0\u00a0 (4) \u00a0 \u00a0\u00a0 (5)", "opta": "1", "optb": "2", "optc": "3", "optd": "4", "opte": "5", "ans": "E", "explanation": "The figure rotates through 180o and the head of the arrow attached to the main figure, gets inverted."}, {"question": "Select a suitable figure from the Answer Figures that would replace the question mark (?).Problem Figures: \u00a0 \u00a0 \u00a0\u00a0 \u00a0 \u00a0 \u00a0 \u00a0 \u00a0 \u00a0 \u00a0 \u00a0 \u00a0 \u00a0 Answer Figures:\u00a0 \u00a0 (A) \u00a0 \u00a0 (B) \u00a0 \u00a0 \u00a0(C) \u00a0 \u00a0 (D) \u00a0 \u00a0 \u00a0 \u00a0 \u00a0 \u00a0 \u00a0 \u00a0 \u00a0(1) \u00a0 \u00a0\u00a0 (2) \u00a0 \u00a0\u00a0 (3) \u00a0 \u00a0\u00a0 (4) \u00a0 \u00a0\u00a0 (5)", "opta": "1", "optb": "2", "optc": "3", "optd": "4", "opte": "5", "ans": "C", "explanation": "The line segment along one of the sides of the figure moves two spaces ACW (each space is equal to a side of the figure) and the other element moves three spaces CW."}, {"question": "Select a suitable figure from the Answer Figures that would replace the question mark (?).Problem Figures: \u00a0 \u00a0 \u00a0\u00a0 \u00a0 \u00a0 \u00a0 \u00a0 \u00a0 \u00a0 \u00a0 \u00a0 \u00a0 \u00a0 Answer Figures:\u00a0 \u00a0 (A) \u00a0 \u00a0 (B) \u00a0 \u00a0 \u00a0(C) \u00a0 \u00a0 (D) \u00a0 \u00a0 \u00a0 \u00a0 \u00a0 \u00a0 \u00a0 \u00a0 \u00a0(1) \u00a0 \u00a0\u00a0 (2) \u00a0 \u00a0\u00a0 (3) \u00a0 \u00a0\u00a0 (4) \u00a0 \u00a0\u00a0 (5)", "opta": "1", "optb": "2", "optc": "3", "optd": "4", "opte": "5", "ans": "B", "explanation": "The four parts at the outer ends of the figure are lost."}, {"question": "Select a suitable figure from the Answer Figures that would replace the question mark (?).Problem Figures: \u00a0 \u00a0 \u00a0\u00a0 \u00a0 \u00a0 \u00a0 \u00a0 \u00a0 \u00a0 \u00a0 \u00a0 \u00a0 \u00a0 Answer Figures:\u00a0 \u00a0 (A) \u00a0 \u00a0 (B) \u00a0 \u00a0 \u00a0(C) \u00a0 \u00a0 (D) \u00a0 \u00a0 \u00a0 \u00a0 \u00a0 \u00a0 \u00a0 \u00a0 \u00a0(1) \u00a0 \u00a0\u00a0 (2) \u00a0 \u00a0\u00a0 (3) \u00a0 \u00a0\u00a0 (4) \u00a0 \u00a0\u00a0 (5)", "opta": "1", "optb": "2", "optc": "3", "optd": "4", "opte": "5", "ans": "C", "explanation": "One of the arrowheads moves from the lower part to the upper part of the figure above the circle and gets vertically inverted."}, {"question": "Select a suitable figure from the Answer Figures that would replace the question mark (?).Problem Figures: \u00a0 \u00a0 \u00a0\u00a0 \u00a0 \u00a0 \u00a0 \u00a0 \u00a0 \u00a0 \u00a0 \u00a0 \u00a0 \u00a0 Answer Figures:\u00a0 \u00a0 (A) \u00a0 \u00a0 (B) \u00a0 \u00a0 \u00a0(C) \u00a0 \u00a0 (D) \u00a0 \u00a0 \u00a0 \u00a0 \u00a0 \u00a0 \u00a0 \u00a0 \u00a0(1) \u00a0 \u00a0\u00a0 (2) \u00a0 \u00a0\u00a0 (3) \u00a0 \u00a0\u00a0 (4) \u00a0 \u00a0\u00a0 (5)", "opta": "1", "optb": "2", "optc": "3", "optd": "4", "opte": "5", "ans": "C", "explanation": "The figure rotates through 180o."}, {"question": "Select a suitable figure from the Answer Figures that would replace the question mark (?).Problem Figures: \u00a0 \u00a0 \u00a0\u00a0 \u00a0 \u00a0 \u00a0 \u00a0 \u00a0 \u00a0 \u00a0 \u00a0 \u00a0 \u00a0 Answer Figures:\u00a0 \u00a0 (A) \u00a0 \u00a0 (B) \u00a0 \u00a0 \u00a0(C) \u00a0 \u00a0 (D) \u00a0 \u00a0 \u00a0 \u00a0 \u00a0 \u00a0 \u00a0 \u00a0 \u00a0(1) \u00a0 \u00a0\u00a0 (2) \u00a0 \u00a0\u00a0 (3) \u00a0 \u00a0\u00a0 (4) \u00a0 \u00a0\u00a0 (5)", "opta": "1", "optb": "2", "optc": "3", "optd": "4", "opte": "5", "ans": "B", "explanation": "The lower element gets enlarged and becomes the outermost element; the upper element gets slightly enlarged and becomes the middle element and a new element with one more number of sides than the lower element appears as the innermost element."}, {"question": "Select a suitable figure from the Answer Figures that would replace the question mark (?).Problem Figures: \u00a0 \u00a0 \u00a0\u00a0 \u00a0 \u00a0 \u00a0 \u00a0 \u00a0 \u00a0 \u00a0 \u00a0 \u00a0 \u00a0 Answer Figures:\u00a0 \u00a0 (A) \u00a0 \u00a0 (B) \u00a0 \u00a0 \u00a0(C) \u00a0 \u00a0 (D) \u00a0 \u00a0 \u00a0 \u00a0 \u00a0 \u00a0 \u00a0 \u00a0 \u00a0(1) \u00a0 \u00a0\u00a0 (2) \u00a0 \u00a0\u00a0 (3) \u00a0 \u00a0\u00a0 (4) \u00a0 \u00a0\u00a0 (5)", "opta": "1", "optb": "2", "optc": "3", "optd": "4", "opte": "5", "ans": "A", "explanation": "The LHS element becomes a closed figure by combining with three similar elements. The RHS element gets reduced in size, turns black and moves to the centre of the other figure."}, {"question": "Select a suitable figure from the Answer Figures that would replace the question mark (?).Problem Figures: \u00a0 \u00a0 \u00a0\u00a0 \u00a0 \u00a0 \u00a0 \u00a0 \u00a0 \u00a0 \u00a0 \u00a0 \u00a0 \u00a0 Answer Figures:\u00a0 \u00a0 (A) \u00a0 \u00a0 (B) \u00a0 \u00a0 \u00a0(C) \u00a0 \u00a0 (D) \u00a0 \u00a0 \u00a0 \u00a0 \u00a0 \u00a0 \u00a0 \u00a0 \u00a0(1) \u00a0 \u00a0\u00a0 (2) \u00a0 \u00a0\u00a0 (3) \u00a0 \u00a0\u00a0 (4) \u00a0 \u00a0\u00a0 (5)", "opta": "1", "optb": "2", "optc": "3", "optd": "4", "opte": "5", "ans": "B", "explanation": "In the upper and the lower elements, the white part turns black and the black turns white. In the central arrow, one of the arrowheads from the LHS gets laterally inverted and moves to the RHS."}, {"question": "Select a suitable figure from the Answer Figures that would replace the question mark (?).Problem Figures: \u00a0 \u00a0 \u00a0\u00a0 \u00a0 \u00a0 \u00a0 \u00a0 \u00a0 \u00a0 \u00a0 \u00a0 \u00a0 \u00a0 Answer Figures:\u00a0 \u00a0 (A) \u00a0 \u00a0 (B) \u00a0 \u00a0 \u00a0(C) \u00a0 \u00a0 (D) \u00a0 \u00a0 \u00a0 \u00a0 \u00a0 \u00a0 \u00a0 \u00a0 \u00a0(1) \u00a0 \u00a0\u00a0 (2) \u00a0 \u00a0\u00a0 (3) \u00a0 \u00a0\u00a0 (4) \u00a0 \u00a0\u00a0 (5)", "opta": "1", "optb": "2", "optc": "3", "optd": "4", "opte": "5", "ans": "D", "explanation": "The half-arrow rotates 90oACW and gets laterally inverted and moves to the adjacent side of the square boundary in a CW direction. The bent pin rotates 90oACW and moves to the adjacent side of the square boundary in a CW direction."}, {"question": "Select a suitable figure from the Answer Figures that would replace the question mark (?).Problem Figures: \u00a0 \u00a0 \u00a0\u00a0 \u00a0 \u00a0 \u00a0 \u00a0 \u00a0 \u00a0 \u00a0 \u00a0 \u00a0 \u00a0 Answer Figures:\u00a0 \u00a0 (A) \u00a0 \u00a0 (B) \u00a0 \u00a0 \u00a0(C) \u00a0 \u00a0 (D) \u00a0 \u00a0 \u00a0 \u00a0 \u00a0 \u00a0 \u00a0 \u00a0 \u00a0(1) \u00a0 \u00a0\u00a0 (2) \u00a0 \u00a0\u00a0 (3) \u00a0 \u00a0\u00a0 (4) \u00a0 \u00a0\u00a0 (5)", "opta": "1", "optb": "2", "optc": "3", "optd": "4", "opte": "5", "ans": "D", "explanation": "The inner element gets enlarged, rotates 45oCW and becomes the outer element. The outer element reduces in size, gets vertically inverted and becomes the inner element."}, {"question": "Select a suitable figure from the Answer Figures that would replace the question mark (?).Problem Figures: \u00a0 \u00a0 \u00a0\u00a0 \u00a0 \u00a0 \u00a0 \u00a0 \u00a0 \u00a0 \u00a0 \u00a0 \u00a0 \u00a0 Answer Figures:\u00a0 \u00a0 (A) \u00a0 \u00a0 (B) \u00a0 \u00a0 \u00a0(C) \u00a0 \u00a0 (D) \u00a0 \u00a0 \u00a0 \u00a0 \u00a0 \u00a0 \u00a0 \u00a0 \u00a0(1) \u00a0 \u00a0\u00a0 (2) \u00a0 \u00a0\u00a0 (3) \u00a0 \u00a0\u00a0 (4) \u00a0 \u00a0\u00a0 (5)", "opta": "1", "optb": "2", "optc": "3", "optd": "4", "opte": "5", "ans": "C", "explanation": "The two elements interchange positions; the element that reaches the LHS position gets vertically inverted and the element that reaches the RHS position, rotates 90oACW."}, {"question": "Select a suitable figure from the Answer Figures that would replace the question mark (?).Problem Figures: \u00a0 \u00a0 \u00a0\u00a0 \u00a0 \u00a0 \u00a0 \u00a0 \u00a0 \u00a0 \u00a0 \u00a0 \u00a0 \u00a0 Answer Figures:\u00a0 \u00a0 (A) \u00a0 \u00a0 (B) \u00a0 \u00a0 \u00a0(C) \u00a0 \u00a0 (D) \u00a0 \u00a0 \u00a0 \u00a0 \u00a0 \u00a0 \u00a0 \u00a0 \u00a0(1) \u00a0 \u00a0\u00a0 (2) \u00a0 \u00a0\u00a0 (3) \u00a0 \u00a0\u00a0 (4) \u00a0 \u00a0\u00a0 (5)", "opta": "1", "optb": "2", "optc": "3", "optd": "4", "opte": "5", "ans": "B", "explanation": "The figure rotates 90oCW and gets laterally inverted."}, {"question": "Select a suitable figure from the Answer Figures that would replace the question mark (?).Problem Figures: \u00a0 \u00a0 \u00a0\u00a0 \u00a0 \u00a0 \u00a0 \u00a0 \u00a0 \u00a0 \u00a0 \u00a0 \u00a0 \u00a0 Answer Figures:\u00a0 \u00a0 (A) \u00a0 \u00a0 (B) \u00a0 \u00a0 \u00a0(C) \u00a0 \u00a0 (D) \u00a0 \u00a0 \u00a0 \u00a0 \u00a0 \u00a0 \u00a0 \u00a0 \u00a0(1) \u00a0 \u00a0\u00a0 (2) \u00a0 \u00a0\u00a0 (3) \u00a0 \u00a0\u00a0 (4) \u00a0 \u00a0\u00a0 (5)", "opta": "1", "optb": "2", "optc": "3", "optd": "4", "opte": "5", "ans": "A", "explanation": "The existing line segments that join the corners of the squares move to the adjacent corners in an ACW direction and one more line segment appears in the next corner at the ACW-end. The shading inside the innermost square changes from dots to slanting lines."}, {"question": "Select a suitable figure from the Answer Figures that would replace the question mark (?).Problem Figures: \u00a0 \u00a0 \u00a0\u00a0 \u00a0 \u00a0 \u00a0 \u00a0 \u00a0 \u00a0 \u00a0 \u00a0 \u00a0 \u00a0 Answer Figures:\u00a0 \u00a0 (A) \u00a0 \u00a0 (B) \u00a0 \u00a0 \u00a0(C) \u00a0 \u00a0 (D) \u00a0 \u00a0 \u00a0 \u00a0 \u00a0 \u00a0 \u00a0 \u00a0 \u00a0(1) \u00a0 \u00a0\u00a0 (2) \u00a0 \u00a0\u00a0 (3) \u00a0 \u00a0\u00a0 (4) \u00a0 \u00a0\u00a0 (5)", "opta": "1", "optb": "2", "optc": "3", "optd": "4", "opte": "5", "ans": "D", "explanation": "All the arrows reverse their directions."}]]}