{"test_questions": [[{"question": "These maps are used in planning installations of trees, shrubbery, drives, and other garden features:", "opta": "Landscape maps", "optb": "Engineering maps", "optc": "Topographic maps", "optd": "Cadastral maps", "ans": "A", "explanation": "No answer description available for this question. Let us discuss."}, {"question": "These are special installations of stone or concrete marking the locations of points accurately determined by precise surveying:", "opta": "Topographic marks", "optb": "Hatchures", "optc": "Monuments", "optd": "Pillars", "ans": "C", "explanation": "No answer description available for this question. Let us discuss."}, {"question": "These are vertical distances above a common datum, reference plane, or point:", "opta": "Plats", "optb": "Elevations", "optc": "Traverse", "optd": "Profiles", "ans": "B", "explanation": "No answer description available for this question. Let us discuss."}, {"question": "These are lines drawn on a map to locate, in the plan view, points of equal ground elevation:", "opta": "Contours", "optb": "Elevations", "optc": "Profiles", "optd": "Hatchures", "ans": "A", "explanation": "No answer description available for this question. Let us discuss."}, {"question": "These maps are used to plan construction projects that locate construction features so they fit the topography of the area:", "opta": "Subdivision plats", "optb": "Landscape maps", "optc": "Structural topography maps", "optd": "Structure location plans", "ans": "D", "explanation": "No answer description available for this question. Let us discuss."}, {"question": "This type of drawing is created to calculate areas, locate property lines, and locate building projects and facilities:", "opta": "Traverse", "optb": "Contour", "optc": "City map", "optd": "Plat", "ans": "D", "explanation": "No answer description available for this question. Let us discuss."}, {"question": "These are accurately drawn maps of cities and towns showing property lines and other features that control property ownership:", "opta": "Monument maps", "optb": "Cadastral maps", "optc": "City maps", "optd": "Topographic maps", "ans": "B", "explanation": "No answer description available for this question. Let us discuss."}]]}