{"test_questions": [[{"question": "These include taper pins, straight pins, dowel pins, clevis pins, and cotter pins:", "opta": "Bolts", "optb": "General fasteners", "optc": "Machine pins", "optd": "Rivets", "ans": "C", "explanation": "No answer description available for this question. Let us discuss."}, {"question": "The distance a screw thread advances axially in one turn is the:", "opta": "Lead", "optb": "Pitch", "optc": "Turn", "optd": "Crest", "ans": "A", "explanation": "No answer description available for this question. Let us discuss."}, {"question": "The standard number of threads per inch for various diameters is the:", "opta": "Series of thread", "optb": "Lead", "optc": "Major diameter", "optd": "Thread pitch", "ans": "A", "explanation": "No answer description available for this question. Let us discuss."}, {"question": "This type of fit is high quality and is used for the bulk of interchangeable screw thread work:", "opta": "Class 1", "optb": "Class 2", "optc": "Class 3", "optd": "Class 4", "ans": "B", "explanation": "No answer description available for this question. Let us discuss."}, {"question": "This type of thread is a thread on the inside of a member:", "opta": "Basic thread", "optb": "External thread", "optc": "Internal thread", "optd": "Major diameter thread", "ans": "C", "explanation": "No answer description available for this question. Let us discuss."}, {"question": "This is the smallest diameter of a screw thread:", "opta": "Internal thread diameter", "optb": "Minor diameter", "optc": "Major diameter", "optd": "External thread diameter", "ans": "B", "explanation": "No answer description available for this question. Let us discuss."}, {"question": "This is the bottom surface joining the sides of two adjacent threads:", "opta": "Lead", "optb": "Pitch", "optc": "Crest", "optd": "Root", "ans": "D", "explanation": "No answer description available for this question. Let us discuss."}]]}