{"test_questions": [[{"question": "When lettering a CAD drawing, for clarity you should limit the number of fonts to:", "opta": "One", "optb": "Two", "optc": "Three", "optd": "Any number", "ans": "B", "explanation": "No answer description available for this question. Let us discuss."}, {"question": "The primary unit of measurement for engineering drawings and design in the mechanical industries is the:", "opta": "Millimeter", "optb": "Centimeter", "optc": "Meter", "optd": "Kilometer", "ans": "A", "explanation": "No answer description available for this question. Let us discuss."}, {"question": "These units are based on inch-foot and yard measurements:", "opta": "International customary units", "optb": "U.S. metric units", "optc": "U.S. customary units", "optd": "ISO international units", "ans": "C", "explanation": "No answer description available for this question. Let us discuss."}, {"question": "This is how axonometric, oblique, and perspective sketches show objects:", "opta": "Orthographically", "optb": "Pictorially", "optc": "Obliquely", "optd": "Parallel", "ans": "B", "explanation": "No answer description available for this question. Let us discuss."}, {"question": "This type of projection is when projectors are parallel to each other, but are at an angle other than 90 degrees to the plane of projection:", "opta": "Oblique projection", "optb": "Perpendicular projection", "optc": "Aesthetic projection", "optd": "Angular projection", "ans": "A", "explanation": "No answer description available for this question. Let us discuss."}, {"question": "There are two main types of projection:", "opta": "Parallel and Orthographic", "optb": "Station-point and Perspective", "optc": "Parallel and Convergent", "optd": "Perspective and Parallel", "ans": "D", "explanation": "No answer description available for this question. Let us discuss."}]]}