{"test_questions": [[{"question": "In isometric projection, all distances are approximately this percentage of their true size:", "opta": "120 percent", "optb": "80 percent", "optc": "50 percent", "optd": "20 percent", "ans": "B", "explanation": "No answer description available for this question. Let us discuss."}, {"question": "Angles project true size only when the plane containing the angle and plane of projection are this:", "opta": "Adjacent", "optb": "Aligned", "optc": "Perpendicular", "optd": "Parallel", "ans": "D", "explanation": "No answer description available for this question. Let us discuss."}, {"question": "In this type of projection, each of the axes has different ratios of foreshortening:", "opta": "Isometric", "optb": "Dimetric", "optc": "Trimetric", "optd": "Parallel", "ans": "C", "explanation": "No answer description available for this question. Let us discuss."}, {"question": "Lines of an isometric drawing that are not parallel to the isometric axes are called this:", "opta": "Trimetric lines", "optb": "Nonisometric lines", "optc": "Multiview lines", "optd": "Dimetric lines", "ans": "B", "explanation": "No answer description available for this question. Let us discuss."}, {"question": "This type of axonometric drawing has equal foreshortening along two axis directions and a different amount on the third axis:", "opta": "Dimetric", "optb": "Multiview", "optc": "Isometric", "optd": "Trimetric", "ans": "A", "explanation": "No answer description available for this question. Let us discuss."}, {"question": "The edges of a cube in isometric projection make angles of this many degrees with each other:", "opta": "30", "optb": "60", "optc": "90", "optd": "120", "ans": "D", "explanation": "No answer description available for this question. Let us discuss."}]]}