{"test_questions": [[{"question": "Two-point perspective is also known as:", "opta": "Two-view perspective", "optb": "Regular perspective", "optc": "Parallel perspective", "optd": "Angular perspective", "ans": "D", "explanation": "No answer description available for this question. Let us discuss."}, {"question": "This is the intersection of the ground plane with the picture plane:", "opta": "Vanishing point", "optb": "Ground line", "optc": "Station point", "optd": "Horizon", "ans": "B", "explanation": "No answer description available for this question. Let us discuss."}, {"question": "In perspective drawings this is placed between the observer and the object:", "opta": "Vanishing point / horizon", "optb": "Station point", "optc": "Ground line", "optd": "Plane of projection / picture plane", "ans": "D", "explanation": "No answer description available for this question. Let us discuss."}, {"question": "When positioning this feature of perspective projection, the centerline of the cone of visual rays should be directed toward the approximate center of the object:", "opta": "Station point", "optb": "Vanishing point", "optc": "Horizon", "optd": "Ground line", "ans": "A", "explanation": "No answer description available for this question. Let us discuss."}, {"question": "Perspective drawings are classified according to their number of these features:", "opta": "Station points", "optb": "Picture planes", "optc": "Vanishing points", "optd": "Ground lines", "ans": "C", "explanation": "No answer description available for this question. Let us discuss."}]]}