{"test_questions": [[{"question": "In these drawings it is necessary to show cut surfaces and distinguish between adjacent parts:", "opta": "Auxiliary drawings", "optb": "Assembly sections", "optc": "3D assemblies", "optd": "Parts lists", "ans": "B", "explanation": "No answer description available for this question. Let us discuss."}, {"question": "These drawings are given to contractors to perform work or manufacture individual parts:", "opta": "Assembly details", "optb": "3D drawings", "optc": "Working drawings", "optd": "Skeleton assemblies", "ans": "C", "explanation": "No answer description available for this question. Let us discuss."}, {"question": "In working drawings, these show all necessary information not given directly on the drawing with its dimensions and notes:", "opta": "Document strips", "optb": "Portable documents", "optc": "Formatting forms", "optd": "Title and record strips", "ans": "D", "explanation": "No answer description available for this question. Let us discuss."}, {"question": "This should show what changes were made, when, and by whom:", "opta": "Portable document", "optb": "Record of revisions", "optc": "Title form", "optd": "Revision drawings", "ans": "B", "explanation": "No answer description available for this question. Let us discuss."}, {"question": "An accurate record of changes made to released drawings is tracked via this:", "opta": "A revision block", "optb": "The basic title form", "optc": "Working drawings", "optd": "Portable documents", "ans": "A", "explanation": "No answer description available for this question. Let us discuss."}, {"question": "In an assembly section, these parts should have their section lines left out or shown solid black:", "opta": "Bolts", "optb": "All fasteners", "optc": "Thin parts", "optd": "Rivets", "ans": "C", "explanation": "No answer description available for this question. Let us discuss."}, {"question": "These are groups of components of a larger machine:", "opta": "Subassemblies", "optb": "External assemblies", "optc": "Component assemblies", "optd": "Major assemblies", "ans": "A", "explanation": "No answer description available for this question. Let us discuss."}]]}