{"test_questions": [[{"question": "A projection weld is a type of:", "opta": "Resistance weld", "optb": "Arc weld", "optc": "Gas weld", "optd": "Fillet weld", "ans": "A", "explanation": "No answer description available for this question. Let us discuss."}, {"question": "These weld symbols have no arrow-side or other-side significance:", "opta": "Projection or seam weld", "optb": "Back or backing weld", "optc": "Surface or groove weld", "optd": "Flash and upset weld", "ans": "D", "explanation": "No answer description available for this question. Let us discuss."}, {"question": "A back or backing weld is a type of:", "opta": "Groove weld", "optb": "Resistance weld", "optc": "Arc and gas weld", "optd": "Upset weld", "ans": "C", "explanation": "No answer description available for this question. Let us discuss."}, {"question": "Welding drawings are a special type of this kind of drawing:", "opta": "Symbol", "optb": "Perspective", "optc": "Assembly", "optd": "Isometric", "ans": "C", "explanation": "No answer description available for this question. Let us discuss."}, {"question": "Which of the following is one of the basic types of welded joints:", "opta": "T-joint", "optb": "Rear joint", "optc": "Angle joint", "optd": "Groove joint", "ans": "A", "explanation": "No answer description available for this question. Let us discuss."}]]}