{"test_questions": [[{"question": "The top, front, and bottom views align in this manner:", "opta": "Horizontally", "optb": "Vertically", "optc": "According to the planar views", "optd": "Parallel to the frontal plane", "ans": "B", "explanation": "No answer description available for this question. Let us discuss."}, {"question": "If a plane is parallel to the plane of projection, it appears:", "opta": "True size", "optb": "As a line or edge", "optc": "Foreshortened", "optd": "As an oblique surface", "ans": "A", "explanation": "No answer description available for this question. Let us discuss."}, {"question": "This line pattern is composed of three dashes, one long dash on each end with a short dash in the middle:", "opta": "Object", "optb": "Hidden", "optc": "Center", "optd": "Phantom", "ans": "C", "explanation": "No answer description available for this question. Let us discuss."}, {"question": "This is the plane upon which the top view is projected:", "opta": "Horizontal", "optb": "Frontal", "optc": "Profile", "optd": "Base", "ans": "A", "explanation": "No answer description available for this question. Let us discuss."}, {"question": "An advantage of this type of view is that each view shows the object all the way through as if it were transparent:", "opta": "Planar", "optb": "Horizontal", "optc": "Auxiliary", "optd": "Orthographic", "ans": "D", "explanation": "No answer description available for this question. Let us discuss."}, {"question": "This type of surface is tipped to all principal planes of projection and does not appear true size in any standard view:", "opta": "Foreshortened", "optb": "Parallel", "optc": "Orthographic", "optd": "Oblique", "ans": "D", "explanation": "No answer description available for this question. Let us discuss."}]]}