{"test_questions": [[{"question": "This is a conical-shaped recess around a hole, often used to receive a tapered screw head:", "opta": "Boss", "optb": "Spotface", "optc": "Counterbore", "optd": "Countersink", "ans": "D", "explanation": "No answer description available for this question. Let us discuss."}, {"question": "This is an angled surface used on cylinders to make them easier to handle:", "opta": "Fillet", "optb": "Taper", "optc": "Chamfer", "optd": "Lug", "ans": "C", "explanation": "No answer description available for this question. Let us discuss."}, {"question": "These are used to attach parts to a cylinder so they won't turn on it:", "opta": "Lugs and bearings", "optb": "Keyseats and bearings", "optc": "Knurls and keys", "optd": "Keys and keyways/keyseats", "ans": "D", "explanation": "No answer description available for this question. Let us discuss."}, {"question": "This is a flat or rounded tab protruding from a surface, usually to provide a method for attachment:", "opta": "Lug", "optb": "Boss", "optc": "Chamfer", "optd": "Spotface", "ans": "A", "explanation": "No answer description available for this question. Let us discuss."}, {"question": "This is a hollow cylinder that is often used as a protective sleeve or guide or as a bearing:", "opta": "Lug", "optb": "Bushing", "optc": "Chamfer", "optd": "Knurl", "ans": "B", "explanation": "No answer description available for this question. Let us discuss."}, {"question": "This is a rounded exterior blend between surfaces:", "opta": "Fillet", "optb": "Round", "optc": "Taper", "optd": "Chamfer", "ans": "B", "explanation": "No answer description available for this question. Let us discuss."}]]}