{"test_questions": [[{"question": "Using this as a communication and design review tool can help shorten the process and eliminate productivity barriers:", "opta": "Development plans", "optb": "Portable document files", "optc": "The Internet and e-mail", "optd": "Gantt charts", "ans": "C", "explanation": "No answer description available for this question. Let us discuss."}, {"question": "If designs require changes, they should be documented with:", "opta": "Development plans", "optb": "Product proposals", "optc": "Document reviews", "optd": "Engineering change orders", "ans": "D", "explanation": "No answer description available for this question. Let us discuss."}, {"question": "Once a drawing is determined to be complete, the title block is used to document the change from:", "opta": "A draft to a finished drawing", "optb": "A finished to a working drawing", "optc": "An assembly to a finished drawing", "optd": "A working drawing to a draft", "ans": "A", "explanation": "No answer description available for this question. Let us discuss."}, {"question": "Drawings created with commercial software are typically saved as:", "opta": "Rapid prototypes", "optb": "Electronic files", "optc": "Draft drawings", "optd": "Change orders", "ans": "B", "explanation": "No answer description available for this question. Let us discuss."}]]}