{"test_questions": [[{"question": "This type of pipe is commonly used for water, steam, oil, and gas:", "opta": "Wrought iron or copper", "optb": "PVC or steel", "optc": "Steel or wrought iron", "optd": "Copper or PVC", "ans": "C", "explanation": "No answer description available for this question. Let us discuss."}, {"question": "These types of pipes are generally connected with bell and spigot joints or flanged joints:", "opta": "Soil and waste", "optb": "Water and gas", "optc": "Water and steam", "optd": "Gas and soil", "ans": "B", "explanation": "No answer description available for this question. Let us discuss."}, {"question": "When dimensioning piping drawings, you give the lengths of all runs of this type:", "opta": "Straight", "optb": "Angular", "optc": "Filleted", "optd": "Transverse", "ans": "A", "explanation": "No answer description available for this question. Let us discuss."}, {"question": "In this type of drawing, vertical pipes may be revolved into the horizontal plane:", "opta": "Standard view", "optb": "Elevation view", "optc": "Transverse piping", "optd": "Developed piping", "ans": "D", "explanation": "No answer description available for this question. Let us discuss."}, {"question": "This type of drawing shows two lines representing the pipe diameter:", "opta": "Single-line", "optb": "Double-line", "optc": "Standard piping", "optd": "Centerline piping", "ans": "B", "explanation": "No answer description available for this question. Let us discuss."}, {"question": "This is used in applications for nonferrous construction:", "opta": "Copper tubing", "optb": "Steel pipe", "optc": "PVC pipe", "optd": "Iron tubing", "ans": "A", "explanation": "No answer description available for this question. Let us discuss."}, {"question": "This type of pipe is commonly used for water or gas service, and also as soil pipe:", "opta": "PVC", "optb": "Copper", "optc": "Steel", "optd": "Cast-iron", "ans": "D", "explanation": "No answer description available for this question. Let us discuss."}]]}