{"test_questions": [[{"question": "EDM is the acronym for:", "opta": "Enterprise data management", "optb": "Engineering drawing management", "optc": "Enterprise drawing manipulation", "optd": "Engineering data manipulation", "ans": "A", "explanation": "No answer description available for this question. Let us discuss."}, {"question": "Technical drawings typically serve one of three purposes:", "opta": "Visualization, Communication, or Documentation", "optb": "Visualization, Dimensioning, or Documentation", "optc": "Communication, Documentation, or Installation", "optd": "Documentation, Installation, or Engineering", "ans": "A", "explanation": "No answer description available for this question. Let us discuss."}, {"question": "The organized and orderly approach to solving problems is known as the:", "opta": "Engineering process", "optb": "Design process", "optc": "Aesthetic process", "optd": "Functional process", "ans": "B", "explanation": "No answer description available for this question. Let us discuss."}, {"question": "This is the range of digital or hard copy documents that specify the physical function requirements for a product:", "opta": "Product design", "optb": "Product definition", "optc": "Drawing definition", "optd": "Engineering design", "ans": "B", "explanation": "No answer description available for this question. Let us discuss."}, {"question": "PDM is the acronym for:", "opta": "Project drawing management", "optb": "Product drawing manipulation", "optc": "Product data management", "optd": "Project data manipulation", "ans": "C", "explanation": "No answer description available for this question. Let us discuss."}, {"question": "This is a systematic approach that integrates the design and manufacture of products with the goal of optimizing the process:", "opta": "Traditional engineering design", "optb": "The manufacturing process", "optc": "Concurrent design", "optd": "Design for recycling", "ans": "C", "explanation": "No answer description available for this question. Let us discuss."}]]}