{"test_questions": [[{"question": "This allows the designer to conceptualize objects more easily without having to make costly illustrations, models, or prototypes:", "opta": "Computer-aided manufacturing", "optb": "Computer-aided design", "optc": "Computer-aided engineering", "optd": "Computer-aided prototyping", "ans": "B", "explanation": "No answer description available for this question. Let us discuss."}, {"question": "This allows the performance of structures to be analyzed and tested efficiently, accurately, and quickly:", "opta": "Computer-aided manufacturing", "optb": "Computer-aided design", "optc": "Computer-aided engineering", "optd": "Computer-aided prototyping", "ans": "C", "explanation": "No answer description available for this question. Let us discuss."}, {"question": "This type of rapid prototyping system uses a laser to fuse powdered metals, plastics, or ceramics:", "opta": "Fused deposition modeling", "optb": "Stereolithography apparatus", "optc": "Solid ground curing", "optd": "Selective laser sintering", "ans": "D", "explanation": "No answer description available for this question. Let us discuss."}, {"question": "This process recognizes the inherent interrelationships between design and manufacturing:", "opta": "Design for manufacture", "optb": "Design for manufacture and assembly", "optc": "Design for concurrent engineering", "optd": "Design for assembly", "ans": "B", "explanation": "No answer description available for this question. Let us discuss."}, {"question": "Manufacturing may produce these types of products:", "opta": "Discrete or continuous", "optb": "Raw material or parts", "optc": "Machinery or manufactured", "optd": "Processes or operations", "ans": "A", "explanation": "No answer description available for this question. Let us discuss."}, {"question": "Approximately this much of the cost of product development and manufacture is determined at the design stage:", "opta": "40-50%", "optb": "60-75%", "optc": "70-80%", "optd": "75-85%", "ans": "C", "explanation": "No answer description available for this question. Let us discuss."}, {"question": "This is a solid shape that fits inside the mold and forms a hole in a cooled cast metal or molten plastic object:", "opta": "Core", "optb": "Cavity", "optc": "Prototype", "optd": "Hole mold", "ans": "A", "explanation": "No answer description available for this question. Let us discuss."}]]}