{"test_questions": [[{"question": "When lines intersect on a drawing at angles of this many degrees, it is customary not to dimension the angle:", "opta": "360", "optb": "180", "optc": "90", "optd": "45", "ans": "C", "explanation": "No answer description available for this question. Let us discuss."}, {"question": "This is the term for the range of tightness or looseness resulting from the allowances and tolerances in mating parts:", "opta": "Limits", "optb": "Fit", "optc": "Specifications", "optd": "Allowance", "ans": "B", "explanation": "No answer description available for this question. Let us discuss."}, {"question": "This is the measured size of a finished part:", "opta": "Actual size", "optb": "Dimensioned size", "optc": "Production size", "optd": "Basic size", "ans": "A", "explanation": "No answer description available for this question. Let us discuss."}, {"question": "This means that a feature of a finished product contains the maximum amount of material permitted by the toleranced dimensions for that feature:", "opta": "Maximum material condition", "optb": "Machined material condition", "optc": "Maximum machined indication", "optd": "Machine mark indication", "ans": "A", "explanation": "No answer description available for this question. Let us discuss."}, {"question": "This is the theoretically exact size from which limits of size are determined:", "opta": "Actual Size", "optb": "Dimensioned size", "optc": "Production size", "optd": "Basic size", "ans": "D", "explanation": "No answer description available for this question. Let us discuss."}, {"question": "Acceptable parts must not extend beyond this:", "opta": "Boundary limits", "optb": "Hole limits", "optc": "Specification", "optd": "Tolerances", "ans": "A", "explanation": "No answer description available for this question. Let us discuss."}, {"question": "This practice considers an individual part's dimensions and tolerances and that part's relation to its related parts:", "opta": "Applying allowances", "optb": "Geometric dimensioning and tolerancing", "optc": "Creating datum references", "optd": "Angular dimensioning tolerances", "ans": "B", "explanation": "No answer description available for this question. Let us discuss."}]]}