{"test_questions": [[{"question": "Which of the following infection(s) can be diagnosed by the use of polymerase chain reaction?", "opta": "HIV-1 and HIV-2 viruses", "optb": "Hepatitis B virus", "optc": "Mycobacterium tuberculosis", "optd": "All of these", "ans": "D", "explanation": "No answer description available for this question. Let us discuss."}, {"question": "Polymerase chain reaction basically consists of", "opta": "two steps", "optb": "three steps", "optc": "four steps", "optd": "five steps", "ans": "B", "explanation": "No answer description available for this question. Let us discuss."}, {"question": "The PCR/sequencing approach to rRNA is most likely to give information about", "opta": "the species to which the bacteria are most closely related", "optb": "morphology of the bacterium", "optc": "the type of energy metabolism the bacterium has", "optd": "whether the bacterium is motile", "ans": "A", "explanation": "No answer description available for this question. Let us discuss."}, {"question": "The efficiency of amplification in PCR in later cycles is reduced due to", "opta": "reduction in substrate concentration", "optb": "insufficient enzyme and time to synthesize mass quantity of DNA", "optc": "build up of PCR product which competes with primers for hybrid formation", "optd": "all of these", "ans": "D", "explanation": "No answer description available for this question. Let us discuss."}, {"question": "The original enzyme(s) used in PCR reaction is/are known as", "opta": "E. coli DNA polymerase", "optb": "E. coli RNA polymerase", "optc": "Taq polymerase", "optd": "all of these", "ans": "A", "explanation": "No answer description available for this question. Let us discuss."}, {"question": "RNA populations can also be used as PCR templates after reverse transcription into", "opta": "c DNA", "optb": "t RNA", "optc": "m DNA", "optd": "r RNA", "ans": "A", "explanation": "No answer description available for this question. Let us discuss."}, {"question": "The   cloning  step   in   PCR/sequencing  analysis   of microbial communities is necessary for", "opta": "the amplification process", "optb": "preventing contamination by outside DNA", "optc": "separating the different rRNA gene sequences in the mixture", "optd": "none of these", "ans": "C", "explanation": "No answer description available for this question. Let us discuss."}, {"question": "The template for PCR is", "opta": "RNA", "optb": "single stranded DNA", "optc": "double stranded DNA", "optd": "none of these", "ans": "C", "explanation": "No answer description available for this question. Let us discuss."}]]}