{"test_questions": [[{"question": "Which of the following can be identified by milk ring test?", "opta": "Brucellosis", "optb": "Salmonellosis", "optc": "Bovine tuberculosis", "optd": "All of these", "ans": "A", "explanation": "No answer description available for this question. Let us discuss."}, {"question": "For brucellosis, 2 ME agglutination test is used to identify", "opta": "IgG", "optb": "IgM", "optc": "IgA", "optd": "IgE", "ans": "A", "explanation": "No answer description available for this question. Let us discuss."}, {"question": "Human transmission of Brucellae occurs by", "opta": "ingestion of contaminated meat", "optb": "direct contact with animal tissues", "optc": "ingestion of infected milk", "optd": "all of these", "ans": "D", "explanation": "No answer description available for this question. Let us discuss."}, {"question": "Agglutination test for Brucella mainly identifies which class of antibodies?", "opta": "IgG", "optb": "IgM", "optc": "IgA", "optd": "IgE", "ans": "B", "explanation": "No answer description available for this question. Let us discuss."}, {"question": "The most pathogenic Brucella spp for man is", "opta": "B melitensis", "optb": "B abortus", "optc": "B suis", "optd": "B canis", "ans": "A", "explanation": "No answer description available for this question. Let us discuss."}, {"question": "Brucella are", "opta": "Cocci", "optb": "Rods", "optc": "Cocobacilli", "optd": "Very short rods", "ans": "D", "explanation": "No answer description available for this question. Let us discuss."}]]}