{"test_questions": [[{"question": "Which of the following lymphokine(s) is secreted by delayed-type-hypersensitivity cells?", "opta": "Macrophage stimulating factor", "optb": "Migration inhibiting factor", "optc": "Macrophage activating factor", "optd": "All of the above", "ans": "D", "explanation": "No answer description available for this question. Let us discuss."}, {"question": "Which of the following is an example of autoimmune disease?", "opta": "Rheumatoid arthritis", "optb": "Systemic lupus erythematosus", "optc": "Polyarteritis nodosa", "optd": "All of the above", "ans": "D", "explanation": "No answer description available for this question. Let us discuss."}, {"question": "Immunosuppressive agent(s) is/are", "opta": "Cyclosporine", "optb": "Methotrexate", "optc": "Anti-lymphocytic serum", "optd": "All of these", "ans": "D", "explanation": "No answer description available for this question. Let us discuss."}, {"question": "Induction of tolerance mechanism(s) is/are", "opta": "suppression", "optb": "clonal deletion", "optc": "clonal anergy", "optd": "all of these", "ans": "D", "explanation": "No answer description available for this question. Let us discuss."}, {"question": "Lens antigens of the eye are", "opta": "cross-reacting antigens", "optb": "sequestrated antigens", "optc": "neoantigens", "optd": "none of these", "ans": "B", "explanation": "No answer description available for this question. Let us discuss."}, {"question": "Negative phase is observed in", "opta": "secondary humoral response", "optb": "primary humoral response", "optc": "both (a) and (b)", "optd": "none of the above", "ans": "A", "explanation": "No answer description available for this question. Let us discuss."}, {"question": "Method(s) that can be used to detect CMI is/are", "opta": "migration inhibition", "optb": "target cell destruction factor test", "optc": "skin test for delayed hypersensitivity", "optd": "all of the above", "ans": "D", "explanation": "No answer description available for this question. Let us discuss."}, {"question": "In which of the following cell mediated immunity (CMI) participates?", "opta": "Delayed hypersensitivity reaction", "optb": "Graft versus host reaction", "optc": "Allograft rejection", "optd": "All of the above", "ans": "D", "explanation": "No answer description available for this question. Let us discuss."}, {"question": "Overactivity of Th cells may result into", "opta": "autoimmunity", "optb": "optimal antibody response", "optc": "optimal cell-mediated response", "optd": "none of the above", "ans": "A", "explanation": "No answer description available for this question. Let us discuss."}]]}