{"test_questions": [[{"question": "The chief spoilage organisms on smoked fish are", "opta": "molds", "optb": "bacteria", "optc": "both (a) and (b)", "optd": "fungi", "ans": "A", "explanation": "No answer description available for this question. Let us discuss."}, {"question": "A musty or muddy odor of the fish is attributed to", "opta": "the growth of Streptomyces species in the mud at the bottom of the body of water", "optb": "the mud at the bottom of the body of water", "optc": "the growth of Pseudomonas species in the mud at the bottom of the body of water", "optd": "none of the above", "ans": "A", "explanation": "No answer description available for this question. Let us discuss."}, {"question": "In chilled shrimp __________ is chiefly responsible for spoilage.", "opta": "Achromobacter", "optb": "Pseudomonas", "optc": "Micrococcus or Bacillus species", "optd": "Molds or yeasts", "ans": "A", "explanation": "No answer description available for this question. Let us discuss."}, {"question": "Marinated (sour pickled) fish should not have spoilage problems unless", "opta": "the acid content is very high", "optb": "the acid content is low enough", "optc": "the acid content is moderate", "optd": "none of the above", "ans": "B", "explanation": "No answer description available for this question. Let us discuss."}, {"question": "The predominant kind of bacteria causing spoilage in fish at chilling temperature is", "opta": "species of Pseudomonas", "optb": "Micrococcus", "optc": "Bacillus", "optd": "none of these", "ans": "A", "explanation": "No answer description available for this question. Let us discuss."}, {"question": "The bacteria most often involved in the spoilage of fish are", "opta": "part of the natural flora of the external slime of fishes and their intestinal contents", "optb": "part of the natural flora of the internal slime of fishes only", "optc": "both (a) and (b)", "optd": "none of the above", "ans": "A", "explanation": "No answer description available for this question. Let us discuss."}, {"question": "The red or pink color of the fish is generally caused from the growth of", "opta": "Sarcina", "optb": "Micrococcus or Bacillus species", "optc": "Molds or yeasts", "optd": "all of these", "ans": "D", "explanation": "No answer description available for this question. Let us discuss."}, {"question": "At higher temperatures, the souring of Oysters may be the result of the fermentation of sugars by", "opta": "Coliform bacteria", "optb": "Streptococci", "optc": "Lactobacilli and yeast", "optd": "all of these", "ans": "D", "explanation": "No answer description available for this question. Let us discuss."}, {"question": "Normally, due to the holding of the chilled fish", "opta": "Pseudomonas increase in numbers", "optb": "Achromobacters decrease", "optc": "Flavobacteria increase temporarily and then decrease", "optd": "all of the above", "ans": "D", "explanation": "No answer description available for this question. Let us discuss."}]]}