{"test_questions": [[{"question": "Human pathogenic bacteria is/are", "opta": "B pseudomallei", "optb": "Burkholderia mallei", "optc": "Pseudomonas aeruginosa", "optd": "All of these", "ans": "D", "explanation": "No answer description available for this question. Let us discuss."}, {"question": "Which of the following biochemical reaction is characteristic of Pseudomonas aeruginosa?", "opta": "Production of pyocyanin", "optb": "Oxidative utilization of glucose", "optc": "Oxidase production", "optd": "All of these", "ans": "D", "explanation": "No answer description available for this question. Let us discuss."}, {"question": "Pseudomonas aeruginosa can be diagnosed from the pigment, known as", "opta": "Pyocyanin", "optb": "Pyoverdin", "optc": "Pyomelanin", "optd": "Pyorubrin", "ans": "A", "explanation": "No answer description available for this question. Let us discuss."}, {"question": "The most popular method for typing of Pseudomonas aeruginosa is", "opta": "antibiogram", "optb": "serotyping", "optc": "bacteriophage", "optd": "pyocin", "ans": "D", "explanation": "No answer description available for this question. Let us discuss."}, {"question": "Which of the following infection(s) can be caused by Pseudomonas aeruginosa?", "opta": "Urinary tract infection", "optb": "Wound and burn infection", "optc": "Respiratory tract infection", "optd": "All of these", "ans": "D", "explanation": "No answer description available for this question. Let us discuss."}, {"question": "The substance(s) which can be produced by strains of Pseudomonas aeruginosa is/are", "opta": "Exotoxins A and S", "optb": "Elastase", "optc": "Haemolysins", "optd": "All of these", "ans": "D", "explanation": "No answer description available for this question. Let us discuss."}]]}