{"test_questions": [[{"question": "The most important organism involved in manufacture of Koji is", "opta": "Aspergillus oryzae", "optb": "Aspergillus soyae", "optc": "both (a) and (b)", "optd": "Lactobacillus lactis", "ans": "C", "explanation": "No answer description available for this question. Let us discuss."}, {"question": "The most commonly used medium for the build up of cultures and the production of baker's yeast consist of", "opta": "molasses and minerals", "optb": "molasses, minerals and salts", "optc": "molasses", "optd": "molasses, lactose", "ans": "B", "explanation": "No answer description available for this question. Let us discuss."}, {"question": "The manufacture of baker's yeast involve", "opta": "S. cerevisiae", "optb": "S. thermophillus", "optc": "Bacillus subtilis", "optd": "none of these", "ans": "A", "explanation": "No answer description available for this question. Let us discuss."}, {"question": "Which of the following organism is found at the initial stages in the batter of Idli?", "opta": "Leuconostoc mesentroides", "optb": "Aspergillus niger", "optc": "Bacillus natio", "optd": "None of these", "ans": "A", "explanation": "No answer description available for this question. Let us discuss."}, {"question": "Grains spoiled by molds are a potential animal or human health hazard as well as a great economic loss. Which is/are the common species of molds in the spoilage of stored grains by molds?", "opta": "Aspergillus", "optb": "Penicillium", "optc": "Fusarium", "optd": "All of these", "ans": "D", "explanation": "No answer description available for this question. Let us discuss."}, {"question": "Ropiness in bread is caused by", "opta": "Bacillus subtilis", "optb": "A. niger", "optc": "R. nigricans", "optd": "P. expansum", "ans": "A", "explanation": "No answer description available for this question. Let us discuss."}, {"question": "Which of the following (s) is/are the major spoilage of soft drinks from the marked growth of yeasts and bacteria?", "opta": "Cloudiness and ropiness", "optb": "Flat sour spoilage", "optc": "Superficial fungal spoilage", "optd": "Pin-spot molding", "ans": "A", "explanation": "No answer description available for this question. Let us discuss."}, {"question": "Mined salt has been reported to contain about", "opta": "50% Micrococcus, 10% Coryneforms and 14% Bacillus", "optb": "60% Micrococcus, 20% Coryneforms and 14% Bacillus", "optc": "70% Micrococcus, 20% Coryneforms and 4% Bacillus", "optd": "70% Micrococcus, 20% Coryneforms and 10% Bacillus", "ans": "C", "explanation": "No answer description available for this question. Let us discuss."}]]}