{"test_questions": [[{"question": "Which binding is inhibited by pactamycin?", "opta": "Aminoacyl-tRNA to the A-site of 30S subunit", "optb": "Initiator-tRNA to 30S/40S initiation complexes", "optc": "Peptidyl t-RNA to the 50S subunit", "optd": "Formation of peptide bond in P site", "ans": "B", "explanation": "No answer description available for this question. Let us discuss."}, {"question": "Which of the following act as the blueprint or template for the process of protein synthesis that takes place on ribosomes?", "opta": "rRNA", "optb": "DNA", "optc": "tRNA", "optd": "mRNA", "ans": "D", "explanation": "No answer description available for this question. Let us discuss."}, {"question": "Negative regulation of protein synthesis is accomplished by", "opta": "allosteric inhibition", "optb": "the binding of RNA polymerase to the promoter", "optc": "the binding of a repressor to the DNA", "optd": "the binding of a repressor to the RNA polymerase", "ans": "C", "explanation": "No answer description available for this question. Let us discuss."}, {"question": "Site in the ribosome from which the tRNA donates amino acids to the growing polypeptide chain is", "opta": "P site", "optb": "O site", "optc": "T site", "optd": "A site", "ans": "A", "explanation": "No answer description available for this question. Let us discuss."}, {"question": "When was the genetic code completed?", "opta": "1958", "optb": "1952", "optc": "1966", "optd": "1968", "ans": "C", "explanation": "No answer description available for this question. Let us discuss."}, {"question": "Which stop codon has been found to encode selenocysteine?", "opta": "UAA", "optb": "UAG", "optc": "UGA", "optd": "AGA", "ans": "C", "explanation": "No answer description available for this question. Let us discuss."}, {"question": "Which of the following is a nontranslated sequence located between the transcription and the translation start site?", "opta": "Ending frame", "optb": "Leader sequence", "optc": "Trailer sequence", "optd": "Reading frame", "ans": "B", "explanation": "No answer description available for this question. Let us discuss."}, {"question": "Which phage always carries a small piece of E.coli genome?", "opta": "Lambda", "optb": "Mu", "optc": "T4", "optd": "T3", "ans": "B", "explanation": "No answer description available for this question. Let us discuss."}, {"question": "The final step of gene expression is protein synthesis, which is also known as", "opta": "replication", "optb": "translation", "optc": "transcription", "optd": "none of these", "ans": "B", "explanation": "No answer description available for this question. Let us discuss."}, {"question": "What is the maximum number of different amino acids in a polypeptide chain coded by the synthetic polyribonucleotides (UCAG)5?", "opta": "One", "optb": "Two", "optc": "Three", "optd": "Four", "ans": "C", "explanation": "No answer description available for this question. Let us discuss."}, {"question": "What is the direct cause of cell death by diphtheria toxin?", "opta": "Formation of an ion channel in the cell membrane", "optb": "Inactivation of a translational elongation factor", "optc": "Induction of apoptosis", "optd": "None of the above", "ans": "B", "explanation": "No answer description available for this question. Let us discuss."}, {"question": "The development of global regulatory systems in prokaryotes", "opta": "determines the exact location of the cell on the globe", "optb": "aids in DNA replication", "optc": "determines the exact location of the replication site", "optd": "regulates many genes under varying environmental conditions", "ans": "D", "explanation": "No answer description available for this question. Let us discuss."}, {"question": "The interaction between the mRNA and tRNA determined the position of amino acid in a polypeptide sequence. This is called the", "opta": "stagerivity", "optb": "Wobble hypothesis", "optc": "promiscuity", "optd": "adaptor hypothesis", "ans": "D", "explanation": "No answer description available for this question. Let us discuss."}, {"question": "What are the Svedberg values for the subunits of the 70S ribosomes of E. colli?", "opta": "40S and 30S", "optb": "50S and 20S", "optc": "50S and 30S", "optd": "40S and 20S", "ans": "C", "explanation": "No answer description available for this question. Let us discuss."}, {"question": "Which of the following three codons translate as serine (Ser)?", "opta": "AGU", "optb": "CGA", "optc": "CAU", "optd": "AUG", "ans": "A", "explanation": "No answer description available for this question. Let us discuss."}, {"question": "The role of molecular chaperones is to", "opta": "facilitate binding of ribosomes to mRNA", "optb": "degrade newly synthesized polypeptides that contain inaccurate sequences", "optc": "facilitate binding of RNA polymerase to DNA", "optd": "aid a newly synthesized polypeptide in folding to its proper shape", "ans": "D", "explanation": "No answer description available for this question. Let us discuss."}, {"question": "What is the action of tetracycline in prokaryotes?", "opta": "It blocks translocation reaction on ribosomes", "optb": "It blocks peptidyl transferase reaction on ribosomes", "optc": "It blocks the binding of amino-acyl tRNA to the A site of ribosomes", "optd": "Not known with certainity", "ans": "C", "explanation": "No answer description available for this question. Let us discuss."}, {"question": "A quorum sensing system", "opta": "detects a signal from the external environment", "optb": "senses a compound produced by the bacterium itself", "optc": "consists of a sensor component that phosphorylates a regulatory protein", "optd": "controls the activity of ribosomes directly", "ans": "B", "explanation": "No answer description available for this question. Let us discuss."}, {"question": "The Shine-Dalgarno sequence is", "opta": "trailer sequence", "optb": "a stop codon", "optc": "the reading frame of a gene", "optd": "a short sequence that acts as a ribosomal binding site", "ans": "D", "explanation": "No answer description available for this question. Let us discuss."}, {"question": "Which of the following statement is correct?", "opta": "The size and sequence of introns can be deduced from the cDNA sequence", "optb": "Restriction endonuclease can cleave ss and dsDNA both", "optc": "Restriction fragment length polymorphism (RFLP) is usually formed in coding sequence of a gene", "optd": "Amino acid sequence of a protein can be deduced from corresponding cDNA nucleotide", "ans": "D", "explanation": "No answer description available for this question. Let us discuss."}, {"question": "What was the first bacterial genome to be sequenced and made public?", "opta": "Bacillus subtilis", "optb": "Escherichia coli", "optc": "Haemophilus influenzae", "optd": "No bacterial genome has been sequenced yet", "ans": "C", "explanation": "No answer description available for this question. Let us discuss."}, {"question": "Which of the following modified amino acid is used at the starting of most prokaryotic proteins?", "opta": "N-formylserine", "optb": "N-formylmethionine", "optc": "N-formylleucine", "optd": "N-formylalanine", "ans": "B", "explanation": "No answer description available for this question. Let us discuss."}, {"question": "During amino acid activation a(n)", "opta": "amino acid is bound to tRNA", "optb": "amino acid is bound to mRNA", "optc": "methyl group is attached to rRNA", "optd": "methyl group is attached to an amino acid", "ans": "A", "explanation": "No answer description available for this question. Let us discuss."}, {"question": "The nonsense codon(s) is/are", "opta": "UAG", "optb": "UAA", "optc": "UGA", "optd": "all of these", "ans": "D", "explanation": "No answer description available for this question. Let us discuss."}, {"question": "Which of the following defines an open reading frame (ORF)?", "opta": "A sequence of genome in bacteriophage", "optb": "The sequence of a complete genome", "optc": "A plasmid vector used in genome sequencing", "optd": "A possible gene predicted by DNA sequencing", "ans": "D", "explanation": "No answer description available for this question. Let us discuss."}, {"question": "Three stop codons, which aids in termination of translation are also known as", "opta": "pause codons", "optb": "nonsense codons", "optc": "missense codons", "optd": "antisense codons", "ans": "B", "explanation": "No answer description available for this question. Let us discuss."}, {"question": "The ribosome binding site", "opta": "forms a stem-loop structure in the RNA", "optb": "is located upstream of the promoter sequence", "optc": "is located immediately upstream of the start codon", "optd": "is more likely to be associated with an operon than with a gene encoding a single protein", "ans": "C", "explanation": "No answer description available for this question. Let us discuss."}, {"question": "Which of the following molecule catalyzes the transpeptidation reaction?", "opta": "RNA polymerase", "optb": "Peptidyl transferase", "optc": "DNA ligase", "optd": "DNA polymerase", "ans": "B", "explanation": "No answer description available for this question. Let us discuss."}, {"question": "Which of the termination codon is called amber?", "opta": "UAA", "optb": "UAG", "optc": "UGA", "optd": "AUG", "ans": "B", "explanation": "No answer description available for this question. Let us discuss."}]]}