{"test_questions": [[{"question": "Which of the following viral infections is associated with the development of hydrophobia?", "opta": "Rabies", "optb": "Influenza", "optc": "Polio", "optd": "Hepatitis", "ans": "A", "explanation": "No answer description available for this question. Let us discuss."}, {"question": "Which of the following viruses is star-shaped in outline and transmitted by the faecal-oral route?", "opta": "Astrovirus", "optb": "Calicivirus", "optc": "Hepatitis E virus", "optd": "Hepatitis D virus", "ans": "A", "explanation": "No answer description available for this question. Let us discuss."}, {"question": "What is the shape of rabies virus?", "opta": "Spherical", "optb": "Polygonal", "optc": "Bullet-shaped", "optd": "Tubular", "ans": "C", "explanation": "No answer description available for this question. Let us discuss."}, {"question": "The species of animals which is most susceptible to rabies infection is", "opta": "dog", "optb": "cat", "optc": "fowl", "optd": "cow", "ans": "B", "explanation": "No answer description available for this question. Let us discuss."}, {"question": "Which of the following clinical specimens can be used for the demonstration of rabies antigen by direct immunofluorescence antemortem?", "opta": "Salivary smears", "optb": "Corneal smears", "optc": "Conjunctival smears", "optd": "All of these", "ans": "D", "explanation": "No answer description available for this question. Let us discuss."}, {"question": "The mode of transmission of hepatitis E is through", "opta": "infected syringes and needles", "optb": "faecally contaminated drinking water", "optc": "sexual intercourse", "optd": "none of these", "ans": "B", "explanation": "No answer description available for this question. Let us discuss."}, {"question": "Which of the following viral agents can cause diarrhea?", "opta": "Rotaviruses", "optb": "Norwalk virus", "optc": "Astroviruses", "optd": "All of these", "ans": "D", "explanation": "No answer description available for this question. Let us discuss."}, {"question": "The virus(es) which has club-shaped peplomers and infects the respiratory tract is/are", "opta": "Coronavirus               '", "optb": "Astroviruses", "optc": "Norwalk agent", "optd": "All of these", "ans": "A", "explanation": "No answer description available for this question. Let us discuss."}]]}