{"test_questions": [[{"question": "McFadyean's reaction is employed for the presumptive diagnosis of", "opta": "anthrax", "optb": "tetanus", "optc": "typhoid", "optd": "all of these", "ans": "A", "explanation": "No answer description available for this question. Let us discuss."}, {"question": "The bacteria, used to examine the efficacy of autoclave, is", "opta": "B polymyxa", "optb": "B brevis", "optc": "Bacillus stearothermophilus", "optd": "B megaterium", "ans": "C", "explanation": "No answer description available for this question. Let us discuss."}, {"question": "Antibodies to which of the following antigens of Bacillus anthracis are protective?", "opta": "Capsular polypeptide", "optb": "Somatic polysaccharide", "optc": "Anthrax toxin", "optd": "None of these", "ans": "C", "explanation": "No answer description available for this question. Let us discuss."}, {"question": "The test(s) which can be used to differentiate anthrax bacilli from anthracoid bacilli is/are", "opta": "presence of medusa-head colony", "optb": "presence of capsule", "optc": "susceptibility to gamma phage", "optd": "all of these", "ans": "D", "explanation": "No answer description available for this question. Let us discuss."}, {"question": "Medusa head appearance of the colonies may be due to", "opta": "Bacillus anthracis", "optb": "Proteus mirabilis", "optc": "Clostridium tetani", "optd": "Pseudomonas aeruginosa", "ans": "A", "explanation": "No answer description available for this question. Let us discuss."}, {"question": "Food most often associated with emetic type of food poisoning caused by Bacillus cereus, is", "opta": "Meat", "optb": "Rice", "optc": "Milk", "optd": "Eggs", "ans": "B", "explanation": "No answer description available for this question. Let us discuss."}, {"question": "Koch's postulates were satisfied for the first time with", "opta": "Clostridium tetani", "optb": "Corynebacterium diphtheriae", "optc": "Bacillus anthracis", "optd": "Salmonella typhi", "ans": "C", "explanation": "No answer description available for this question. Let us discuss."}, {"question": "Ascoli's thermoprecipition test helps in confirming the laboratory diagnosis of", "opta": "tetanus", "optb": "anthrax", "optc": "typhoid", "optd": "cholera", "ans": "B", "explanation": "No answer description available for this question. Let us discuss."}]]}